-9.260635,-2.464950
-12.435074,-4.624346
-15.608324,-6.785487
-18.780476,-8.948241
-21.951620,-11.112472
-25.121845,-13.278050
-28.291241,-15.444840
-31.459900,-17.612708
-34.627911,-19.781524
-37.795364,-21.951154
-40.962351,-24.121464
-44.128962,-26.292323
-47.295288,-28.463597
-50.461419,-30.635154
-53.627448,-32.806863
-56.793464,-34.978590
-59.959558,-37.150203
-63.125820,-39.321568
-66.292344,-41.492556
-69.459218,-43.663031
-72.626534,-45.832861
-75.794381,-48.001915
-78.962851,-50.170059
-82.132036,-52.337160
-85.302021,-54.503087
-88.472902,-56.667704
-91.644765,-58.830881
-94.817702,-60.992483
-97.991802,-63.152377
-101.167154,-65.310430
-104.343848,-67.466507
-107.521972,-69.620475
-110.701615,-71.772202
-113.882865,-73.921549
-117.065811,-76.068386
-120.250540,-78.212576
-123.437140,-80.353985
-126.625696,-82.492480
-129.816289,-84.627936
-133.008992,-86.760234
-136.203884,-88.889252
-139.401040,-91.014869
-142.600534,-93.136963
-145.802443,-95.255413
-149.006840,-97.370097
-152.213801,-99.480892
-155.423397,-101.587676
-158.635704,-103.690327
-161.850793,-105.788719
-165.068737,-107.882731
-168.289608,-109.972238
-171.513478,-112.057116
-174.740416,-114.137240
-177.970493,-116.212488
-181.203780,-118.282732
-184.440340,-120.347852
-187.680234,-122.407741
-190.923515,-124.462291
-194.170257,-126.511370
-197.420554,-128.554801
-200.674375,-130.592619
-203.931436,-132.625253
-207.191356,-134.653297
-210.453746,-136.677369
-213.719729,-138.695635
-217.001425,-140.688181
-220.328686,-142.603536
-223.724485,-144.394408
-227.202797,-146.018922
-230.772095,-147.431981
-234.434166,-148.583004
-238.178921,-149.425003
-241.986020,-149.905801
-245.821909,-149.959728
-249.628380,-149.500622
-253.317470,-148.461364
-256.733780,-146.738550
-259.691849,-144.287852
-262.025958,-141.262787
-263.552650,-137.737555
-264.449422,-134.009863
-264.758704,-130.186333
-264.562278,-126.353892
-263.918217,-122.571249
-262.919397,-118.865268
-261.656461,-115.240599
-260.224795,-111.678862
-258.701139,-108.155180
-257.128521,-104.652756
-255.529451,-101.162339
-253.911068,-97.680839
-252.274235,-94.207972
-250.619118,-90.743782
-248.945838,-87.288328
-247.254526,-83.841665
-245.545305,-80.403847
-243.818302,-76.974928
-242.073639,-73.554961
-240.311437,-70.143998
-238.531816,-66.742092
-236.734897,-63.349291
-234.920798,-59.965644
-233.089553,-56.591246
-231.241082,-53.226255
-229.375288,-49.870838
-227.492078,-46.525163
-225.591361,-43.189404
-223.673047,-39.863735
-221.737045,-36.548329
-219.783269,-33.243367
-217.811631,-29.949029
-215.822046,-26.665502
-213.814429,-23.392966
-211.788700,-20.131612
-209.744775,-16.881631
-207.682576,-13.643214
-205.602024,-10.416558
-203.503042,-7.201860
-201.385555,-3.999321
-199.249490,-0.809143
-197.094775,2.368468
-194.921337,5.533301
-192.729113,8.685151
-190.518016,11.823789
-188.287857,14.948913
-186.038368,18.060152
-183.769289,21.157133
-181.480366,24.239476
-179.171348,27.306793
-176.841989,30.358694
-174.492052,33.394776
-172.121301,36.414635
-169.729509,39.417857
-167.316458,42.404022
-164.881910,45.372689
-162.425478,48.323271
-159.946482,51.254918
-157.444696,54.167147
-154.921794,57.061111
-152.381056,59.939414
-149.824837,62.803967
-147.252972,65.654489
-144.664165,68.489637
-142.057763,71.308618
-139.433708,74.111179
-136.792126,76.897225
-134.133418,79.666934
-131.458156,82.420658
-128.766902,85.158753
-126.060204,87.881586
-123.338608,90.589528
-120.602649,93.282957
-117.852854,95.962260
-115.089744,98.627828
-112.313833,101.280065
-109.525625,103.919368
-106.725636,106.546172
-103.914529,109.161074
-101.093083,111.764816
-98.262069,114.358154
-95.422250,116.941847
-92.574381,119.516664
-89.719211,122.083383
-86.857480,124.642785
-83.989924,127.195660
-81.117274,129.742802
-78.240257,132.285009
-75.359589,134.823080
-72.475966,137.357792
-69.590069,139.889913
-66.702575,142.420216
-63.814164,144.949470
-60.925512,147.478451
-58.037299,150.007932
-55.150202,152.538686
-52.264899,155.071486
-49.382071,157.607103
-46.502404,160.146308
-43.626580,162.689866
-40.755291,165.238542
-37.889230,167.793095
-35.029095,170.354282
-32.175590,172.922852
-29.329478,175.499611
-26.491774,178.085629
-23.663530,180.681992
-20.845154,183.289063
-18.036797,185.906921
-15.238592,188.535619
-12.450679,191.175223
-9.673534,193.826151
-6.908621,196.489840
-4.158216,199.168509
-1.424696,201.864407
1.289754,204.579501
3.983167,207.315468
6.653607,210.073859
9.299098,212.856186
11.917619,215.663908
14.507072,218.498456
17.065498,221.361038
19.591294,224.252454
22.082977,227.173318
24.539002,230.124226
26.957757,233.105755
29.337651,236.118396
31.678234,239.161682
33.980613,242.233957
36.246389,245.333300
38.477441,248.457718
40.678042,251.603709
42.854445,254.766576
45.011880,257.942420
47.155686,261.127460
49.292179,264.317362
51.427224,267.508095
53.568522,270.694637
55.732903,273.865709
57.944031,277.004336
60.220348,280.095920
62.569092,283.132820
64.991843,286.110956
67.493327,289.023248
70.083338,291.857076
72.771691,294.597737
75.562763,297.233698
78.454440,299.758885
81.441025,302.171054
84.515936,304.469592
87.671602,306.655975
90.900421,308.732844
94.195277,310.703308
97.549529,312.570903
100.956855,314.339846
104.411339,316.014867
107.907714,317.600643
111.441660,319.100873
115.009514,320.518592
118.607003,321.859383
122.228833,323.133000
125.869926,324.350461
129.525877,325.522586
133.192677,326.660306
136.866749,327.774317
140.545202,328.873839
144.225544,329.967048
147.905323,331.062171
151.582059,332.167482
155.253206,333.291212
158.916111,334.441521
162.567959,335.626442
166.205746,336.853846
169.826176,338.131508
173.425888,339.466328
177.002436,340.861972
180.554451,342.318924
184.080988,343.836523
187.581465,345.413334
191.055428,347.047756
194.502552,348.738054
197.922864,350.481978
201.316818,352.276666
204.684987,354.119295
208.028033,356.007131
211.346680,357.937536
214.641835,359.907779
217.914920,361.914479
221.167723,363.953895
224.402164,366.022312
227.620454,368.115765
230.825097,370.230042
234.018011,372.362004
237.199876,374.510444
240.370901,376.674856
243.531462,378.854513
246.682267,381.048247
249.824137,383.254760
252.957831,385.472869
256.084103,387.701425
259.203721,389.939287
262.317464,392.185317
265.426116,394.438387
268.530474,396.697373
271.631336,398.961152
274.729509,401.228611
277.825803,403.498635
280.921031,405.770114
284.016005,408.041937
287.111540,410.312995
290.208449,412.582181
293.307543,414.848381
296.409628,417.110486
299.515506,419.367378
302.625973,421.617941
305.741818,423.861053
308.863823,426.095586
311.992756,428.320404
315.129376,430.534370
318.274396,432.736388
321.428465,434.925425
324.592219,437.100441
327.766279,439.260390
330.951252,441.404214
334.147729,443.530844
337.356288,445.639202
340.577487,447.728196
343.811868,449.796724
347.059949,451.843665
350.322236,453.867891
353.599059,455.868502
356.890437,457.845076
360.196325,459.797277
363.516688,461.724752
366.851475,463.627156
370.200777,465.503881
373.564986,467.353753
376.944175,469.176125
380.337735,470.971593
383.744969,472.740978
387.165232,474.485042
390.598019,476.204330
394.042970,477.899118
397.499737,479.569674
400.967982,481.216272
404.447375,482.839183
407.937590,484.438687
411.438311,486.015067
414.949227,487.568610
418.470032,489.099610
422.000429,490.608357
425.540123,492.095156
429.088753,493.560501
432.645845,495.005192
436.210922,496.430061
439.783527,497.835945
443.363220,499.223688
446.949569,500.594138
450.542158,501.948146
454.140581,503.286570
457.744448,504.610271
461.353373,505.920115
464.966986,507.216973
468.584913,508.501746
472.206781,509.775367
475.832225,511.038773
479.460888,512.292905
483.092420,513.538706
486.726475,514.777125
490.362707,516.009140
494.000743,517.235819
497.640183,518.458327
501.280637,519.677803
504.921837,520.895057
508.563687,522.110369
512.206179,523.323753
515.849315,524.535204
519.493024,525.744929
523.137093,526.953570
526.781298,528.161801
530.425578,529.369807
534.069926,530.577606
537.714341,531.785204
541.358822,532.992604
545.003365,534.199816
548.647969,535.406840
552.292633,536.613686
555.937355,537.820358
559.582133,539.026861
563.226965,540.233200
566.871848,541.439381
570.516782,542.645410
574.161766,543.851292
577.806796,545.057033
581.451870,546.262637
585.096988,547.468112
588.742148,548.673461
592.387347,549.878690
596.032583,551.083805
599.677856,552.288812
603.323162,553.493716
606.968500,554.698522
610.613870,555.903236
614.259268,557.107863
617.904693,558.312409
621.550142,559.516879
625.195615,560.721278
628.841111,561.925610
632.486628,563.129878
636.132166,564.334082
639.777723,565.538227
643.423299,566.742315
647.068893,567.946348
650.714504,569.150329
654.360133,570.354260
658.005775,571.558145
661.651433,572.761985
665.297105,573.965784
668.942789,575.169543
672.588486,576.373265
676.234194,577.576953
679.879912,578.780611
683.525641,579.984239
687.171377,581.187840
690.817121,582.391418
694.462873,583.594975
698.108632,584.798513
701.754394,586.002035
705.400161,587.205542
709.045932,588.409039
712.691706,589.612528
716.337482,590.816011
719.983259,592.019491
723.629036,593.222969
727.274813,594.426450
730.920588,595.629935
734.566361,596.833428
738.212130,598.036929
741.857896,599.240443
745.503657,600.443972
749.149412,601.647517
752.795160,602.851083
756.440902,604.054670
760.086634,605.258283
763.732358,606.461924
767.378072,607.665595
771.023775,608.869298
774.669467,610.073036
778.315146,611.276812
781.960811,612.480629
785.606463,613.684488
789.252100,614.888393
792.897720,616.092346
796.543324,617.296350
800.188910,618.500407
803.834478,619.704519
807.480027,620.908690
811.125556,622.112922
814.771063,623.317217
818.416549,624.521579
822.062013,625.726008
825.707451,626.930509
829.352866,628.135084
832.998256,629.339735
836.643620,630.544465
840.288957,631.749277
843.934267,632.954171
847.579548,634.159154
851.224799,635.364225
854.870020,636.569387
858.515209,637.774645
862.160367,638.979998
865.805492,640.185451
869.450583,641.391007
873.095639,642.596667
876.740661,643.802433
880.385645,645.008309
884.030594,646.214298
887.675504,647.420401
891.320394,648.626562
894.965357,649.832506
898.610510,651.037873
902.255900,652.242523
905.901551,653.446385
909.547484,654.649388
913.193724,655.851463
916.840306,657.052506
920.488038,658.250088
924.140421,659.433325
927.802014,660.587662
931.476748,661.699431
935.170420,662.746512
938.888062,663.704855
942.632875,664.550619
946.405557,665.261612
950.204027,665.818187
954.023870,666.200578
957.858102,666.388396
961.696698,666.360716
965.526114,666.095817
969.328488,665.571088
973.080937,664.764003
976.754758,663.652961
980.314846,662.219738
983.723544,660.456737
986.954488,658.384652
990.008324,656.058913
992.910339,653.545887
995.702810,650.911705
998.437124,648.217131
1001.157490,645.507637
1003.895821,642.816200
1006.679905,640.172692
1009.545265,637.617660
1012.538164,635.213957
1015.693337,633.028429
1019.015906,631.107057
1022.492640,629.481223
1026.099786,628.170161
1029.806200,627.173493
1033.580253,626.473914
1037.394237,626.042421
1041.227428,625.844993
1045.066469,625.858041
1048.899800,626.073411
1052.716591,626.485010
1056.509459,627.078510
1060.274089,627.831764
1064.008850,628.720921
1067.714860,629.723229
1071.395302,630.815841
1075.055010,631.975981
1078.700237,633.180912
1082.338113,634.407870
1085.976250,635.634063
1089.622310,636.836489
1093.283366,637.992385
1096.965076,639.080625
1100.671471,640.081510
1104.405150,640.975152
1108.167024,641.741201
1111.956007,642.358996
1115.768688,642.807372
1119.598896,643.064711
1123.437389,643.109118
1127.271294,642.918467
1131.083543,642.470390
1134.852070,641.741056
1138.548372,640.707206
1142.145203,639.367633
1145.627449,637.752685
1148.990417,635.902095
1152.236442,633.853743
1155.367237,631.632487
1158.379862,629.252841
1161.272737,626.729139
1164.050209,624.078863
1166.720773,621.320761
1169.295562,618.473058
1171.788422,615.553300
1174.214940,612.578123
1176.592044,609.563334
1178.936928,606.523404
1181.261708,603.467991
1183.575169,600.403987
1185.885937,597.337979
1188.197127,594.272290
1190.508976,591.207097
1192.821521,588.142429
1195.134799,585.078315
1197.448849,582.014784
1199.763707,578.951864
1202.079414,575.889585
1204.396006,572.827974
1206.713521,569.767064
1209.031996,566.706879
1211.351471,563.647452
1213.671980,560.588811
1215.993565,557.530986
1218.316257,554.474002
1220.640058,551.417860
1222.964946,548.362545
1225.290895,545.308038
1227.617881,542.254321
1229.945881,539.201376
1232.274868,536.149186
1234.604821,533.097732
1236.935715,530.046996
1239.267526,526.996961
1241.600228,523.947608
1243.933799,520.898920
1246.268214,517.850879
1248.603450,514.803465
1250.939483,511.756664
1253.276288,508.710452
1255.613841,505.664817
1257.952118,502.619737
1260.291095,499.575195
1262.630747,496.531171
1264.971051,493.487650
1267.311980,490.444606
1269.653521,487.402036
1271.995695,484.359952
1274.336874,481.317085
1276.669074,478.267333
1278.980276,475.201705
1281.258994,472.111897
1283.488272,468.986206
1285.646087,465.810804
1287.710527,462.573992
1289.659897,459.266569
1291.470990,455.881583
1293.119808,452.414740
1294.584439,448.866110
1295.845944,445.240640
1296.885517,441.545606
1297.685597,437.791839
1298.228225,433.992720
1298.473783,430.162315
1298.375071,426.325009
1297.912968,422.514827
1297.092735,418.765317
1295.933189,415.106386
1294.451625,411.565886
1292.657371,408.173412
1290.556071,404.962239
1288.152117,401.971019
1285.452408,399.243877
1282.468625,396.831072
1279.222104,394.786024
1275.754103,393.143971
1272.119098,391.914786
1268.369017,391.101575
1264.552110,390.706426
1260.714745,390.732895
1256.903589,391.182114
1253.161189,392.032944
1249.518420,393.241372
1245.994991,394.763243
1242.603584,396.560446
1239.352717,398.601246
1236.247084,400.857160
1233.287771,403.302061
1230.472961,405.912191
1227.798872,408.666467
1225.260648,411.546574
1222.852285,414.536215
1220.566594,417.620726
1218.395547,420.787031
1216.329705,424.022989
1214.356588,427.316317
1212.461323,430.655057
1210.628336,434.028404
1208.841431,437.426396
1207.083893,440.839685
1205.338500,444.259202
1203.587742,447.675971
1201.814247,451.080993
1200.001020,454.465020
1198.131622,457.818341
1196.190376,461.130587
1194.162540,464.390521
1192.034445,467.585912
1189.793870,470.703483
1187.430200,473.728696
1184.935108,476.646509
1182.304567,479.442978
1179.537617,482.104400
1176.633849,484.615555
1173.593958,486.959695
1170.419784,489.118012
1167.112789,491.066359
1163.674377,492.771883
1160.112244,494.200758
1156.446274,495.337606
1152.702958,496.186103
1148.907452,496.759334
1145.082063,497.078121
1141.244226,497.160535
1137.407805,497.024748
1133.583602,496.688807
1129.779733,496.170855
1126.001683,495.489330
1122.252645,494.662690
1118.533855,493.709015
1114.844841,492.645855
1111.183644,491.490450
1107.546600,490.260987
1103.928274,488.977464
1100.322569,487.658923
1096.724645,486.319168
1093.131166,484.967485
1089.539710,483.610469
1085.949099,482.251218
1082.358704,480.891395
1078.767929,479.532580
1075.176172,478.176361
1071.582835,476.824330
1067.987389,475.477922
1064.389417,474.138282
1060.788554,472.806423
1057.184442,471.483389
1053.576724,470.170220
1049.965054,468.867958
1046.349097,467.577649
1042.728528,466.300342
1039.103030,465.037092
1035.472304,463.788948
1031.836060,462.556977
1028.193956,461.342437
1024.545600,460.146820
1020.890707,458.971337
1017.229324,457.816217
1013.561756,456.680895
1009.888302,455.564764
1006.209246,454.467235
1002.524864,453.387721
998.835421,452.325634
995.141173,451.280378
991.442370,450.251358
987.739243,449.238011
984.031996,448.239832
980.320825,447.256344
976.605912,446.287092
972.887426,445.331632
969.165531,444.389535
965.440390,443.460364
961.712154,442.543682
957.980975,441.639053
954.247000,440.746039
950.510371,439.864195
946.771251,438.992979
943.029819,438.131738
939.286258,437.279798
935.540743,436.436492
931.793443,435.601150
928.044526,434.773102
924.294152,433.951673
920.542481,433.136191
916.789667,432.325982
913.035863,431.520373
909.281220,430.718686
905.525884,429.920250
901.770002,429.124384
898.013719,428.330415
894.257178,427.537664
890.500523,426.745456
886.743897,425.953113
882.987442,425.159958
879.231301,424.365313
875.475618,423.568502
871.720542,422.768850
867.966218,421.965662
864.212820,421.158171
860.460524,420.345565
856.709517,419.527032
852.960053,418.701438
849.212630,417.866627
845.468023,417.019312
841.727392,416.154618
837.992567,415.265160
834.265792,414.342562
830.549443,413.378864
826.846064,412.366466
823.158222,411.298842
819.488553,410.170390
815.839957,408.975601
812.215680,407.708994
808.619323,406.365216
805.054875,404.939011
801.526738,403.425277
798.039763,401.819056
794.599295,400.115571
791.211204,398.310268
787.882108,396.398400
784.619882,394.374548
781.433619,392.233142
778.333317,389.969095
775.329996,387.577923
772.435659,385.055944
769.663362,382.400405
767.027368,379.609590
764.538118,376.687058
762.197495,373.644101
760.003092,370.494114
757.953726,367.247916
756.051815,363.913176
754.300757,360.496688
752.697625,357.008166
751.230297,353.460649
749.884634,349.865477
748.653661,346.229288
747.536123,342.556651
746.532896,338.851043
745.649857,335.114670
744.895607,331.350272
744.273319,327.561927
743.779149,323.754684
743.407560,319.933551
743.153884,316.102795
743.014512,312.266163
742.986964,308.427099
743.069484,304.588827
743.260670,300.754435
743.559162,296.926903
743.963619,293.109120
744.472715,289.303882
745.085460,285.513953
745.801432,281.742161
746.620381,277.991382
747.542003,274.264500
748.565984,270.564433
749.691994,266.894128
750.919691,263.256574
752.248709,259.654807
753.678681,256.091914
755.209203,252.571043
756.839874,249.095418
758.570978,245.668701
760.403799,242.295300
762.339110,238.979634
764.376184,235.725494
766.513736,232.536462
768.750222,229.416019
771.083469,226.367261
773.510386,223.392551
776.026021,220.492489
778.625150,217.667019
781.303884,214.916879
784.058907,212.243141
786.887161,209.646964
789.785670,207.129458
792.751344,204.691425
795.780215,202.332339
798.867505,200.050229
802.008488,197.842604
805.198741,195.706788
808.434099,193.639927
811.710642,191.638991
815.024949,189.701237
818.374179,187.824466
821.755750,186.006595
825.167208,184.245435
828.606241,182.538731
832.070666,180.884163
835.558422,179.279351
839.067572,177.721867
842.596291,176.209233
846.142863,174.738936
849.705691,173.308485
853.283131,171.914971
856.873304,170.554578
860.474240,169.222949
864.084238,167.916102
867.702142,166.631275
871.327154,165.366633
874.958636,164.120698
878.596046,162.892173
882.238863,161.679772
885.886580,160.482198
889.538706,159.298143
893.194817,158.126449
896.854575,156.966190
900.517669,155.816506
904.183794,154.676523
907.852653,153.545368
911.523956,152.422166
915.197414,151.306038
918.872751,150.196105
922.549688,149.091486
926.227954,147.991301
929.907284,146.894672
933.587394,145.800669
937.267969,144.708234
940.948679,143.616252
944.629194,142.523611
948.309183,141.429203
951.988315,140.331914
955.666255,139.230638
959.342664,138.124265
963.017202,137.011690
966.689518,135.891805
970.359258,134.763505
974.026078,133.625754
977.689667,132.477639
981.349713,131.318282
985.005898,130.146803
988.657892,128.962326
992.305358,127.763978
995.947948,126.550889
999.585302,125.322191
1003.217049,124.077020
1006.842808,122.814516
1010.462184,121.533815
1014.074527,120.233450
1017.678333,118.909608
1021.270281,117.553883
1024.845522,116.154693
1028.398652,114.700274
1031.923846,113.179357
1035.415481,111.582877
1038.868283,109.904129
1042.276549,108.136802
1045.633845,106.274593
1048.933035,104.311480
1052.165814,102.240959
1055.322131,100.055726
1058.390461,97.748691
1061.358051,95.313535
1064.210734,92.744878
1066.932628,90.038096
1069.504771,87.188629
1071.905212,84.193137
1074.110125,81.051005
1076.094002,77.764915
1077.829709,74.341340
1079.290428,70.791802
1080.462128,67.136552
1081.344076,63.400774
1081.939065,59.608720
1082.250325,55.782920
1082.282544,51.944611
1082.043459,48.113702
1081.553110,44.306561
1080.836459,40.535167
1079.913020,36.808984
1078.807922,33.132495
1077.556288,29.503146
1076.194069,25.913810
1074.755791,22.354231
1073.275811,18.811866
1071.785754,15.273705
1070.310296,11.729220
1068.869771,8.170325
1067.485111,4.589341
1066.177625,0.979530
1064.968329,-2.664142
1063.883248,-6.346596
1062.957912,-10.072299
1062.228015,-13.841065
1061.718189,-17.645843
1061.445245,-21.474806
1061.422508,-25.313347
1061.656505,-29.144539
1062.149950,-32.950698
1062.918973,-36.711150
1063.977480,-40.400965
1065.314251,-43.999319
1066.904111,-47.493268
1068.721158,-50.874762
1070.741190,-54.139082
1072.941774,-57.284495
1075.302400,-60.311713
1077.803846,-63.223778
1080.426991,-66.026523
1083.155934,-68.726317
1085.981741,-71.325060
1088.899338,-73.820507
1091.902388,-76.212280
1094.981704,-78.505095
1098.127048,-80.706528
1101.329088,-82.824632
1104.579420,-84.867891
1107.870270,-86.845265
1111.194525,-88.765978
1114.546110,-90.638590
1117.920601,-92.469598
1121.314671,-94.264099
1124.725852,-96.025869
1128.152055,-97.758234
1131.591139,-99.464902
1135.040972,-101.149739
1138.499515,-102.816623
1141.964794,-104.469465
1145.434883,-106.112189
1148.907890,-107.748733
1152.381948,-109.383047
1155.855197,-111.019078
1159.325770,-112.660775
1162.791783,-114.312075
1166.251314,-115.976908
1169.702394,-117.659180
1173.142994,-119.362779
1176.571008,-121.091557
1179.984240,-122.849331
1183.380392,-124.639870
1186.757062,-126.466890
1190.111605,-128.334220
1193.439769,-130.248112
1196.733603,-132.220449
1199.981964,-134.266804
1203.171050,-136.404319
1206.285855,-138.648607
1209.310229,-141.013243
1212.225919,-143.510589
1215.012070,-146.151433
1217.645537,-148.944477
1220.102624,-151.893904
1222.361103,-154.997340
1224.395535,-158.251652
1226.165754,-161.657306
1227.620275,-165.209065
1228.718975,-168.885893
1229.446906,-172.653847
1229.810412,-176.474685
1229.828040,-180.312946
1229.521701,-184.138992
1228.922426,-187.930717
1228.077890,-191.675237
1227.036568,-195.369284
1225.819228,-199.010017
1224.427953,-202.588402
1222.871918,-206.097905
1221.172276,-209.540277
1219.354123,-212.921684
1217.441212,-216.250363
1215.456094,-219.536553
1213.421045,-222.792049
1211.354203,-226.027458
1209.268082,-229.250532
1207.173874,-232.468367
1205.074622,-235.682891
1202.965526,-238.890967
1200.841671,-242.089291
1198.700708,-245.276149
1196.539247,-248.449126
1194.349700,-251.602828
1192.122634,-254.730154
1189.849353,-257.823992
1187.523268,-260.878317
1185.140018,-263.888267
1182.695975,-266.849048
1180.187560,-269.755478
1177.611446,-272.602059
1174.964309,-275.382699
1172.242643,-278.090416
1169.443252,-280.717646
1166.563344,-283.256363
1163.600865,-285.698220
1160.553980,-288.033809
1157.420983,-290.252514
1154.202653,-292.345549
1150.902145,-294.306328
1147.523050,-296.128185
1144.067921,-297.801300
1140.540666,-299.316482
1136.947529,-300.668062
1133.295576,-301.851572
1129.591996,-302.861944
1125.844345,-303.694092
1122.061787,-304.349904
1118.253888,-304.837633
1114.429039,-305.167059
1110.594287,-305.348065
1106.755504,-305.390975
1102.917424,-305.305514
1099.083959,-305.097964
1095.258686,-304.772059
1091.444902,-304.331358
1087.645567,-303.779629
1083.863423,-303.120252
1080.100680,-302.357911
1076.358542,-301.500074
1072.637422,-300.555182
1068.937185,-299.531525
1065.257081,-298.437666
1061.596051,-297.281596
1057.953634,-296.068138
1054.330039,-294.799527
1050.725572,-293.477534
1047.140550,-292.103690
1043.575286,-290.679354
1040.030051,-289.205874
1036.505068,-287.684581
1033.000514,-286.116798
1029.516526,-284.503827
1026.053195,-282.846971
1022.610584,-281.147492
1019.188833,-279.406386
1015.788185,-277.624412
1012.408879,-275.802286
1009.051134,-273.940726
1005.715154,-272.040439
1002.401126,-270.102117
999.109225,-268.126450
995.839612,-266.114113
992.592427,-264.065776
989.367806,-261.982098
986.165868,-259.863729
982.986717,-257.711312
979.830446,-255.525480
976.697135,-253.306857
973.586855,-251.056063
970.499664,-248.773703
967.435604,-246.460379
964.394713,-244.116683
961.377013,-241.743198
958.382523,-239.340499
955.411238,-236.909161
952.463178,-234.449711
949.538481,-231.962523
946.637353,-229.447882
943.759989,-226.906083
940.906475,-224.337539
938.076828,-221.742725
935.271087,-219.122078
932.489452,-216.475859
929.732385,-213.804053
927.000424,-211.106581
924.294111,-208.383377
921.613926,-205.634456
918.959912,-202.860258
916.331736,-200.061565
913.729017,-197.239185
911.151368,-194.393889
908.598392,-191.526434
906.069676,-188.637564
903.564793,-185.728004
901.083298,-182.798472
898.624740,-179.849665
896.188634,-176.882287
893.774539,-173.896977
891.382338,-170.894093
889.012118,-167.873827
886.663972,-164.836368
884.337988,-161.781903
882.034255,-158.710622
879.752860,-155.622710
877.493888,-152.518357
875.257425,-149.397749
873.043563,-146.261065
870.852401,-143.108480
868.684321,-139.939976
866.540044,-136.755313
864.419507,-133.554790
862.321884,-130.339200
860.246193,-127.109411
858.191439,-123.866260
856.156612,-120.610569
854.140691,-117.343138
852.142643,-114.064747
850.161422,-110.776160
848.195977,-107.478123
846.245103,-104.171445
844.307376,-100.857044
842.381314,-97.535851
840.465437,-94.208772
838.558251,-90.876704
836.658255,-87.540530
834.763947,-84.201124
832.873814,-80.859354
830.986345,-77.516078
829.100020,-74.172158
827.213335,-70.828441
825.324648,-67.485851
823.432029,-64.145486
821.533449,-60.808504
819.626902,-57.476070
817.710385,-54.149359
815.781911,-50.829568
813.839505,-47.517907
811.881211,-44.215619
809.905095,-40.923965
807.909239,-37.644243
805.891747,-34.377799
803.851229,-31.125685
801.787043,-27.888532
799.698716,-24.666899
797.585746,-21.461376
795.447640,-18.272562
793.283917,-15.101077
791.094100,-11.947553
788.877737,-8.812632
786.634374,-5.696978
784.363602,-2.601246
782.064983,0.473860
779.737565,3.527223
777.379884,6.557277
774.990434,9.562340
772.567771,12.540691
770.110491,15.490545
767.617236,18.410056
765.086767,21.297368
762.518415,24.151031
759.912230,26.970186
757.268116,29.753794
754.585822,32.500630
751.865234,35.209543
749.106328,37.879419
746.309108,40.509126
743.473599,43.097499
740.599855,45.643354
737.687997,48.145526
734.738586,50.603318
731.753147,53.017221
728.733372,55.388037
725.680268,57.715775
722.594334,59.999809
719.476685,62.240368
716.329175,64.438787
713.153787,66.596740
709.952412,68.715951
706.726900,70.798242
703.478622,72.844841
700.208261,74.855964
696.916341,76.831609
693.603417,78.771832
690.270017,80.676662
686.916789,82.546368
683.544637,84.381725
680.154531,86.183708
676.747399,87.953287
673.324132,89.691450
669.885591,91.399198
666.432603,93.077547
662.965967,94.727522
659.486452,96.350162
655.994801,97.946522
652.491723,99.517649
648.977938,101.064682
645.454259,102.589050
641.921547,104.092366
638.380632,105.576255
634.832305,107.042345
631.277314,108.492201
627.716245,109.927037
624.148585,111.345400
620.572917,112.743475
616.987792,114.117106
613.391952,115.462423
609.784190,116.775432
606.163275,118.051716
602.528057,119.286660
598.877548,120.475635
595.210935,121.613966
591.527600,122.696961
587.827562,123.721441
584.111471,124.686076
580.380083,125.589708
576.634176,126.431088
572.874639,127.209208
569.102304,127.922603
565.317652,128.567462
561.521128,129.138260
557.713467,129.629304
553.895753,130.034824
550.069437,130.348881
546.236437,130.566495
542.399075,130.684209
538.559945,130.698700
534.721907,130.606422
530.887794,130.409503
527.060020,130.113750
523.240710,129.723608
519.431760,129.242680
515.634826,128.674558
511.851354,128.022744
508.082574,127.290707
504.329515,126.481896
500.593013,125.599732
496.873716,124.647608
493.172108,123.628868
489.488504,122.546843
485.822841,121.405485
482.174674,120.209360
478.543350,118.963031
474.928037,117.670983
471.327740,116.337659
467.741310,114.967461
464.167467,113.564756
460.604763,112.133985
457.051485,110.679956
453.505836,109.207435
449.966625,107.719496
446.433345,106.217505
442.905664,104.702407
439.383051,103.175565
435.864806,101.638686
432.350264,100.093358
428.838779,98.541093
425.329702,96.983396
421.822370,95.421771
418.316120,93.857718
414.810284,92.292735
411.304195,90.728323
407.797183,89.165981
404.288585,87.607205
400.777737,86.053498
397.263990,84.506365
393.746696,82.967310
390.225222,81.437845
386.698946,79.919485
383.167260,78.413752
379.629574,76.922172
376.085312,75.446286
372.533940,73.987596
368.975065,72.547308
365.408405,71.126405
361.833694,69.725881
358.250682,68.346738
354.659134,66.989979
351.058837,65.656617
347.449594,64.347665
343.831249,63.064094
340.203814,61.806445
336.567458,60.574824
332.922249,59.369661
329.268366,58.191047
325.606145,57.038601
321.935927,55.911882
318.258037,54.810470
314.572784,53.733941
310.880476,52.681866
307.181407,51.653814
303.475863,50.649349
299.764122,49.668029
296.046454,48.709412
292.323118,47.773045
288.594372,46.858458
284.860466,45.965169
281.121641,45.092697
277.378128,44.240562
273.630152,43.408276
269.877927,42.595356
266.121663,41.801315
262.361557,41.025666
258.597802,40.267918
254.830584,39.527581
251.060081,38.804164
247.286461,38.097174
243.509892,37.406118
239.730530,36.730500
235.948527,36.069824
232.164029,35.423595
228.377176,34.791316
224.588101,34.172488
220.796933,33.566614
217.003795,32.973193
213.208806,32.391730
209.412087,31.821685
205.613779,31.262302
201.814044,30.712705
198.013030,30.172020
194.210882,29.639372
190.407736,29.113884
186.603729,28.594680
182.798987,28.080880
178.993637,27.571603
175.187800,27.065978
171.381612,26.563090
167.574809,26.064373
163.765564,25.585059
159.950086,25.162471
156.122160,24.875229
152.284077,24.846751
148.463482,25.203875
144.720886,26.047491
141.152928,27.454083
137.899808,29.482870
135.191166,32.195748
133.248348,35.491314
131.976014,39.106337
131.217043,42.868130
130.758376,46.679717
130.368818,50.500422
129.840845,54.303373
128.981958,58.044168
127.631838,61.631568
125.582645,64.865907
122.731973,67.418921
119.287639,69.094349
115.565654,70.012810
111.739720,70.273509
107.915796,69.966351
104.159088,69.184893
100.508599,68.000765
96.977894,66.495181
93.557400,64.752679
90.221848,62.852013
86.939311,60.860890
83.684908,58.824019
80.440771,56.770821
77.200705,54.711205
73.963930,52.646420
70.730382,50.576585
67.499995,48.501821
64.272703,46.422245
61.048439,44.337977
57.827136,42.249136
54.608727,40.155838
51.393144,38.058203
48.180318,35.956347
44.970179,33.850388
41.762660,31.740442
38.557689,29.626627
35.355198,27.509058
32.155114,25.387852
28.957368,23.263124
25.761887,21.134991
22.568600,19.003566
19.377434,16.868967
16.188319,14.731306
13.001179,12.590701
9.815935,10.447275
6.632500,8.301165
3.450784,6.152505
0.270702,4.001429
