-4.766987,-1.613700,7.382000,7.584000
-6.690495,-6.230335,7.403000,7.603000
-8.613956,-10.846981,7.424000,7.622000
-10.537441,-15.463614,7.444000,7.641000
-12.461017,-20.080213,7.465000,7.659000
-14.384718,-24.696768,7.486000,7.678000
-16.308538,-29.313281,7.507000,7.697000
-18.232474,-33.929752,7.528000,7.716000
-20.156523,-38.546183,7.549000,7.735000
-22.080676,-43.162577,7.569000,7.754000
-24.004932,-47.778934,7.590000,7.773000
-25.929285,-52.395258,7.611000,7.792000
-27.853729,-57.011550,7.632000,7.810000
-29.778260,-61.627810,7.653000,7.829000
-31.702874,-66.244043,7.673000,7.848000
-33.627565,-70.860249,7.694000,7.867000
-35.552328,-75.476429,7.715000,7.886000
-37.477160,-80.092586,7.736000,7.905000
-39.402055,-84.708722,7.757000,7.924000
-41.327008,-89.324839,7.778000,7.942000
-43.252013,-93.940938,7.798000,7.961000
-45.177068,-98.557020,7.819000,7.980000
-47.102166,-103.173089,7.840000,7.999000
-49.027304,-107.789145,7.861000,8.018000
-50.952475,-112.405191,7.882000,8.037000
-52.877675,-117.021228,7.903000,8.056000
-54.802900,-121.637259,7.923000,8.075000
-56.728145,-126.253284,7.944000,8.093000
-58.653404,-130.869306,7.965000,8.112000
-60.578674,-135.485326,7.986000,8.131000
-62.503949,-140.101347,8.007000,8.150000
-64.429223,-144.717370,8.028000,8.169000
-66.354494,-149.333398,8.048000,8.188000
-68.279755,-153.949430,8.069000,8.207000
-70.205002,-158.565470,8.090000,8.226000
-72.130230,-163.181520,8.111000,8.244000
-74.055434,-167.797581,8.132000,8.263000
-75.980610,-172.413655,8.153000,8.282000
-77.905753,-177.029744,8.173000,8.301000
-79.830858,-181.645849,8.194000,8.320000
-81.755928,-186.261970,8.215000,8.339000
-83.680962,-190.878106,8.236000,8.358000
-85.605964,-195.494256,8.257000,8.377000
-87.530933,-200.110420,8.278000,8.395000
-89.455873,-204.726598,8.298000,8.414000
-91.380783,-209.342787,8.319000,8.433000
-93.305665,-213.958987,8.340000,8.452000
-95.230522,-218.575199,8.361000,8.471000
-97.155354,-223.191420,8.382000,8.490000
-99.080163,-227.807653,8.403000,8.509000
-101.004949,-232.423893,8.423000,8.527000
-102.929716,-237.040141,8.444000,8.546000
-104.854463,-241.656398,8.465000,8.565000
-106.779192,-246.272660,8.486000,8.584000
-108.703906,-250.888929,8.507000,8.603000
-110.628605,-255.505203,8.528000,8.622000
-112.553292,-260.121482,8.548000,8.641000
-114.477966,-264.737765,8.569000,8.660000
-116.402629,-269.354052,8.590000,8.678000
-118.327285,-273.970341,8.611000,8.697000
-120.251932,-278.586632,8.632000,8.716000
-122.176573,-283.202924,8.652000,8.735000
-124.101210,-287.819217,8.673000,8.754000
-126.025843,-292.435510,8.694000,8.773000
-127.950475,-297.051802,8.715000,8.792000
-129.875106,-301.668093,8.736000,8.811000
-131.799739,-306.284381,8.757000,8.829000
-133.724375,-310.900667,8.777000,8.848000
-135.649014,-315.516949,8.798000,8.867000
-137.573659,-320.133227,8.819000,8.886000
-139.498311,-324.749500,8.840000,8.905000
-141.422971,-329.365767,8.861000,8.924000
-143.347640,-333.982028,8.882000,8.943000
-145.272321,-338.598283,8.902000,8.962000
-147.197014,-343.214529,8.923000,8.980000
-149.121722,-347.830767,8.944000,8.999000
-151.046446,-352.446996,8.965000,9.018000
-152.971185,-357.063216,8.986000,9.037000
-154.895943,-361.679424,9.007000,9.056000
-156.820721,-366.295621,9.027000,9.075000
-158.745521,-370.911808,9.048000,9.094000
-160.670343,-375.527981,9.069000,9.112000
-162.595189,-380.144142,9.090000,9.131000
-164.520060,-384.760288,9.111000,9.150000
-166.444959,-389.376420,9.132000,9.169000
-168.369885,-393.992537,9.152000,9.188000
-170.294842,-398.608637,9.173000,9.207000
-172.219831,-403.224721,9.194000,9.226000
-174.144851,-407.840788,9.215000,9.245000
-176.069906,-412.456837,9.236000,9.263000
-177.994996,-417.072868,9.257000,9.282000
-179.920123,-421.688879,9.277000,9.301000
-181.845289,-426.304869,9.298000,9.320000
-183.770495,-430.920839,9.319000,9.339000
-185.695742,-435.536788,9.340000,9.358000
-187.621032,-440.152714,9.361000,9.377000
-189.546366,-444.768618,9.382000,9.396000
-191.471746,-449.384499,9.402000,9.414000
-193.397172,-454.000354,9.423000,9.433000
-195.322647,-458.616186,9.444000,9.452000
-197.248172,-463.231991,9.465000,9.471000
-199.173748,-467.847770,9.486000,9.490000
-201.099378,-472.463522,9.507000,9.509000
-203.025061,-477.079247,9.527000,9.528000
-204.950800,-481.694944,9.548000,9.547000
-206.876596,-486.310611,9.569000,9.565000
-208.802450,-490.926249,9.590000,9.584000
-210.728361,-495.541859,9.611000,9.603000
-212.654075,-500.157584,9.631000,9.622000
-214.578949,-504.773795,9.652000,9.641000
-216.502303,-509.390880,9.673000,9.660000
-218.423457,-514.009226,9.694000,9.679000
-220.341732,-518.629223,9.715000,9.697000
-222.256451,-523.251259,9.817000,9.834000
-224.166932,-527.875723,10.063000,10.174000
-226.072496,-532.503003,10.308000,10.514000
-227.976883,-537.131109,10.553000,10.855000
-229.971794,-541.710694,10.799000,11.195000
-232.229751,-546.148895,11.118000,11.549000
-234.830440,-550.403845,11.577000,11.930000
-237.595955,-554.575059,12.037000,12.310000
-240.362505,-558.752359,12.496000,12.690000
-243.119018,-562.936524,12.956000,13.070000
-245.879745,-567.113563,13.207000,13.354000
-248.658970,-571.269467,13.332000,13.579000
-251.489772,-575.377000,13.457000,13.805000
-254.455354,-579.373677,13.581000,14.031000
-257.647180,-583.191200,13.499000,13.864000
-261.156712,-586.761272,13.365000,13.601000
-265.071280,-589.976328,12.962000,13.230000
-269.441005,-592.375720,12.048000,12.393000
-274.288235,-593.316716,11.019000,11.418000
-279.186984,-592.411095,10.486000,11.340000
-283.052232,-589.662260,10.233000,8.944000
-285.452361,-585.423045,8.241000,8.729000
-286.969212,-580.500404,8.130000,8.409000
-288.176151,-575.592921,8.079000,7.870000
-289.262755,-570.762585,7.801000,7.733000
-290.300322,-565.913408,7.524000,7.596000
-291.308199,-561.032443,7.246000,7.459000
-292.291351,-556.129730,7.205000,7.380000
-293.254749,-551.215308,7.171000,7.302000
-294.202830,-546.297723,7.136000,7.225000
-295.137690,-541.378957,7.102000,7.148000
-296.060783,-536.459182,7.057000,7.091000
-296.973561,-531.538566,7.011000,7.039000
-297.877477,-526.617285,6.964000,6.987000
-298.773984,-521.695507,6.918000,6.935000
-299.664534,-516.773405,6.871000,6.883000
-300.550580,-511.851151,6.825000,6.831000
-301.433577,-506.928916,6.779000,6.779000
-302.314974,-502.006872,6.732000,6.727000
-303.196226,-497.085190,6.686000,6.675000
-304.078786,-492.164041,6.639000,6.623000
-304.964107,-487.243598,6.593000,6.571000
-305.853640,-482.324031,6.547000,6.519000
-306.748840,-477.405514,6.500000,6.467000
-307.651158,-472.488216,6.454000,6.415000
-308.562048,-467.572309,6.407000,6.363000
-309.481974,-462.657720,6.361000,6.311000
-310.403508,-457.742417,6.314000,6.259000
-311.315436,-452.823424,6.268000,6.207000
-312.206521,-447.897767,6.222000,6.156000
-313.066160,-442.962637,6.170000,6.104000
-313.911907,-438.022878,6.085000,6.059000
-314.800074,-433.093861,6.001000,6.013000
-315.789798,-428.191725,5.917000,5.967000
-316.940212,-423.332610,5.930000,5.859000
-318.302885,-418.532528,5.982000,5.733000
-319.897259,-413.806981,6.087000,5.715000
-321.734246,-409.171327,6.099000,5.799000
-323.824761,-404.640927,6.023000,5.958000
-326.178377,-400.230763,5.873000,5.910000
-328.783165,-395.949728,5.860000,5.897000
-331.609879,-391.801817,5.904000,5.899000
-334.628784,-387.790884,5.935000,5.924000
-337.810960,-383.920668,5.977000,5.912000
-341.140432,-380.193035,6.035000,5.849000
-344.611587,-376.608359,6.025000,5.846000
-348.219102,-373.166969,5.991000,5.863000
-351.957655,-369.869195,6.033000,5.829000
-355.821924,-366.715366,6.049000,5.830000
-359.806585,-363.705813,5.984000,5.941000
-363.906316,-360.840866,5.970000,5.938000
-368.115794,-358.120855,6.005000,5.828000
-372.430106,-355.549905,5.889000,5.879000
-376.847444,-353.161066,5.804000,5.937000
-381.367433,-351.000708,6.057000,5.867000
-385.989705,-349.115270,6.112000,5.914000
-390.713676,-347.550124,5.928000,6.105000
-395.530063,-346.307717,6.089000,5.913000
-400.418093,-345.333848,6.347000,5.611000
-405.356213,-344.570436,6.095000,5.860000
-410.322867,-343.959400,5.929000,6.040000
-415.299909,-343.450338,6.047000,6.000000
-420.282942,-343.023816,6.121000,5.993000
-425.271040,-342.668211,6.063000,6.084000
-430.263274,-342.371899,6.005000,6.176000
-435.258717,-342.123257,6.041000,6.138000
-440.256441,-341.910660,6.083000,6.091000
-445.255516,-341.722485,6.125000,6.044000
-450.255018,-341.547108,6.167000,5.997000
-455.254018,-341.372924,6.178000,5.981000
-460.251936,-341.192265,6.171000,5.984000
-465.248958,-341.006214,6.164000,5.987000
-470.245373,-340.817032,6.157000,5.990000
-475.241470,-340.626978,6.150000,5.994000
-480.237540,-340.438313,6.143000,5.997000
-485.233871,-340.253298,6.136000,6.000000
-490.230754,-340.074193,6.129000,6.003000
-495.228476,-339.903259,6.122000,6.007000
-500.227283,-339.742368,6.115000,6.010000
-505.227101,-339.590585,6.108000,6.013000
-510.227714,-339.445731,6.101000,6.016000
-515.228903,-339.305620,6.094000,6.020000
-520.230452,-339.168071,6.087000,6.023000
-525.232144,-339.030900,6.080000,6.026000
-530.233762,-338.891922,6.074000,6.029000
-535.235089,-338.748952,6.067000,6.033000
-540.235907,-338.599809,6.060000,6.036000
-545.236000,-338.442308,6.053000,6.039000
-550.235151,-338.274264,6.046000,6.042000
-555.233142,-338.093496,6.039000,6.046000
-560.229757,-337.897818,6.032000,6.049000
-565.224778,-337.685047,6.025000,6.052000
-570.217989,-337.452998,5.897000,6.092000
-575.209172,-337.199489,5.760000,6.135000
-580.198110,-336.922336,5.624000,6.177000
-585.184016,-336.616012,5.631000,6.173000
-590.158005,-336.227558,5.761000,6.129000
-595.105172,-335.668754,5.892000,6.086000
-600.010472,-334.850548,6.016000,6.045000
-604.858845,-333.684130,5.866000,6.164000
-609.632871,-332.123101,5.854000,6.129000
-614.310097,-330.211619,6.073000,5.838000
-618.867421,-328.005480,6.000000,5.847000
-623.281739,-325.560485,5.780000,6.012000
-627.534790,-322.929497,5.795000,6.000000
-631.641935,-320.144972,5.803000,5.952000
-635.632822,-317.230703,5.803000,5.862000
-639.537144,-314.210453,5.759000,5.804000
-643.384600,-311.107979,5.645000,5.796000
-647.204886,-307.947044,5.597000,5.783000
-651.027700,-304.751408,5.718000,5.758000
-654.882736,-301.544832,5.780000,5.818000
-658.799368,-298.351422,5.738000,6.024000
-662.795933,-295.207033,5.838000,6.022000
-666.877301,-292.161861,5.995000,5.932000
-671.047518,-289.266973,6.202000,5.714000
-675.310635,-286.573438,6.358000,5.562000
-679.670699,-284.132326,6.212000,5.827000
-684.131762,-281.994705,6.096000,6.052000
-688.697869,-280.211641,6.004000,6.245000
-693.373072,-278.834205,6.120000,5.981000
-698.160309,-277.908865,6.309000,5.556000
-703.047698,-277.420665,6.262000,5.705000
-708.012799,-277.310885,6.161000,5.986000
-713.032944,-277.519863,6.148000,6.015000
-718.085466,-277.987937,6.138000,6.038000
-723.147697,-278.655447,6.165000,6.113000
-728.196969,-279.462729,6.194000,6.190000
-733.210616,-280.350125,6.189000,6.229000
-738.166085,-281.257834,6.094000,6.166000
-743.057394,-282.106663,5.999000,6.104000
-747.912144,-282.778096,5.915000,6.056000
-752.761999,-283.148863,5.837000,6.018000
-757.638624,-283.095694,5.757000,6.065000
-762.569744,-282.529383,5.802000,6.032000
-767.557243,-281.584435,6.012000,5.881000
-772.590011,-280.478902,5.951000,5.902000
-777.576682,-279.221582,5.862000,5.932000
-782.334936,-277.579840,5.774000,5.954000
-786.775298,-275.443374,5.713000,6.128000
-790.923138,-272.861305,5.775000,6.003000
-794.810345,-269.891803,5.826000,5.841000
-798.468800,-266.593032,5.705000,5.864000
-801.930392,-263.023163,5.655000,5.954000
-805.227005,-259.240362,5.685000,6.029000
-808.390524,-255.302798,5.861000,5.969000
-811.452836,-251.268637,6.015000,5.943000
-814.446117,-247.190475,6.098000,6.026000
-817.403562,-243.101541,6.181000,6.109000
-820.358582,-239.030868,6.260000,6.157000
-823.344589,-235.007482,6.333000,6.142000
-826.394998,-231.060415,6.406000,6.128000
-829.543219,-227.218694,6.359000,6.114000
-832.822666,-223.511351,6.151000,6.100000
-836.266752,-219.967412,5.968000,6.074000
-839.908743,-216.615838,6.113000,5.884000
-843.764407,-213.476988,6.232000,5.749000
-847.815666,-210.554596,6.245000,5.844000
-852.040570,-207.850494,6.203000,5.940000
-856.417170,-205.366516,6.060000,6.038000
-860.923513,-203.104492,6.017000,6.098000
-865.537652,-201.066253,6.110000,6.103000
-870.237636,-199.253634,6.195000,6.109000
-875.001515,-197.668464,6.237000,6.121000
-879.809327,-196.311313,6.279000,6.133000
-884.653345,-195.174943,6.422000,6.027000
-889.530514,-194.249145,6.525000,5.939000
-894.437781,-193.523706,6.232000,6.071000
-899.372095,-192.988413,5.940000,6.202000
-904.330406,-192.633052,6.019000,6.164000
-909.309663,-192.447410,6.120000,6.109000
-914.306815,-192.421272,6.363000,5.948000
-919.318812,-192.544427,6.388000,5.975000
-924.340188,-192.811911,6.160000,6.221000
-929.357463,-193.236199,6.106000,6.243000
-934.355498,-193.833380,6.226000,6.038000
-939.319149,-194.619541,6.280000,5.885000
-944.233276,-195.610773,6.103000,5.911000
-949.082738,-196.823165,5.892000,5.909000
-953.852393,-198.272804,5.596000,5.838000
-958.527100,-199.975780,5.456000,5.753000
-963.091972,-201.946763,5.475000,5.652000
-967.535065,-204.183989,5.795000,5.444000
-971.846332,-206.675109,5.946000,5.531000
-976.015758,-209.407604,6.022000,5.760000
-980.033324,-212.368952,6.219000,5.899000
-983.889017,-215.546631,6.551000,5.854000
-987.572818,-218.928122,6.377000,5.781000
-991.074713,-222.500901,6.126000,6.045000
-994.384684,-226.252447,6.067000,6.092000
-997.499822,-230.166580,6.107000,6.025000
-1000.458930,-234.205639,6.147000,5.959000
-1003.315991,-238.324140,6.187000,5.893000
-1006.125008,-242.476596,6.227000,5.827000
-1008.938924,-246.618468,6.219000,5.835000
-1011.783189,-250.729908,6.162000,5.916000
-1014.653932,-254.817397,6.105000,5.998000
-1017.545855,-258.888702,6.047000,6.079000
-1020.453748,-262.951423,5.990000,6.161000
-1023.374758,-267.008992,5.933000,6.242000
-1026.308526,-271.060409,5.876000,6.324000
-1029.254812,-275.104462,5.889000,6.295000
-1032.213377,-279.139938,5.929000,6.221000
-1035.183984,-283.165626,5.970000,6.147000
-1038.166393,-287.180314,6.011000,6.073000
-1041.160366,-291.182789,6.052000,5.999000
-1044.165664,-295.171838,6.092000,5.926000
-1047.186931,-299.143823,6.096000,5.868000
-1050.282632,-303.068349,5.752000,5.967000
-1053.545165,-306.896543,5.565000,6.025000
-1057.114968,-310.411474,6.049000,5.592000
-1061.214666,-313.101985,5.675000,5.903000
-1065.884052,-314.752339,5.596000,5.771000
-1070.830884,-315.712727,5.844000,5.984000
-1075.830827,-316.266073,6.039000,6.048000
-1080.835073,-316.480392,6.052000,6.136000
-1085.823385,-316.401703,5.902000,6.303000
-1090.794684,-316.074986,5.753000,6.470000
-1095.749789,-315.545116,5.603000,6.638000
-1100.689516,-314.856971,5.879000,6.347000
-1105.614680,-314.051411,6.156000,6.056000
-1110.526079,-313.147384,6.414000,5.785000
-1115.424507,-312.156404,6.250000,5.967000
-1120.310756,-311.089980,6.085000,6.148000
-1125.185440,-309.959039,5.965000,6.278000
-1130.044987,-308.761086,5.895000,6.349000
-1134.881645,-307.480185,5.847000,6.387000
-1139.687475,-306.099814,5.922000,6.255000
-1144.454542,-304.603448,5.996000,6.123000
-1149.174906,-302.974565,6.071000,5.991000
-1153.840633,-301.196644,6.076000,5.853000
-1158.443782,-299.253160,6.049000,5.727000
-1162.976431,-297.127624,5.738000,5.913000
-1167.445340,-294.841564,5.579000,5.995000
-1171.900438,-292.528244,5.701000,5.888000
-1176.399534,-290.341350,5.788000,5.953000
-1181.000445,-288.434564,5.945000,5.965000
-1185.754110,-286.953278,6.378000,5.667000
-1190.642091,-285.959164,6.250000,5.776000
-1195.605716,-285.465346,6.073000,5.809000
-1200.585816,-285.484352,5.928000,5.709000
-1205.523466,-286.028324,5.908000,6.001000
-1210.377067,-287.081789,5.947000,6.004000
-1215.133668,-288.583605,5.990000,5.918000
-1219.783003,-290.468343,6.016000,5.785000
-1224.314806,-292.670581,6.101000,5.744000
-1228.712869,-295.136259,6.119000,5.780000
-1232.929993,-297.870572,5.900000,5.888000
-1236.908914,-300.897960,5.748000,5.953000
-1240.592365,-304.242870,5.717000,5.920000
-1243.929027,-307.921468,5.942000,5.665000
-1246.898276,-311.907196,6.222000,5.645000
-1249.489354,-316.159756,5.965000,5.736000
-1251.691509,-320.638844,5.855000,5.799000
-1253.493990,-325.304161,5.976000,5.835000
-1254.886044,-330.115400,5.910000,5.862000
-1255.856920,-335.032259,5.651000,6.165000
-1256.395867,-340.014436,5.876000,5.651000
-1256.492338,-345.021629,5.854000,5.469000
-1256.290587,-350.015942,5.556000,5.509000
-1256.364108,-354.966131,5.501000,5.947000
-1257.308406,-359.830100,5.716000,5.726000
-1259.233820,-364.453319,5.664000,5.681000
-1261.985095,-368.632294,5.621000,6.051000
-1265.400597,-372.279344,5.836000,5.507000
-1269.319048,-375.374043,5.777000,5.855000
-1273.601040,-377.932484,5.678000,6.102000
-1278.123815,-379.996820,5.850000,6.026000
-1282.808680,-381.670061,5.934000,6.073000
-1287.600446,-383.087669,6.051000,5.999000
-1292.444147,-384.385410,6.168000,5.925000
-1297.285236,-385.697988,6.186000,5.916000
-1302.093515,-387.098913,6.181000,5.922000
-1306.875957,-388.568265,6.177000,5.928000
-1311.642666,-390.078249,6.173000,5.934000
-1316.403747,-391.601069,6.169000,5.940000
-1321.167812,-393.113154,6.164000,5.946000
-1325.936366,-394.611093,6.160000,5.952000
-1330.708787,-396.097484,6.156000,5.958000
-1335.484459,-397.574928,6.152000,5.964000
-1340.262759,-399.046027,6.148000,5.970000
-1345.043069,-400.513380,6.143000,5.976000
-1349.824771,-401.979589,6.139000,5.982000
-1354.607244,-403.447254,6.135000,5.988000
-1359.389875,-404.918882,6.131000,5.994000
-1364.172206,-406.395215,6.126000,6.000000
-1368.953909,-407.875424,6.122000,6.006000
-1373.734664,-409.358624,6.118000,6.012000
-1378.514147,-410.843935,6.114000,6.018000
-1383.292038,-412.330470,6.109000,6.024000
-1388.068015,-413.817348,6.105000,6.030000
-1392.841754,-415.303685,6.101000,6.036000
-1397.612936,-416.788597,6.097000,6.042000
-1402.381433,-418.271247,6.093000,6.048000
-1407.148814,-419.751188,6.088000,6.054000
-1411.917525,-421.228178,6.084000,6.060000
-1416.690021,-422.701975,6.080000,6.066000
-1421.468754,-424.172337,6.076000,6.071000
-1426.256177,-425.639024,6.047000,6.086000
-1431.054745,-427.101794,5.986000,6.110000
-1435.866910,-428.560405,5.926000,6.135000
-1440.695220,-430.011366,6.080000,5.999000
-1445.547191,-431.281202,6.080000,5.841000
-1450.437636,-431.946459,5.823000,6.012000
-1455.367633,-431.681886,5.735000,6.096000
-1460.272557,-430.704474,5.875000,6.042000
-1465.085277,-429.343499,5.723000,6.362000
-1469.812439,-427.733412,5.947000,6.150000
-1474.481537,-425.953622,6.170000,5.937000
-1479.120059,-424.083538,6.307000,5.839000
-1483.754646,-422.200123,6.337000,5.880000
-1488.397154,-420.337738,6.367000,5.921000
-1493.046887,-418.494598,6.397000,5.962000
-1497.702753,-416.667775,6.428000,6.003000
-1502.363664,-414.854338,6.458000,6.043000
-1507.028524,-413.051360,6.488000,6.084000
-1511.696244,-411.255910,6.518000,6.125000
-1516.365731,-409.465059,6.549000,6.166000
-1521.035896,-407.675880,6.579000,6.207000
-1525.705934,-405.886219,6.609000,6.248000
-1530.375745,-404.095819,6.639000,6.289000
-1535.045336,-402.304703,6.670000,6.330000
-1539.714713,-400.512900,6.700000,6.370000
-1544.383881,-398.720435,6.730000,6.411000
-1549.052848,-396.927334,6.760000,6.452000
-1553.721617,-395.133624,6.791000,6.493000
-1558.390196,-393.339332,6.821000,6.534000
-1563.058591,-391.544483,6.851000,6.575000
-1567.726807,-389.749103,6.881000,6.616000
-1572.394852,-387.953220,6.912000,6.656000
-1577.062730,-386.156859,6.942000,6.697000
-1581.730447,-384.360046,6.972000,6.738000
-1586.398011,-382.562808,7.002000,6.779000
-1591.065426,-380.765171,7.033000,6.820000
-1595.732699,-378.967161,7.063000,6.861000
-1600.399835,-377.168804,7.093000,6.902000
-1605.066841,-375.370126,7.123000,6.943000
-1609.733722,-373.571156,7.154000,6.983000
-1614.400486,-371.771916,7.184000,7.024000
-1619.067138,-369.972437,7.214000,7.065000
-1623.733682,-368.172741,7.244000,7.106000
-1628.400127,-366.372856,7.274000,7.147000
-1633.066477,-364.572810,7.305000,7.188000
-1637.732740,-362.772626,7.335000,7.229000
-1642.398920,-360.972331,7.365000,7.269000
-1647.065024,-359.171953,7.395000,7.310000
-1651.731056,-357.371518,7.426000,7.351000
-1656.397026,-355.571051,7.456000,7.392000
-1661.062937,-353.770578,7.486000,7.433000
-1665.728796,-351.970127,7.516000,7.474000
-1670.394608,-350.169724,7.547000,7.515000
-1675.060381,-348.369393,7.577000,7.556000
-1679.726119,-346.569162,7.607000,7.596000
-1684.391829,-344.769057,7.637000,7.637000
-1689.057508,-342.969036,7.668000,7.678000
-1693.723142,-341.168976,7.698000,7.719000
-1698.388717,-339.368744,7.728000,7.760000
-1703.054217,-337.568208,7.758000,7.801000
-1707.719629,-335.767236,7.789000,7.842000
-1712.384937,-333.965697,7.819000,7.883000
-1717.050127,-332.163457,7.849000,7.923000
-1721.715184,-330.360387,7.879000,7.964000
-1726.380092,-328.556353,7.910000,8.005000
-1731.044839,-326.751224,8.030000,8.150000
-1735.709409,-324.944868,8.213000,8.369000
-1740.373788,-323.137154,8.397000,8.589000
-1745.037959,-321.327948,8.580000,8.808000
-1749.701909,-319.517119,8.764000,9.027000
-1754.365624,-317.704536,8.947000,9.246000
-1759.029089,-315.890066,9.131000,9.465000
-1763.692274,-314.073552,9.314000,9.685000
-1768.351899,-312.248621,9.498000,9.904000
-1772.997234,-310.394687,9.681000,10.123000
-1777.616519,-308.489180,9.865000,10.342000
-1782.197987,-306.509532,10.048000,10.561000
-1786.731976,-304.436100,10.387000,10.814000
-1791.224711,-302.271329,10.798000,11.082000
-1795.689672,-300.027765,11.210000,11.350000
-1800.140378,-297.718003,11.668000,11.620000
-1804.586556,-295.351040,12.334000,11.898000
-1808.886564,-292.792272,12.441000,12.985000
-1812.699797,-289.718335,12.237000,12.876000
-1815.680697,-285.861721,11.784000,12.235000
-1817.518081,-281.230036,10.068000,10.100000
-1817.915216,-276.062581,9.042000,8.847000
-1816.598449,-271.241252,8.596000,8.196000
-1813.505058,-267.543601,7.793000,8.231000
-1809.364524,-264.732665,7.964000,8.375000
-1804.934757,-262.404160,7.986000,8.490000
-1800.373382,-260.439496,7.727000,8.496000
-1795.699598,-258.785967,7.726000,8.094000
-1790.932606,-257.390864,7.647000,7.845000
-1786.091605,-256.201478,7.519000,7.690000
-1781.195795,-255.165099,7.391000,7.536000
-1776.264377,-254.229021,7.263000,7.382000
-1771.316550,-253.340535,7.135000,7.228000
-1766.371469,-252.447057,7.007000,7.073000
-1761.441684,-251.514048,6.976000,7.023000
-1756.526311,-250.543677,6.951000,6.978000
-1751.622831,-249.542571,6.926000,6.933000
-1746.728731,-248.517356,6.901000,6.889000
-1741.841492,-247.474661,6.876000,6.844000
-1736.958599,-246.421112,6.851000,6.799000
-1732.077535,-245.363335,6.826000,6.755000
-1727.195783,-244.307961,6.801000,6.710000
-1722.311113,-243.260838,6.776000,6.665000
-1717.423166,-242.222718,6.751000,6.620000
-1712.532344,-241.192294,6.726000,6.576000
-1707.639048,-240.168255,6.701000,6.531000
-1702.743679,-239.149287,6.676000,6.486000
-1697.846641,-238.134077,6.651000,6.442000
-1692.948333,-237.121313,6.634000,6.406000
-1688.049159,-236.109684,6.642000,6.401000
-1683.149519,-235.097874,6.651000,6.397000
-1678.249815,-234.084574,6.660000,6.393000
-1673.350450,-233.068469,6.668000,6.388000
-1668.451826,-232.048247,6.677000,6.384000
-1663.554344,-231.022597,6.685000,6.379000
-1658.658405,-229.990204,6.694000,6.375000
-1653.764412,-228.949757,6.703000,6.370000
-1648.872766,-227.899944,6.711000,6.366000
-1643.983870,-226.839451,6.720000,6.362000
-1639.098097,-225.767053,6.728000,6.357000
-1634.215489,-224.682635,6.737000,6.353000
-1629.335855,-223.586833,6.746000,6.348000
-1624.459002,-222.480302,6.754000,6.344000
-1619.584735,-221.363698,6.763000,6.339000
-1614.712861,-220.237671,6.771000,6.335000
-1609.843184,-219.102877,6.771000,6.332000
-1604.975513,-217.959969,6.767000,6.330000
-1600.109652,-216.809602,6.763000,6.328000
-1595.245407,-215.652426,6.759000,6.325000
-1590.382585,-214.489099,6.755000,6.323000
-1585.520991,-213.320273,6.750000,6.321000
-1580.660432,-212.146601,6.746000,6.319000
-1575.800714,-210.968737,6.742000,6.317000
-1570.941641,-209.787336,6.738000,6.315000
-1566.083021,-208.603050,6.734000,6.312000
-1561.224660,-207.416535,6.729000,6.310000
-1556.366369,-206.228428,6.725000,6.308000
-1551.508105,-205.038951,6.721000,6.306000
-1546.649993,-203.847855,6.717000,6.304000
-1541.792165,-202.654865,6.713000,6.301000
-1536.934755,-201.459705,6.708000,6.299000
-1532.077896,-200.262100,6.704000,6.297000
-1527.221719,-199.061773,6.700000,6.295000
-1522.366359,-197.858452,6.696000,6.293000
-1517.511948,-196.651859,6.692000,6.290000
-1512.658629,-195.441673,6.687000,6.288000
-1507.806651,-194.226998,6.683000,6.286000
-1502.956340,-193.006565,6.679000,6.284000
-1498.108021,-191.779095,6.675000,6.282000
-1493.262017,-190.543310,6.670000,6.280000
-1488.418654,-189.297933,6.666000,6.278000
-1483.578255,-188.041684,6.661000,6.278000
-1478.741148,-186.773286,6.656000,6.279000
-1473.907655,-185.491467,6.651000,6.280000
-1469.077904,-184.195697,6.647000,6.280000
-1464.251660,-182.886837,6.642000,6.281000
-1459.428645,-181.565905,6.637000,6.282000
-1454.608582,-180.233917,6.632000,6.282000
-1449.791194,-178.891889,6.627000,6.283000
-1444.976205,-177.540839,6.622000,6.284000
-1440.163338,-176.181783,6.617000,6.284000
-1435.352316,-174.815739,6.612000,6.285000
-1430.542861,-173.443722,6.607000,6.286000
-1425.734697,-172.066750,6.602000,6.286000
-1420.927548,-170.685838,6.597000,6.287000
-1416.121136,-169.302006,6.592000,6.288000
-1411.315184,-167.916268,6.590000,6.288000
-1406.509415,-166.529641,6.596000,6.288000
-1401.703552,-165.143142,6.602000,6.288000
-1396.897319,-163.757789,6.607000,6.288000
-1392.090438,-162.374596,6.613000,6.288000
-1387.282664,-160.994475,6.618000,6.288000
-1382.474113,-159.617082,6.624000,6.288000
-1377.665131,-158.241279,6.630000,6.288000
-1372.856069,-156.865912,6.635000,6.288000
-1368.047277,-155.489826,6.641000,6.288000
-1363.239105,-154.111870,6.647000,6.288000
-1358.431904,-152.730889,6.652000,6.288000
-1353.626026,-151.345731,6.658000,6.288000
-1348.821819,-149.955240,6.664000,6.288000
-1344.019636,-148.558267,6.669000,6.288000
-1339.219826,-147.153653,6.675000,6.288000
-1334.422739,-145.740250,6.680000,6.287000
-1329.628726,-144.316899,6.686000,6.287000
-1324.838139,-142.882452,6.692000,6.287000
-1320.051326,-141.435752,6.697000,6.287000
-1315.268639,-139.975647,6.703000,6.287000
-1310.490429,-138.500984,6.709000,6.287000
-1305.717026,-137.010673,6.714000,6.287000
-1300.948246,-135.505285,6.714000,6.281000
-1296.183364,-133.987149,6.715000,6.275000
-1291.421626,-132.458681,6.715000,6.270000
-1286.662278,-130.922294,6.716000,6.264000
-1281.904568,-129.380407,6.716000,6.258000
-1277.147740,-127.835429,6.717000,6.253000
-1272.391045,-126.289780,6.717000,6.247000
-1267.633725,-124.745870,6.718000,6.241000
-1262.875102,-123.205896,6.718000,6.235000
-1258.115277,-121.669600,6.719000,6.230000
-1253.354842,-120.135203,6.719000,6.224000
-1248.594395,-118.600908,6.720000,6.218000
-1243.834534,-117.064916,6.721000,6.213000
-1239.075858,-115.525428,6.721000,6.207000
-1234.318964,-113.980642,6.722000,6.201000
-1229.564450,-112.428763,6.722000,6.196000
-1224.812913,-110.867998,6.723000,6.190000
-1220.064717,-109.297257,6.723000,6.184000
-1215.319824,-107.716692,6.724000,6.179000
-1210.578148,-106.126579,6.724000,6.173000
-1205.839611,-104.527193,6.725000,6.167000
-1201.104128,-102.918810,6.725000,6.161000
-1196.371620,-101.301707,6.726000,6.156000
-1191.642004,-99.676161,6.726000,6.150000
-1186.915197,-98.042447,6.727000,6.144000
-1182.191118,-96.400841,6.741000,6.152000
-1177.469686,-94.751620,6.758000,6.163000
-1172.750818,-93.095059,6.775000,6.174000
-1168.034432,-91.431435,6.793000,6.185000
-1163.320447,-89.761024,6.810000,6.196000
-1158.608781,-88.084104,6.827000,6.207000
-1153.899351,-86.400947,6.845000,6.218000
-1149.192076,-84.711834,6.862000,6.229000
-1144.486876,-83.017037,6.879000,6.240000
-1139.783686,-81.316768,6.897000,6.251000
-1135.082510,-79.611033,6.914000,6.262000
-1130.383364,-77.899802,6.931000,6.273000
-1125.686258,-76.183045,6.949000,6.284000
-1120.991209,-74.460730,6.966000,6.295000
-1116.298229,-72.732827,6.983000,6.306000
-1111.607335,-70.999304,7.001000,6.317000
-1106.918537,-69.260133,7.018000,6.328000
-1102.231850,-67.515280,7.035000,6.339000
-1097.547289,-65.764717,7.053000,6.350000
-1092.864868,-64.008412,7.070000,6.361000
-1088.184601,-62.246335,7.087000,6.372000
-1083.506501,-60.478454,7.105000,6.383000
-1078.830582,-58.704740,7.122000,6.394000
-1074.156859,-56.925161,7.139000,6.405000
-1069.485344,-55.139688,7.142000,6.433000
-1064.816053,-53.348287,7.066000,6.554000
-1060.149003,-51.550923,6.990000,6.676000
-1055.484240,-49.747519,6.914000,6.797000
-1050.821814,-47.937986,6.838000,6.918000
-1046.161777,-46.122234,6.762000,7.040000
-1041.504185,-44.300176,6.686000,7.161000
-1036.849086,-42.471719,6.717000,7.155000
-1032.196534,-40.636777,6.769000,7.124000
-1027.546582,-38.795260,6.821000,7.093000
-1022.899282,-36.947079,6.873000,7.062000
-1018.254685,-35.092144,6.925000,7.031000
-1013.612844,-33.230367,6.977000,7.000000
-1008.973812,-31.361658,7.029000,6.969000
-1004.337640,-29.485927,7.086000,6.990000
-999.704382,-27.603086,7.142000,7.013000
-995.074089,-25.713047,7.199000,7.037000
-990.446813,-23.815719,7.255000,7.061000
-985.822607,-21.911013,7.312000,7.085000
-981.201505,-19.998883,7.368000,7.109000
-976.583349,-18.079714,7.425000,7.133000
-971.967873,-16.154139,7.481000,7.156000
-967.354810,-14.222793,7.538000,7.180000
-962.743891,-12.286310,7.594000,7.204000
-958.134850,-10.345328,7.651000,7.228000
-953.527419,-8.400480,7.708000,7.252000
-948.921330,-6.452404,7.764000,7.276000
-944.316315,-4.501734,7.821000,7.300000
-939.712109,-2.549105,7.852000,7.330000
-935.108443,-0.595153,7.769000,7.387000
-930.505047,1.359487,7.687000,7.445000
-925.901658,3.314179,7.605000,7.502000
-921.298005,5.268288,7.522000,7.560000
-916.693823,7.221178,7.440000,7.617000
-912.088842,9.172214,7.357000,7.675000
-907.482796,11.120759,7.338000,7.681000
-902.875427,13.066207,7.353000,7.661000
-898.266717,15.008503,7.368000,7.641000
-893.656868,16.948130,7.383000,7.620000
-889.046093,18.885585,7.398000,7.600000
-884.434606,20.821372,7.412000,7.579000
-879.822620,22.755992,7.427000,7.559000
-875.210347,24.689945,7.442000,7.538000
-870.598001,26.623733,7.457000,7.518000
-865.985796,28.557857,7.472000,7.498000
-861.373943,30.492817,7.487000,7.477000
-856.762655,32.429117,7.501000,7.457000
-852.152148,34.367256,7.516000,7.436000
-847.542633,36.307736,7.531000,7.416000
-842.934323,38.251057,7.546000,7.396000
-838.327432,40.197722,7.563000,7.379000
-833.722173,42.148231,7.622000,7.433000
-829.118758,44.103085,7.681000,7.488000
-824.517399,46.062780,7.740000,7.543000
-819.918129,48.027397,7.800000,7.597000
-815.320702,49.996367,7.859000,7.652000
-810.724852,51.969062,7.918000,7.707000
-806.130308,53.944855,7.977000,7.761000
-801.536801,55.923119,8.036000,7.816000
-796.944061,57.903226,8.095000,7.871000
-792.351819,59.884549,8.154000,7.925000
-787.759808,61.866460,8.214000,7.980000
-783.167756,63.848332,8.273000,8.035000
-778.575394,65.829536,8.332000,8.089000
-773.982455,67.809448,8.391000,8.144000
-769.388668,69.787437,8.450000,8.199000
-764.793764,71.762878,8.509000,8.253000
-760.197473,73.735141,8.569000,8.308000
-755.599527,75.703601,8.628000,8.363000
-750.999657,77.667630,8.687000,8.417000
-746.397592,79.626600,8.746000,8.472000
-741.793534,81.580954,8.805000,8.527000
-737.192002,83.540981,8.864000,8.581000
-732.599842,85.522272,8.924000,8.636000
-728.023919,87.540465,8.983000,8.691000
-723.470822,89.610541,9.042000,8.745000
-718.930695,91.708584,9.032000,8.904000
-714.368351,93.750771,8.933000,9.199000
-709.746447,95.648172,8.833000,9.494000
-705.027638,97.311857,8.733000,9.789000
-700.197935,98.527643,8.805000,10.151000
-695.376537,98.516084,8.924000,10.532000
-690.895203,96.693042,8.707000,10.504000
-687.129617,93.310617,8.004000,9.886000
-684.420959,89.174938,7.301000,9.267000
-683.233938,84.624601,7.061000,8.846000
-683.246432,79.765369,7.168000,8.573000
-683.690824,74.783306,7.275000,8.300000
-684.298848,69.779122,7.383000,8.027000
-684.956295,64.793593,7.489000,7.758000
-685.653280,59.824711,7.493000,7.735000
-686.382380,54.869449,7.497000,7.712000
-687.136176,49.924787,7.501000,7.689000
-687.907248,44.987701,7.505000,7.666000
-688.688174,40.055167,7.509000,7.643000
-689.471536,35.124161,7.513000,7.620000
-690.249912,30.191663,7.517000,7.597000
-691.016290,25.254935,7.548000,7.561000
-691.766514,20.313248,7.593000,7.517000
-692.497646,15.366729,7.638000,7.472000
-693.206747,10.415507,7.683000,7.428000
-693.890883,5.459709,7.727000,7.384000
-694.547118,0.499466,7.756000,7.354000
-695.172516,-4.465093,7.755000,7.347000
-695.764141,-9.433840,7.754000,7.341000
-696.319118,-14.406640,7.752000,7.334000
-696.836635,-19.383184,7.751000,7.328000
-697.318410,-24.362943,7.750000,7.322000
-697.766314,-29.345380,7.749000,7.315000
-698.182222,-34.329953,7.748000,7.309000
-698.568005,-39.316124,7.747000,7.302000
-698.925536,-44.303353,7.739000,7.302000
-699.256687,-49.291101,7.724000,7.311000
-699.563331,-54.278826,7.708000,7.319000
-699.847236,-59.266076,7.693000,7.327000
-700.108757,-64.253538,7.677000,7.335000
-700.347238,-69.242725,7.662000,7.344000
-700.561997,-74.235165,7.646000,7.352000
-700.752354,-79.232388,7.630000,7.360000
-700.917628,-84.235924,7.615000,7.368000
-701.057139,-89.247300,7.582000,7.363000
-701.170207,-94.268047,7.454000,7.288000
-701.255143,-99.299434,7.326000,7.212000
-701.160349,-104.303919,7.187000,7.123000
-700.426688,-109.164344,7.175000,7.029000
-698.632575,-113.753691,7.195000,7.068000
-695.858945,-117.944349,7.070000,7.027000
-692.370225,-121.590685,6.997000,7.088000
-688.284903,-124.429978,7.183000,6.813000
-683.667605,-126.157840,7.236000,6.947000
-678.743685,-126.638729,7.519000,6.792000
-673.914638,-125.933677,7.288000,6.696000
-669.368259,-124.216871,7.195000,7.338000
-665.038601,-121.778859,7.364000,7.860000
-660.846028,-118.916475,7.472000,7.817000
-656.710901,-115.926536,7.573000,7.731000
-652.568411,-113.041999,7.674000,7.644000
-648.403972,-110.279524,7.776000,7.557000
-644.213618,-107.610034,7.678000,7.517000
-639.993385,-105.004448,7.500000,7.497000
-635.749813,-102.422463,7.321000,7.476000
-631.524832,-99.785970,7.202000,7.451000
-627.367809,-97.008915,7.123000,7.423000
-623.328114,-94.005242,7.119000,7.143000
-619.462483,-90.693542,7.094000,6.919000
-615.915534,-87.047812,7.292000,6.749000
-612.889653,-83.078472,7.234000,7.063000
-610.588238,-78.796583,7.295000,6.855000
-609.213195,-74.213474,7.055000,6.664000
-608.812465,-69.368461,6.812000,6.644000
-609.148431,-64.352763,6.481000,6.791000
-609.952468,-59.263237,6.478000,6.861000
-610.955954,-54.196738,6.590000,6.667000
-611.919887,-49.233308,6.701000,6.474000
-612.780694,-44.353415,6.716000,6.426000
-613.539136,-39.501011,6.639000,6.518000
-614.196071,-34.619993,6.571000,6.644000
-614.743283,-29.664905,6.513000,6.802000
-615.119137,-24.652958,6.432000,6.729000
-615.242517,-19.624216,6.316000,6.579000
-615.032280,-14.618778,6.051000,6.542000
-614.411465,-9.675458,6.272000,6.111000
-613.410403,-4.800082,6.324000,5.955000
-612.173283,0.036523,6.145000,6.078000
-610.849786,4.865222,5.991000,6.174000
-609.589577,9.716871,6.014000,6.094000
-608.487543,14.609516,6.038000,6.014000
-607.465635,19.520734,6.061000,5.934000
-606.411762,24.420137,6.084000,5.854000
-605.213828,29.277338,6.086000,5.791000
-603.762535,34.059925,5.842000,5.940000
-601.979388,38.713147,5.765000,6.078000
-599.804994,43.168401,5.914000,6.441000
-597.180247,47.356878,6.425000,6.981000
-594.057075,51.217335,7.525000,7.415000
-590.506948,54.770533,8.268000,7.827000
-586.674518,58.087433,8.552000,8.194000
-582.705491,61.239723,8.449000,8.509000
-578.744524,64.298664,8.201000,8.786000
-574.846663,67.299587,8.120000,8.656000
-570.910208,70.214969,8.134000,8.291000
-566.817641,73.010942,8.149000,7.926000
-562.451447,75.653637,7.745000,7.877000
-557.749466,77.984888,7.214000,7.778000
-552.957199,79.155715,6.614000,7.148000
-548.428727,78.128695,6.333000,6.594000
-544.569071,74.966063,5.894000,6.288000
-541.814959,70.776823,5.659000,6.212000
-540.220778,66.193807,5.719000,5.869000
-539.469882,61.347407,6.018000,5.905000
-539.230494,56.347531,6.078000,5.974000
-539.178524,51.301512,6.055000,6.023000
-539.151934,46.262375,6.033000,6.073000
-539.143017,41.231419,6.011000,6.123000
-539.150198,36.207893,5.988000,6.172000
-539.171902,31.191041,5.968000,6.218000
-539.206555,26.180109,5.966000,6.216000
-539.252582,21.174343,5.965000,6.214000
-539.308408,16.172989,5.963000,6.212000
-539.372460,11.175292,5.962000,6.210000
-539.443162,6.180499,5.960000,6.208000
-539.518941,1.187855,5.959000,6.206000
-539.598220,-3.803394,5.957000,6.204000
-539.679427,-8.794002,5.956000,6.202000
-539.760987,-13.784724,5.954000,6.200000
-539.841325,-18.776313,5.953000,6.198000
-539.918865,-23.769524,5.952000,6.196000
-539.992035,-28.765111,5.950000,6.195000
-540.059288,-33.763819,5.949000,6.193000
-540.120864,-38.765867,5.947000,6.191000
-540.179820,-43.770636,5.946000,6.189000
-540.239462,-48.777438,5.944000,6.187000
-540.303096,-53.785580,5.943000,6.185000
-540.374027,-58.794375,5.941000,6.183000
-540.455562,-63.803132,5.940000,6.181000
-540.551006,-68.811159,5.938000,6.179000
-540.663664,-73.817768,5.937000,6.177000
-540.796034,-78.822268,5.935000,6.175000
-540.934443,-83.823999,5.934000,6.173000
-541.050302,-88.822323,6.007000,6.133000
-541.114463,-93.816604,6.121000,6.072000
-541.097776,-98.806207,6.236000,6.010000
-540.971093,-103.790494,6.351000,5.949000
-540.705266,-108.768830,6.527000,6.077000
-540.271147,-113.740579,6.759000,6.378000
-539.639580,-118.705086,6.992000,6.680000
-538.776990,-123.650801,7.064000,6.959000
-537.637933,-128.536909,7.222000,7.214000
-536.174995,-133.317739,7.613000,7.423000
-534.340762,-137.947614,7.621000,7.541000
-532.095274,-142.384609,7.607000,7.482000
-529.466097,-146.620716,7.541000,7.308000
-526.516701,-150.665967,7.184000,7.152000
-523.310886,-154.530565,6.915000,6.865000
-519.912256,-158.224860,6.674000,6.552000
-516.372956,-161.767866,6.431000,6.304000
-512.727748,-165.191746,6.211000,6.080000
-509.009937,-168.529764,6.144000,6.027000
-505.252828,-171.815183,6.077000,5.975000
-501.482003,-175.074723,6.024000,5.936000
-497.686428,-178.304103,5.980000,5.905000
-493.844234,-181.489868,5.936000,5.874000
-489.933555,-184.618563,5.905000,5.837000
-485.932721,-187.667144,6.003000,5.738000
-481.821007,-190.567418,6.057000,5.751000
-477.577961,-193.237903,6.058000,5.891000
-473.183135,-195.597119,5.736000,6.180000
-468.617726,-197.565821,5.890000,6.030000
-463.893304,-199.106100,6.227000,5.689000
-459.048167,-200.216411,6.063000,5.749000
-454.121525,-200.896450,6.358000,5.651000
-449.152564,-201.145990,6.369000,5.862000
-444.171619,-200.994683,6.339000,5.875000
-439.186695,-200.547589,6.310000,5.887000
-434.202328,-199.921475,6.280000,5.900000
-429.223055,-199.233109,6.250000,5.913000
-424.252548,-198.591005,6.220000,5.925000
-419.287176,-198.033895,6.190000,5.938000
-414.319638,-197.565417,6.161000,5.951000
-409.342599,-197.188938,6.126000,5.968000
-404.349969,-196.902920,5.966000,6.103000
-399.346071,-196.664523,5.806000,6.239000
-394.340438,-196.410251,5.646000,6.375000
-389.342645,-196.076454,5.823000,6.054000
-384.362439,-195.599482,6.017000,5.709000
-379.418237,-194.915728,6.029000,5.555000
-374.540884,-193.961650,6.196000,5.380000
-369.762185,-192.673703,6.147000,5.533000
-365.113945,-190.988352,5.790000,5.950000
-360.618377,-188.868849,5.611000,6.175000
-356.255230,-186.397126,5.749000,6.086000
-351.992496,-183.687952,6.005000,5.911000
-347.798169,-180.856098,6.102000,5.872000
-343.642608,-178.010478,6.110000,5.911000
-339.536400,-175.160347,6.128000,5.915000
-335.523777,-172.231613,6.170000,5.839000
-331.650011,-169.147621,6.212000,5.762000
-327.957204,-165.836406,6.046000,5.926000
-324.434361,-162.304739,5.797000,6.186000
-321.026483,-158.624642,5.926000,6.065000
-317.677238,-154.870111,6.118000,5.881000
-314.330396,-151.115026,6.216000,5.763000
-310.960246,-147.399565,6.046000,5.836000
-307.614337,-143.682993,5.877000,5.909000
-304.350988,-139.912683,5.910000,5.821000
-301.228514,-136.036007,6.027000,5.667000
-298.301089,-132.005632,6.144000,5.513000
-295.589803,-127.816465,6.261000,5.359000
-293.099897,-123.483657,6.092000,5.667000
-290.836514,-119.022483,5.994000,5.880000
-288.804796,-114.448219,6.026000,5.906000
-287.009885,-109.776138,5.928000,6.014000
-285.456923,-105.021519,5.774000,6.155000
-284.151053,-100.199635,6.014000,5.841000
-283.096948,-95.325686,6.125000,5.716000
-282.279120,-90.411623,6.091000,5.809000
-281.654742,-85.464986,6.058000,5.956000
-281.179038,-80.493005,6.032000,6.079000
-280.807229,-75.502905,6.032000,6.110000
-280.494540,-70.501916,6.032000,6.140000
-280.196193,-65.497264,6.032000,6.171000
-279.867412,-60.496177,6.032000,6.202000
-279.463422,-55.505883,6.032000,6.232000
-278.942481,-50.533127,6.055000,6.197000
-278.310554,-45.577064,6.090000,6.125000
-277.611510,-40.630818,6.125000,6.054000
-276.890260,-35.687352,6.159000,5.984000
-276.191648,-30.739632,6.137000,6.017000
-275.543506,-25.783314,6.114000,6.051000
-274.934628,-20.820209,6.092000,6.085000
-274.348358,-15.852991,6.039000,6.115000
-273.768055,-10.884329,5.963000,6.141000
-273.181396,-5.916214,5.887000,6.168000
-272.585910,-0.949100,5.834000,6.174000
-271.980494,4.016780,5.914000,6.059000
-271.364047,8.981190,5.993000,5.943000
-270.735465,13.943894,6.073000,5.827000
-270.093645,18.904656,6.135000,5.736000
-269.437485,23.863240,6.069000,5.828000
-268.765884,28.819411,6.003000,5.921000
-268.077738,33.772933,5.936000,6.013000
-267.371945,38.723569,5.870000,6.105000
-266.647402,43.671085,5.867000,6.153000
-265.903006,48.615245,5.901000,6.174000
-265.137656,53.555813,5.934000,6.195000
-264.350247,58.492551,5.968000,6.217000
-263.539680,63.425227,6.001000,6.238000
-262.704849,68.353604,6.035000,6.259000
-261.844654,73.277444,6.068000,6.281000
-260.952497,78.195719,6.033000,6.238000
-259.999808,83.104218,5.997000,6.194000
-258.952526,87.997935,5.961000,6.151000
-257.776585,92.871865,5.926000,6.108000
-256.428528,97.713857,5.879000,5.977000
-254.725581,102.405796,5.660000,5.937000
-252.379178,106.748853,5.798000,5.734000
-249.259781,110.615591,5.785000,5.812000
-245.593407,114.040127,5.962000,6.132000
-241.589875,117.063380,6.219000,6.287000
-237.319829,119.694057,6.412000,6.470000
-232.835491,121.936600,6.479000,6.599000
-228.189088,123.795453,6.490000,6.560000
-223.430094,125.281101,6.644000,6.257000
-218.588393,126.447137,6.476000,6.438000
-213.685363,127.365871,6.319000,6.605000
-208.742339,128.109689,6.179000,6.750000
-203.780425,128.750234,6.188000,6.785000
-198.812087,129.332252,6.457000,6.630000
-193.838958,129.866757,6.612000,6.523000
-188.861988,130.362627,6.628000,6.474000
-183.882125,130.828738,6.644000,6.426000
-178.900318,131.273963,6.661000,6.377000
-173.917514,131.707183,6.670000,6.351000
-168.934664,132.137271,6.669000,6.354000
-163.952713,132.573103,6.669000,6.357000
-158.972561,133.023112,6.668000,6.360000
-153.994372,133.489513,6.668000,6.363000
-149.017776,133.969948,6.667000,6.366000
-144.042390,134.461958,6.667000,6.369000
-139.067829,134.963082,6.666000,6.372000
-134.093712,135.470861,6.666000,6.375000
-129.119655,135.982833,6.665000,6.377000
-124.145275,136.496538,6.665000,6.380000
-119.170191,137.009521,6.664000,6.383000
-114.194174,137.520081,6.664000,6.386000
-109.217322,138.028113,6.663000,6.389000
-104.239774,138.533706,6.663000,6.392000
-99.261671,139.036957,6.662000,6.395000
-94.283149,139.537956,6.662000,6.398000
-89.304348,140.036798,6.661000,6.401000
-84.325407,140.533572,6.661000,6.404000
-79.346466,141.028375,6.660000,6.407000
-74.367662,141.521298,6.660000,6.410000
-69.389136,142.012433,6.659000,6.413000
-64.411025,142.501874,6.659000,6.416000
-59.433469,142.989714,6.658000,6.419000
-54.456607,143.476045,6.658000,6.422000
-49.480577,143.960960,6.657000,6.425000
-44.505520,144.444552,6.657000,6.428000
-39.531572,144.926913,6.656000,6.431000
-34.558874,145.408138,6.656000,6.434000
-29.587347,145.888878,6.655000,6.437000
-24.616119,146.371848,6.655000,6.440000
-19.644134,146.860229,6.654000,6.443000
-14.670339,147.357202,6.654000,6.446000
-9.693678,147.865951,6.653000,6.449000
-4.713096,148.389656,6.653000,6.452000
0.272461,148.931502,6.652000,6.455000
5.264047,149.494669,6.652000,6.457000
10.262658,150.081930,6.468000,6.522000
15.260654,150.637335,6.256000,6.597000
20.232858,150.985623,6.044000,6.671000
25.151962,150.937056,5.905000,6.763000
29.990660,150.301901,6.743000,7.149000
34.730776,148.934264,7.803000,7.726000
39.414039,146.975949,8.818000,8.728000
44.014471,144.609791,9.407000,9.583000
47.905336,141.528725,9.566000,9.892000
50.236919,137.357707,9.399000,10.056000
50.385662,132.542792,8.558000,9.280000
49.039145,127.699838,7.893000,7.858000
47.178054,123.040455,7.560000,7.134000
45.183469,118.441623,7.314000,7.131000
43.234670,113.830689,7.068000,7.129000
41.324164,109.208849,6.882000,7.131000
39.434958,104.581058,6.903000,7.150000
37.550067,99.952270,6.924000,7.169000
35.656247,95.326336,6.944000,7.188000
33.752498,90.703519,6.965000,7.206000
31.840318,86.083349,6.986000,7.225000
29.921208,81.465354,7.007000,7.244000
27.996665,76.849062,7.028000,7.263000
26.068189,72.234002,7.049000,7.282000
24.137278,67.619704,7.069000,7.301000
22.205432,63.005696,7.090000,7.320000
20.274070,58.391531,7.111000,7.339000
18.343707,53.777048,7.132000,7.357000
16.414285,49.162266,7.153000,7.376000
14.485733,44.547208,7.174000,7.395000
12.557985,39.931896,7.194000,7.414000
10.630970,35.316351,7.215000,7.433000
8.704622,30.700597,7.236000,7.452000
6.778868,26.084654,7.257000,7.471000
4.853641,21.468547,7.278000,7.490000
2.928874,16.852295,7.299000,7.508000
1.004496,12.235923,7.319000,7.527000
-0.919560,7.619451,7.340000,7.546000
