1.623670,-3.803239,3.954962,4.065960
3.765232,-5.439082,3.943647,4.055722
5.906918,-7.074791,3.932871,4.045485
8.048752,-8.710339,3.921555,4.035786
10.190763,-10.345696,3.910240,4.025548
12.332975,-11.980834,3.898925,4.015311
14.475413,-13.615724,3.887609,4.005073
16.618106,-15.250337,3.876294,3.994835
18.761079,-16.884643,3.865518,3.984598
20.904358,-18.518615,3.854202,3.974360
23.047969,-20.152223,3.842887,3.964122
25.191938,-21.785438,3.831572,3.954424
27.336288,-23.418236,3.820257,3.944186
29.480822,-25.050829,3.808941,3.933948
31.624997,-26.683811,3.798165,3.923711
33.768241,-28.317803,3.786849,3.913473
35.909982,-29.953431,3.775534,3.903235
38.049647,-31.591317,3.764219,3.892998
40.186663,-33.232085,3.752904,3.882760
42.320459,-34.876358,3.741588,3.873061
44.450461,-36.524762,3.730812,3.862824
46.577066,-38.176903,3.719497,3.852586
48.705415,-39.827417,3.708181,3.842348
50.842101,-41.469414,3.808402,3.841271
52.993717,-43.096007,3.940953,3.842348
55.163438,-44.704617,4.073503,3.843965
57.287179,-46.377446,4.252932,4.234073
59.220258,-48.274569,4.611249,5.000279
60.448044,-50.561448,5.064399,5.418406
60.483767,-53.135944,5.154383,5.330039
59.498230,-55.621921,5.068710,5.163543
57.988980,-57.965461,4.751343,4.702849
56.331200,-60.141004,4.204437,4.162948
54.487755,-62.056233,3.633285,3.852047
52.400970,-63.656220,3.181751,3.644061
50.118630,-65.004147,3.256647,3.594490
47.704595,-66.181193,3.370878,3.554617
45.222724,-67.268540,3.485108,3.514205
42.731985,-68.341188,3.584252,3.479181
40.251014,-69.423186,3.584252,3.478104
37.778601,-70.513508,3.584791,3.476487
35.313397,-71.610956,3.584791,3.474871
32.854053,-72.714326,3.585330,3.473254
30.399217,-73.822420,3.585330,3.471638
27.947542,-74.934034,3.585868,3.470021
25.497677,-76.047971,3.585868,3.468405
23.048274,-77.163028,3.586407,3.466789
20.598193,-78.278174,3.586407,3.465172
18.147223,-79.393127,3.586946,3.463556
15.695404,-80.507804,3.586946,3.461939
13.242775,-81.622126,3.587485,3.460323
10.789376,-82.736012,3.587485,3.458706
8.335246,-83.849381,3.588024,3.457090
5.880427,-84.962151,3.588024,3.455473
3.424956,-86.074243,3.588563,3.453857
0.968875,-87.185576,3.588563,3.452240
-1.487777,-88.296068,3.589101,3.450624
-3.944959,-89.405640,3.589101,3.449007
-6.402634,-90.514210,3.589640,3.447391
-8.860759,-91.621698,3.589640,3.445774
-11.319296,-92.728023,3.590179,3.444158
-13.778205,-93.833105,3.590179,3.442541
-16.237445,-94.936862,3.590718,3.440925
-18.696978,-96.039213,3.590718,3.439309
-21.156728,-97.140183,3.591257,3.437692
-23.616344,-98.240626,3.591257,3.436076
-26.075342,-99.341791,3.591795,3.434998
-28.533238,-100.444928,3.591795,3.433381
-30.989549,-101.551291,3.592334,3.431765
-33.443790,-102.662129,3.592334,3.430149
-35.895476,-103.778694,3.592873,3.428532
-38.344125,-104.902237,3.592873,3.426916
-40.789274,-106.033958,3.593412,3.425299
-43.231443,-107.172779,3.593412,3.423683
-45.672484,-108.314523,3.593951,3.422066
-48.114346,-109.454793,3.589101,3.436076
-50.558979,-110.589192,3.579941,3.462478
-53.008331,-111.713321,3.571320,3.488341
-55.464350,-112.822785,3.562699,3.514744
-57.928986,-113.913185,3.479181,3.572398
-60.404187,-114.980123,3.334238,3.655915
-62.892158,-116.018020,3.329389,3.637057
-65.399137,-117.002636,3.404824,3.558927
-67.934578,-117.894857,3.489419,3.468944
-70.508027,-118.655154,3.579941,3.371417
-73.128989,-119.244028,3.496963,3.534680
-75.797958,-119.628418,3.491036,3.555694
-78.494672,-119.790102,3.454934,3.486186
-81.195958,-119.712937,3.350942,3.387581
-83.878644,-119.380781,3.212464,3.304064
-86.512111,-118.770537,3.117092,3.131640
-89.009473,-117.806585,3.124097,3.089612
-91.274456,-116.412113,3.049739,3.198993
-93.333173,-114.681486,3.167742,3.220546
-95.266712,-112.785227,3.193066,3.291132
-97.128540,-110.827695,3.211925,3.314302
-98.935662,-108.826267,3.231323,3.337471
-100.702626,-106.792458,3.250720,3.361179
-102.443978,-104.737778,3.269579,3.384349
-104.171914,-102.671890,3.251798,3.372494
-105.889237,-100.597052,3.233478,3.361179
-107.596396,-98.513671,3.215697,3.349864
-109.293843,-96.422155,3.197377,3.338010
-110.982028,-94.322910,3.179596,3.326694
-112.661402,-92.216343,3.161276,3.315379
-114.332418,-90.102861,3.162892,3.289516
-115.995524,-87.982872,3.198455,3.239944
-117.651173,-85.856782,3.234556,3.190372
-119.299815,-83.724998,3.270118,3.140262
-120.941902,-81.587928,3.305680,3.090690
-122.577884,-79.445979,3.272273,3.139723
-124.208212,-77.299557,3.229167,3.202226
-125.833338,-75.149070,3.186600,3.264730
-127.453712,-72.994924,3.143495,3.326694
-129.069784,-70.837528,3.172052,3.323462
-130.682007,-68.677286,3.213003,3.308913
-132.291412,-66.515077,3.253953,3.294904
-133.903212,-64.355149,3.282511,3.278739
-135.524453,-62.203232,3.294365,3.260419
-137.162188,-60.065059,3.306758,3.242099
-138.821158,-57.944496,3.318612,3.224318
-140.489545,-55.832017,3.300292,3.262036
-142.148320,-53.712258,3.281433,3.300292
-143.778419,-51.569836,3.262575,3.339087
-145.361227,-49.389724,3.250182,3.357946
-146.894186,-47.169920,3.250182,3.341782
-148.394957,-44.924817,3.250182,3.325078
-149.882487,-42.669852,3.250182,3.308374
-151.375723,-40.420459,3.250182,3.292210
-152.893613,-38.192076,3.250182,3.275506
-154.455103,-36.000137,3.264191,3.209231
-156.079140,-33.860080,3.281972,3.130024
-157.784673,-31.787341,3.300292,3.079913
-159.589653,-29.796976,3.240483,3.147266
-161.498089,-27.898734,3.111165,3.316457
-163.503704,-26.098451,3.194144,3.240483
-165.599984,-24.401866,3.246949,3.182290
-167.780414,-22.814724,3.229706,3.168280
-170.038479,-21.342768,3.282511,3.053511
-172.367664,-19.991740,3.373572,2.887554
-174.761454,-18.767381,3.310530,2.970532
-177.213321,-17.675351,3.247487,3.053511
-179.714797,-16.707591,3.184445,3.136490
-182.253354,-15.827418,3.166664,3.183906
-184.815958,-14.994563,3.257725,3.144572
-187.389575,-14.168759,3.349325,3.105238
-189.962991,-13.318184,3.296520,3.168819
-192.537379,-12.468516,3.193066,3.267963
-195.119073,-11.669377,3.123558,3.333160
-197.714426,-10.970473,3.257725,3.193066
-200.329697,-10.420231,3.347170,3.104699
-202.968193,-10.024771,3.324539,3.146189
-205.629657,-9.739170,3.301909,3.187139
-208.313614,-9.515460,3.292210,3.184984
-211.019386,-9.307152,3.287899,3.163970
-213.739538,-9.115711,3.235633,3.184984
-216.458560,-8.999947,3.097695,3.279278
-219.160466,-9.022038,3.023337,3.327233
-221.829272,-9.244163,3.119786,3.205998
-224.452355,-9.710010,3.312146,2.981309
-227.029249,-10.396446,3.338549,2.898869
-229.562230,-11.265255,3.248565,2.993163
-232.053577,-12.278218,3.242099,3.076142
-234.506015,-13.397371,3.137568,3.262036
-236.928087,-14.588074,3.042196,3.434998
-239.332392,-15.817997,3.128408,3.361718
-241.731611,-17.054861,3.214619,3.288438
-244.138402,-18.266468,3.300831,3.215697
-246.562288,-19.431662,3.319690,3.206537
-249.006527,-20.551366,3.335316,3.199532
-251.473633,-21.629128,3.351480,3.192527
-253.966033,-22.668612,3.367645,3.186062
-256.474988,-23.688871,3.383810,3.179057
-258.969548,-24.739551,3.399974,3.172052
-261.416139,-25.873917,3.415600,3.165586
-263.781183,-27.145237,3.431765,3.158582
-266.032644,-28.600376,3.425838,3.044890
-268.148375,-30.245001,3.266885,3.097695
-270.110153,-32.068446,3.355252,3.065365
-271.899763,-34.060008,3.173669,3.249104
-273.499749,-36.208647,3.090690,3.329927
-274.914927,-38.493555,3.264191,3.174208
-276.175419,-40.882822,3.263652,3.098772
-277.312720,-43.343933,3.234556,3.091768
-278.358324,-45.844378,3.181751,3.145111
-279.340275,-48.357918,3.198455,3.165048
-280.274894,-50.879637,3.222163,3.181751
-281.176008,-53.409150,3.245871,3.198455
-282.057448,-55.946068,3.274429,3.219469
-282.925514,-58.491367,3.310530,3.247487
-283.761073,-61.050623,3.346631,3.276045
-284.539620,-63.630385,3.465172,3.396741
-285.236653,-66.237203,3.596106,3.530370
-285.827285,-68.876719,3.725962,3.699021
-286.282062,-71.543757,3.870906,3.853664
-286.568514,-74.226013,4.063266,3.937720
-286.654123,-76.911058,4.098828,4.031475
-286.506567,-79.586474,4.106372,4.063266
-286.115142,-82.241097,4.102061,3.999685
-285.509789,-84.866130,3.891381,3.887071
-284.724938,-87.453032,3.806247,3.749671
-283.795019,-89.993266,3.767452,3.599339
-282.752234,-92.480028,3.641906,3.436614
-281.615362,-94.916975,3.516899,3.274429
-280.398185,-97.311655,3.422066,3.205459
-279.114474,-99.671626,3.360102,3.238327
-277.778004,-102.004443,3.298137,3.271735
-276.402548,-104.317661,3.236711,3.304603
-275.001877,-106.618839,3.197377,3.326156
-273.589766,-108.915530,3.197916,3.327233
-272.179728,-111.215141,3.198993,3.328311
-270.778319,-113.521046,3.199532,3.329389
-269.384561,-115.832251,3.200610,3.330466
-267.997097,-118.147544,3.201149,3.331544
-266.614570,-120.465711,3.202226,3.332622
-265.235625,-122.785540,3.202765,3.333699
-263.858903,-125.105819,3.203843,3.334777
-262.483050,-127.425334,3.204382,3.335854
-261.106706,-129.742873,3.205459,3.336932
-259.728614,-132.057324,3.205998,3.338010
-258.348601,-134.368725,3.207076,3.338549
-256.967189,-136.677840,3.207615,3.339626
-255.584909,-138.985444,3.208153,3.340704
-254.202292,-141.292314,3.209231,3.341782
-252.819870,-143.599226,3.209770,3.342859
-251.438175,-145.906957,3.210847,3.343937
-250.057738,-148.216282,3.211386,3.345014
-248.679090,-150.527977,3.212464,3.346092
-247.302764,-152.842819,3.213003,3.347170
-245.929291,-155.161583,3.214080,3.348247
-244.559202,-157.485047,3.214619,3.349325
-243.193028,-159.813985,3.215697,3.350403
-241.831302,-162.149174,3.226473,3.325617
-240.474555,-164.491391,3.238866,3.299214
-239.123318,-166.841411,3.250720,3.272273
-237.778124,-169.200010,3.262575,3.245332
-236.442919,-171.568658,3.274967,3.218930
-235.207601,-173.966268,3.242638,3.181751
-234.252319,-176.430066,3.081530,3.162353
-233.761501,-178.998150,3.049201,3.347170
-233.918035,-181.694984,3.175824,3.388120
-234.867034,-184.210614,3.412367,3.553000
-236.703485,-185.909880,3.563777,3.851508
-239.255156,-186.654624,3.887071,4.190967
-242.077330,-186.833549,4.173186,4.244310
-244.826720,-186.776680,4.390870,4.270713
-247.489721,-186.574567,4.382788,4.467383
-250.112044,-186.274676,4.375244,4.664054
-252.739404,-185.924470,4.418889,4.734101
-255.411843,-185.564193,4.552517,4.584847
-258.113192,-185.162528,4.608016,4.415117
-260.795148,-184.647248,4.454990,4.217369
-263.409032,-183.945649,4.054645,3.995374
-265.906464,-182.985645,3.461939,3.761525
-268.259686,-181.738294,3.186600,3.470560
-270.474631,-180.245125,3.106316,3.274967
-272.560341,-178.554172,3.147805,3.200610
-274.526049,-176.713446,3.279278,3.120325
-276.393632,-174.769645,3.278200,3.154271
-278.205362,-172.767340,3.265807,3.197377
-280.005359,-170.750910,3.253415,3.240483
-281.837741,-168.764733,3.240483,3.283589
-283.732889,-166.840301,3.228090,3.326694
-285.651386,-164.943628,3.311069,3.274967
-287.531706,-163.019996,3.407518,3.208692
-289.312319,-161.014674,3.379499,3.292749
-290.933801,-158.875205,3.260419,3.524981
-292.380428,-156.596135,3.403207,3.544918
-293.677656,-154.216310,3.465711,3.625741
-294.852547,-151.776303,3.509356,3.665075
-295.932156,-149.316662,3.540607,3.579941
-296.940611,-146.862024,3.577247,3.512050
-297.893989,-144.393392,3.618737,3.462478
-298.807007,-141.884353,3.610654,3.488341
-299.694408,-139.308551,3.550845,3.592334
-300.591120,-136.673996,3.490497,3.696866
-301.587106,-134.082431,3.492113,3.659148
-302.781620,-131.651419,3.670464,3.579941
-304.273917,-129.498530,3.801398,3.590718
-306.150303,-127.730346,3.930715,3.693633
-308.377813,-126.352296,3.897847,3.805708
-310.859180,-125.315272,3.929099,3.636518
-313.496511,-124.569637,3.822412,3.728118
-316.192559,-124.065729,3.835882,3.848814
-318.886845,-123.752453,3.838038,3.999685
-321.574826,-123.576533,3.880605,4.014772
-324.256650,-123.484513,3.944725,4.028242
-326.932464,-123.422937,4.041174,4.039558
-329.603746,-123.344060,4.137085,4.050334
-332.278302,-123.227314,4.189889,4.071887
-334.965816,-123.060196,4.134929,4.118765
-337.675972,-122.830205,4.080508,4.165642
-340.411090,-122.549048,4.026087,4.211981
-343.138649,-122.342888,3.967894,4.235150
-345.815846,-122.371688,3.876833,3.953885
-348.399871,-122.795414,3.926944,3.607960
-350.843220,-123.767414,4.051412,3.659687
-353.011335,-125.318374,3.898925,3.743205
-354.700420,-127.368608,3.870367,3.671003
-355.841834,-129.794153,3.770146,3.819179
-356.487426,-132.435562,3.809480,3.786311
-356.652686,-135.138315,3.876833,3.808402
-356.253457,-137.763219,3.866057,3.787388
-355.286354,-140.228918,3.872522,3.838038
-353.982322,-142.589722,3.947419,3.885993
-352.587174,-144.914659,4.016388,3.926944
-351.181765,-147.227051,4.085358,3.967355
-349.766542,-149.527946,4.103139,3.970049
-348.341408,-151.818242,4.111221,3.965739
-346.906271,-154.098835,4.119842,3.961428
-345.461036,-156.370622,4.128463,3.957118
-344.005608,-158.634499,4.136546,3.952268
-342.539893,-160.891365,4.145167,3.947958
-341.063790,-163.142101,4.153249,3.943647
-339.576948,-165.386933,4.161870,3.939336
-338.078665,-167.625172,4.169953,3.934487
-336.568211,-169.856063,4.174263,3.934487
-335.044859,-172.078849,4.174802,3.938259
-333.507880,-174.292772,4.175341,3.941492
-331.956546,-176.497079,4.175880,3.945264
-330.390128,-178.691011,4.176419,3.948496
-328.807898,-180.873813,4.176957,3.951729
-327.209197,-183.044776,4.178035,3.955501
-325.594486,-185.203975,4.178574,3.958734
-323.965144,-187.352120,4.179113,3.962506
-322.322575,-189.489944,4.163487,3.978671
-320.668184,-191.618177,4.139779,4.002379
-319.003376,-193.737548,4.115532,4.026087
-317.329555,-195.848790,4.091285,4.050334
-315.648127,-197.952632,4.067038,4.074042
-313.960497,-200.049809,4.050334,4.093440
-312.268407,-202.141780,4.048179,4.105833
-310.574394,-204.231711,4.046023,4.118226
-308.881105,-206.323012,4.043868,4.130619
-307.191187,-208.419091,4.041713,4.143012
-305.507290,-210.523360,4.039558,4.155405
-303.832062,-212.639228,4.037402,4.167798
-302.168150,-214.770105,4.035247,4.180190
-300.518204,-216.919401,3.978132,4.325134
-298.886293,-219.090718,3.919939,4.472233
-297.336699,-221.295796,3.862285,4.619331
-296.021736,-223.559916,3.804631,4.766430
-295.349727,-226.003058,3.933948,4.993275
-295.499481,-228.662653,4.312741,5.326806
-296.345369,-231.255502,4.691534,5.659799
-297.945365,-233.313520,4.808458,5.674886
-300.192082,-234.617854,4.744338,5.469594
-302.773335,-235.351704,4.705543,5.274540
-305.423511,-235.846673,4.759425,5.115588
-308.091433,-236.206475,4.813308,4.956635
-310.770569,-236.482668,4.866651,4.797682
-313.454387,-236.726812,4.872039,4.712009
-316.136722,-236.987500,4.840249,4.682912
-318.815731,-237.278548,4.808458,4.653277
-321.492374,-237.591190,4.776129,4.623642
-324.167662,-237.916280,4.744338,4.594545
-326.842600,-238.244697,4.712548,4.564910
-329.517852,-238.570424,4.680757,4.535275
-332.193443,-238.893198,4.648967,4.506178
-334.869330,-239.213387,4.617176,4.476543
-337.545468,-239.531355,4.584847,4.446908
-340.221816,-239.847466,4.553056,4.417811
-342.898329,-240.162088,4.521266,4.388176
-345.574965,-240.475583,4.489475,4.358541
-348.251679,-240.788320,4.457684,4.329444
-350.928429,-241.100663,4.425894,4.299809
-353.605170,-241.412975,4.393564,4.270174
-356.281860,-241.725625,4.361774,4.241077
-358.958455,-242.038976,4.329983,4.211442
-361.634912,-242.353394,4.298193,4.181807
-364.311186,-242.669244,4.266402,4.152710
-366.987236,-242.986891,4.234612,4.123075
-369.663017,-243.306702,4.202821,4.093440
-372.338486,-243.629040,4.170492,4.064343
-375.013605,-243.954239,4.138701,4.034708
-377.688377,-244.282249,4.106910,4.005073
-380.362840,-244.612785,4.075120,3.975976
-383.037029,-244.945554,4.065960,3.985136
-385.710979,-245.280265,4.057878,3.995913
-388.384726,-245.616627,4.049795,4.006689
-391.058305,-245.954348,4.041713,4.018005
-393.731753,-246.293138,4.034169,4.028781
-396.405104,-246.632705,4.026087,4.040096
-399.078394,-246.972758,4.018005,4.050873
-401.751659,-247.313005,4.009922,4.061649
-404.424935,-247.653155,4.001840,4.072965
-407.098256,-247.992917,3.993758,4.083741
-409.771659,-248.332000,3.986214,4.095056
-412.445179,-248.670113,3.978132,4.105833
-415.118852,-249.006963,3.970049,4.117148
-417.792712,-249.342260,3.961967,4.127925
-420.466796,-249.675726,3.953885,4.138701
-423.141097,-250.007389,3.964122,4.135468
-425.815572,-250.337604,4.008845,4.104216
-428.490174,-250.666738,4.053028,4.073503
-431.164858,-250.995160,4.097750,4.042252
-433.839575,-251.323240,4.141934,4.011539
-436.514281,-251.651346,4.186117,3.980287
-439.188928,-251.979845,4.230840,3.949574
-441.863471,-252.309108,4.214136,3.933409
-444.537863,-252.639502,4.183423,3.920478
-447.212058,-252.971396,4.153249,3.907546
-449.886009,-253.305158,4.122536,3.894614
-452.559670,-253.641158,4.091823,3.881682
-455.232995,-253.979763,4.061649,3.868751
-457.905937,-254.321343,4.030936,3.855819
-460.578450,-254.666266,4.000762,3.843426
-463.250488,-255.014900,3.970049,3.830494
-465.922004,-255.367613,3.939875,3.817562
-468.592968,-255.724626,3.909162,3.804631
-471.263377,-256.085909,3.878988,3.791699
-473.933231,-256.451405,3.848275,3.778767
-476.602529,-256.821060,3.818101,3.766374
-479.271270,-257.194818,3.787388,3.755059
-481.939455,-257.572623,3.759370,3.771762
-484.607083,-257.954419,3.731351,3.788466
-487.274153,-258.340151,3.703332,3.805169
-489.940666,-258.729762,3.675313,3.821873
-492.606620,-259.123197,3.647294,3.838577
-495.272017,-259.520401,3.619275,3.855280
-497.936854,-259.921318,3.602572,3.858513
-500.601132,-260.325892,3.643523,3.793315
-503.264851,-260.734067,3.684473,3.727579
-505.928009,-261.145788,3.725424,3.662381
-508.590607,-261.560999,3.766374,3.597184
-511.252644,-261.979644,3.807325,3.531447
-513.914121,-262.401676,3.848275,3.466250
-516.575039,-262.827073,3.846659,3.451163
-519.235399,-263.255815,3.837499,3.445236
-521.895203,-263.687885,3.828339,3.439309
-524.554454,-264.123265,3.818640,3.433381
-527.213153,-264.561937,3.809480,3.427454
-529.871301,-265.003883,3.800320,3.421527
-532.528901,-265.449085,3.790621,3.415600
-535.185955,-265.897524,3.781461,3.409673
-537.842463,-266.349183,3.772301,3.403746
-540.498428,-266.804043,3.762602,3.397819
-543.153852,-267.262087,3.753442,3.391892
-545.808736,-267.723296,3.744282,3.385965
-548.463082,-268.187652,3.734584,3.380038
-551.116892,-268.655137,3.725424,3.374111
-553.770168,-269.125734,3.716264,3.368184
-556.422911,-269.599423,3.706565,3.362257
-559.075118,-270.076208,3.697405,3.356330
-561.726762,-270.556204,3.688245,3.350403
-564.377807,-271.039560,3.678546,3.344476
-567.028215,-271.526428,3.669386,3.338549
-569.677952,-272.016959,3.660226,3.332622
-572.326980,-272.511304,3.650527,3.326694
-574.975264,-273.009613,3.641367,3.320767
-577.622767,-273.512038,3.632207,3.314840
-580.269453,-274.018730,3.624664,3.310530
-582.915286,-274.529838,3.624125,3.313763
-585.560229,-275.045516,3.624125,3.316996
-588.204248,-275.565912,3.623586,3.319690
-590.847304,-276.091179,3.623586,3.322923
-593.489363,-276.621468,3.623047,3.326156
-596.130388,-277.156928,3.623047,3.329389
-598.770342,-277.697711,3.622508,3.332083
-601.409190,-278.243968,3.622508,3.335316
-604.046910,-278.795780,3.621970,3.338549
-606.683625,-279.352541,3.621970,3.341243
-609.319539,-279.913253,3.621431,3.344476
-611.954858,-280.476917,3.621431,3.347709
-614.589788,-281.042532,3.620892,3.350403
-617.224534,-281.609097,3.620353,3.353636
-619.859302,-282.175610,3.620353,3.356869
-622.494297,-282.741074,3.619814,3.359563
-625.129722,-283.304497,3.619814,3.362796
-627.765599,-283.865732,3.619275,3.366029
-630.401653,-284.425988,3.619275,3.369262
-633.037588,-284.986592,3.618737,3.371956
-635.673103,-285.548876,3.618737,3.375189
-638.307900,-286.114169,3.618198,3.378422
-640.941679,-286.683800,3.618198,3.381116
-643.574141,-287.259100,3.617659,3.384349
-646.204987,-287.841398,3.617659,3.387581
-648.833929,-288.431978,3.614965,3.387581
-651.460899,-289.031154,3.611732,3.387581
-654.086035,-289.638331,3.608499,3.387581
-656.709485,-290.252873,3.605805,3.387581
-659.331396,-290.874150,3.602572,3.387581
-661.951915,-291.501528,3.599339,3.387581
-664.571189,-292.134376,3.596645,3.388120
-667.189365,-292.772060,3.593412,3.388120
-669.806591,-293.413947,3.590718,3.388120
-672.423014,-294.059405,3.587485,3.388120
-675.038781,-294.707802,3.584252,3.388120
-677.654039,-295.358504,3.581558,3.388120
-680.268936,-296.010880,3.578325,3.388120
-682.883618,-296.664295,3.575092,3.388120
-685.498233,-297.318118,3.572398,3.388120
-688.112928,-297.971716,3.569165,3.388120
-690.727850,-298.624457,3.565932,3.388120
-693.343144,-299.275714,3.563238,3.388120
-695.958849,-299.925298,3.560005,3.388120
-698.574834,-300.573700,3.557311,3.388120
-701.190954,-301.221466,3.554078,3.388120
-703.807066,-301.869148,3.550845,3.388120
-706.423023,-302.517294,3.551923,3.388120
-709.038682,-303.166453,3.554617,3.387581
-711.653897,-303.817174,3.557311,3.387043
-714.268525,-304.470006,3.560005,3.387043
-716.882421,-305.125499,3.562699,3.386504
-719.495438,-305.784200,3.565393,3.385965
-722.107433,-306.446660,3.568087,3.385965
-724.718263,-307.113428,3.570781,3.385426
-727.327780,-307.785051,3.573476,3.384887
-729.935841,-308.462080,3.576170,3.384887
-732.542301,-309.145064,3.578864,3.384349
-735.147016,-309.834551,3.581558,3.383810
-737.749840,-310.531091,3.583713,3.383810
-740.350652,-311.235149,3.586407,3.383271
-742.949535,-311.946443,3.589101,3.382732
-745.546680,-312.664293,3.591795,3.382732
-748.142280,-313.388015,3.593951,3.383810
-750.736528,-314.116925,3.596645,3.384887
-753.329616,-314.850339,3.598800,3.385965
-755.921737,-315.587572,3.600955,3.387043
-758.513085,-316.327942,3.603111,3.388120
-761.103850,-317.070768,3.605805,3.389198
-763.694157,-317.815565,3.607960,3.390814
-766.284024,-318.562144,3.610115,3.391892
-768.873466,-319.310340,3.612271,3.392970
-771.462493,-320.059990,3.614426,3.394047
-774.051119,-320.810930,3.617120,3.395125
-776.639354,-321.562995,3.619275,3.396741
-779.227213,-322.316020,3.621431,3.397819
-781.814706,-323.069842,3.623586,3.398897
-784.401842,-323.824310,3.625741,3.399974
-786.988582,-324.579540,3.628435,3.401052
-789.574843,-325.335879,3.630591,3.402669
-792.160537,-326.093687,3.632746,3.403746
-794.745580,-326.853320,3.634901,3.404824
-797.329886,-327.615135,3.637057,3.405901
-799.913369,-328.379490,3.639751,3.406979
-802.495944,-329.146742,3.641906,3.408057
-805.077525,-329.917248,3.644061,3.409673
-807.658027,-330.691366,3.646217,3.410751
-810.237363,-331.469453,3.648372,3.411829
-812.815449,-332.251866,3.648372,3.413445
-815.392199,-333.038963,3.644061,3.415600
-817.967527,-333.831100,3.639212,3.418294
-820.541347,-334.628636,3.634901,3.420450
-823.113575,-335.431927,3.630052,3.423144
-825.684124,-336.241331,3.625203,3.425299
-828.252910,-337.057197,3.620892,3.427993
-830.819948,-337.879459,3.616043,3.430149
-833.385391,-338.707446,3.611732,3.432304
-835.949406,-339.540436,3.606883,3.434998
-838.512159,-340.377709,3.602033,3.437153
-841.073815,-341.218544,3.597723,3.439847
-843.634542,-342.062219,3.592873,3.442003
-846.194506,-342.908015,3.588563,3.444697
-848.753872,-343.755211,3.583713,3.446852
-851.312806,-344.603086,3.578864,3.449007
-853.871475,-345.450919,3.574553,3.451701
-856.430046,-346.297989,3.583713,3.471099
-858.988683,-347.143576,3.597184,3.494807
-861.547553,-347.986960,3.610654,3.519054
-864.106822,-348.827418,3.624125,3.543301
-866.666657,-349.664231,3.637595,3.567010
-869.227223,-350.496678,3.651066,3.591257
-871.788686,-351.324041,3.664537,3.615504
-874.351011,-352.146767,3.678007,3.639751
-876.913661,-352.968188,3.691478,3.663459
-879.476026,-353.792073,3.704948,3.687706
-882.037496,-354.622194,3.718419,3.711953
-884.597456,-355.462321,3.731890,3.735661
-887.155299,-356.316224,3.745360,3.759908
-889.710412,-357.187675,3.758831,3.784155
-892.262183,-358.080442,3.775534,3.811097
-894.810442,-358.995776,3.844504,3.894614
-897.358638,-359.914180,3.913473,3.977593
-899.911998,-360.805954,3.982442,4.060572
-902.475765,-361.641332,4.051412,4.143550
-905.055178,-362.390545,4.120381,4.227068
-907.655478,-363.023825,4.162948,4.361235
-910.281908,-363.511403,4.163487,4.577842
-912.939706,-363.823510,4.303042,4.574609
-915.634115,-363.930380,4.291188,4.512644
-918.323530,-363.734208,4.199049,4.435054
-920.763203,-362.842152,4.631724,4.416195
-922.676574,-360.947105,4.872039,4.766969
-923.883430,-358.428799,5.424872,5.442114
-924.273872,-355.772482,6.349493,6.592502
-923.921898,-353.169763,6.593580,6.937888
-922.970666,-350.708029,6.703500,6.996619
-921.653495,-348.355547,6.645845,6.410919
-920.216442,-346.053188,6.286989,6.261126
-918.761866,-343.776302,6.040208,6.115643
-917.282802,-341.526465,5.818213,5.971239
-915.769551,-339.305913,5.596757,5.826834
-914.212442,-337.116868,5.414096,5.690512
-912.607910,-334.958796,5.315491,5.572510
-910.965758,-332.825131,5.216347,5.454507
-909.297556,-330.708514,5.117743,5.336505
-907.614871,-328.601581,5.018599,5.218503
-905.928258,-326.497617,4.919995,5.099962
-904.240963,-324.394531,4.820851,4.981959
-902.553043,-322.292258,4.722247,4.863957
-900.864541,-320.190741,4.623103,4.745955
-899.175498,-318.089921,4.524498,4.627953
-897.485957,-315.989741,4.425355,4.509411
-895.795961,-313.890144,4.326750,4.391409
-894.105551,-311.791071,4.262092,4.313280
-892.414771,-309.692466,4.245388,4.291188
-890.723662,-307.594270,4.229223,4.269096
-889.032268,-305.496427,4.213059,4.247543
-887.340629,-303.398878,4.196894,4.225452
-885.648789,-301.301566,4.180190,4.203360
-883.956791,-299.204434,4.164026,4.181268
-882.264676,-297.107424,4.147861,4.159176
-880.572487,-295.010477,4.131696,4.137085
-878.880266,-292.913537,4.114993,4.114993
-877.188054,-290.816549,4.098828,4.092901
-875.495862,-288.719495,4.082663,4.071348
-873.803681,-286.622386,4.066499,4.049256
-872.111501,-284.525231,4.049795,4.027165
-870.419313,-282.428042,4.033631,4.005073
-868.727105,-280.330828,4.017466,3.982981
-867.034869,-278.233602,4.001301,3.960889
-865.342595,-276.136373,3.984598,3.938798
-863.650272,-274.039152,3.968433,3.916706
-861.957892,-271.941949,3.952268,3.895153
-860.265442,-269.844776,3.936104,3.873061
-858.572916,-267.747643,3.919400,3.850969
-856.880301,-265.650560,3.903235,3.828878
-855.187589,-263.553539,3.887071,3.806786
-853.494768,-261.456589,3.870906,3.784694
-851.801831,-259.359721,3.854741,3.762602
-850.108766,-257.262948,3.838038,3.741050
-848.415564,-255.166277,3.821873,3.718958
-846.722215,-253.069721,3.805708,3.696866
-845.028709,-250.973290,3.789544,3.674774
-843.335036,-248.876994,3.772840,3.652683
-841.641186,-246.780845,3.756675,3.630591
-839.947151,-244.684853,3.740511,3.608499
-838.252918,-242.589028,3.724346,3.586407
-836.558478,-240.493381,3.707642,3.564854
-834.863823,-238.397923,3.691478,3.542763
-833.168942,-236.302665,3.675313,3.520671
-831.473825,-234.207617,3.659148,3.498579
-829.778462,-232.112789,3.642445,3.476487
-828.082843,-230.018193,3.626280,3.454396
-826.386958,-227.923839,3.610115,3.432304
-824.690798,-225.829737,3.593951,3.410751
-822.994353,-223.735898,3.577247,3.388659
-821.297612,-221.642334,3.561083,3.366567
-819.600566,-219.549054,3.544918,3.344476
-817.903331,-217.455964,3.528753,3.322384
-816.206863,-215.362277,3.512050,3.300292
-814.512459,-213.266921,3.495885,3.278200
-812.821417,-211.168821,3.479720,3.256109
-811.135035,-209.066906,3.463556,3.234556
-809.454615,-206.960102,3.446852,3.212464
-807.781452,-204.847338,3.430687,3.190372
-806.116845,-202.727539,3.414523,3.168280
-804.461600,-200.600060,3.398358,3.146189
-802.800928,-198.477743,3.324539,3.198993
-801.101661,-196.389323,3.204382,3.313763
-799.329580,-194.364448,3.083685,3.427993
-797.450461,-192.432767,3.165586,3.255570
-795.424980,-190.655230,3.090151,3.284666
-793.195752,-189.203572,3.137568,3.239405
-790.734473,-188.196461,3.276045,3.147266
-788.128267,-187.481834,3.276045,3.232400
-785.484305,-186.858099,3.193066,3.305680
-782.845815,-186.242285,3.225396,3.292210
-780.212551,-185.632074,3.258264,3.279278
-777.583431,-185.026694,3.273890,3.271196
-774.957376,-184.425369,3.276045,3.268502
-772.333307,-183.827328,3.278200,3.265269
-769.710143,-183.231797,3.280356,3.262036
-767.086805,-182.638000,3.283050,3.258803
-764.462216,-182.045168,3.285205,3.255570
-761.835765,-181.452667,3.287360,3.252337
-759.207737,-180.860142,3.289516,3.249104
-756.578519,-180.267268,3.291671,3.245871
-753.948500,-179.673717,3.294365,3.242638
-751.318068,-179.079166,3.296520,3.239405
-748.687611,-178.483288,3.298676,3.236172
-746.057517,-177.885759,3.300831,3.232939
-743.428175,-177.286251,3.303525,3.229706
-740.799960,-176.684467,3.305680,3.226473
-738.172887,-176.080877,3.307836,3.223240
-735.546566,-175.476815,3.309991,3.220007
-732.920586,-174.873661,3.312685,3.216775
-730.294535,-174.272798,3.314840,3.213542
-727.668001,-173.675603,3.316996,3.210309
-725.040573,-173.083459,3.319151,3.207076
-722.411838,-172.497745,3.321306,3.203843
-719.781388,-171.919841,3.324000,3.200610
-717.149437,-171.347752,3.326156,3.197377
-714.518319,-170.768156,3.328311,3.194144
-711.890806,-170.165361,3.330466,3.190911
-709.269670,-169.523675,3.333160,3.187678
-706.657027,-168.831924,3.323462,3.192527
-704.047163,-168.132545,3.260419,3.232400
-701.429239,-167.503092,3.197377,3.272273
-698.792328,-167.021728,3.152116,3.246949
-696.125689,-166.766530,3.059438,3.287899
-693.438290,-166.806769,3.112782,3.154810
-690.776057,-167.195186,3.144572,2.967299
-688.199708,-167.976850,3.028725,3.260419
-685.790004,-169.185679,3.051895,3.061055
-683.645990,-170.824304,3.079913,3.085302
-681.894939,-172.839595,2.964066,3.204382
-680.526992,-175.129717,2.993702,2.968377
-679.275611,-177.514590,3.154271,2.946824
-677.881598,-179.825129,3.166125,3.044890
-676.287850,-182.004787,3.044890,3.321845
-674.510147,-184.037599,3.184445,3.158582
-672.564363,-185.907653,3.220007,3.144033
-670.466373,-187.599042,3.154810,3.124636
-668.232052,-189.095854,3.214080,3.090690
-665.877277,-190.382179,3.352558,3.041657
-663.417921,-191.442107,3.201687,3.052433
-660.869862,-192.259732,3.080452,3.189833
-658.249879,-192.828219,3.097156,3.207615
-655.577564,-193.168935,3.179057,3.172591
-652.873052,-193.308718,3.297059,3.114398
-650.156482,-193.274400,3.287360,3.095000
-647.448477,-193.081119,3.241560,3.117092
-644.771166,-192.708019,3.227551,3.188756
-642.146965,-192.127334,3.204382,3.235095
-639.598292,-191.311301,3.183368,3.233478
-637.147661,-190.234877,3.194144,3.076142
-634.818653,-188.902050,3.272273,3.130024
-632.635495,-187.334359,3.367645,3.112243
-630.622419,-185.553592,3.436614,3.053511
-628.803270,-183.581680,3.203304,3.214080
-627.170037,-181.452369,3.118709,3.207615
-625.659777,-179.219780,3.071831,3.172591
-624.204110,-176.940050,3.006095,3.230245
-622.734653,-174.669319,3.091768,3.186062
-621.192207,-172.456322,3.259342,3.085841
-619.567815,-170.309284,3.273890,3.153732
-617.869619,-168.222643,3.271196,3.228090
-616.105773,-166.190829,3.230784,3.299214
-614.284433,-164.208270,3.190911,3.370339
-612.413754,-162.269395,3.150499,3.441464
-610.501892,-160.368630,3.176363,3.420989
-608.557002,-158.500406,3.214080,3.382732
-606.586995,-156.659373,3.278739,3.312685
-604.594209,-154.845331,3.367645,3.215158
-602.575414,-153.063212,3.456012,3.117092
-600.527141,-151.318174,3.316996,3.263113
-598.445916,-149.615375,3.167742,3.419911
-596.326263,-147.963443,3.019026,3.576708
-594.156793,-146.381225,3.099850,3.486186
-591.925034,-144.889442,3.180135,3.396203
-589.618515,-143.508813,3.260958,3.306219
-587.225621,-142.260620,3.253953,3.258803
-584.743397,-141.171788,3.148883,3.224318
-582.176294,-140.287204,3.015255,3.109549
-579.552773,-139.799330,3.057822,3.180673
-576.914857,-139.950309,3.259342,3.013099
-574.302100,-140.628751,2.998551,3.246410
-571.748330,-141.536155,3.099311,3.215158
-569.246455,-142.533456,3.284666,3.161815
-566.766529,-143.572957,3.282511,3.193066
-564.289457,-144.624724,3.260958,3.232400
-561.814053,-145.685806,3.238866,3.272273
-559.340754,-146.755702,3.216775,3.312146
-556.869999,-147.833912,3.194683,3.352019
-554.402226,-148.919932,3.173130,3.391892
-551.937872,-150.013264,3.166125,3.407518
-549.477376,-151.113404,3.196838,3.363334
-547.021176,-152.219852,3.227551,3.319690
-544.569708,-153.332238,3.258264,3.275506
-542.123380,-154.452932,3.289516,3.231862
-539.682575,-155.586885,3.320229,3.187678
-537.247673,-156.739147,3.350942,3.144033
-534.818734,-157.913786,3.355252,3.139723
-532.389229,-159.094683,3.333699,3.175285
-529.946454,-160.246793,3.312146,3.210847
-527.477462,-161.334339,3.290593,3.246410
-524.969319,-162.321555,3.269040,3.282511
-522.414062,-163.180412,3.300831,3.257186
-519.817408,-163.904143,3.436076,3.114937
-517.187406,-164.489605,3.529831,3.154271
-514.532103,-164.933651,3.350942,3.178518
-511.859546,-165.233140,3.244793,3.103622
-509.177782,-165.384924,3.203843,2.980231
-506.494859,-165.385862,3.122480,2.933354
-503.818823,-165.232808,2.950057,3.045429
-501.157691,-164.922708,2.939819,3.099850
-498.517509,-164.457955,3.015255,3.145650
-495.901274,-163.849406,3.174746,3.183906
-493.311715,-163.108649,3.288438,3.184984
-490.751564,-162.247269,3.383810,3.170975
-488.223551,-161.276854,3.354713,3.253415
-485.730408,-160.208990,3.290054,3.363873
-483.274866,-159.055266,3.319151,3.352019
-480.859655,-157.827266,3.442003,3.219469
-478.487704,-156.534445,3.428532,3.204920
-476.162902,-155.175957,3.297598,3.291671
-473.889423,-153.747860,3.243177,3.321306
-471.671442,-152.246210,3.200610,3.341782
-469.513134,-150.667062,3.357946,3.271196
-467.418676,-149.006473,3.515821,3.200071
-465.392241,-147.260498,3.460323,3.247487
-463.438005,-145.425193,3.383271,3.304603
-461.560147,-143.496619,3.360640,3.298137
-459.764219,-141.473480,3.338010,3.291671
-458.059384,-139.361419,3.292210,3.288438
-456.455393,-137.167204,3.242099,3.285744
-454.961993,-134.897604,3.265269,3.253415
-453.588933,-132.559387,3.342320,3.200610
-452.345963,-130.159321,3.364951,3.148883
-451.242831,-127.704176,3.357946,3.097695
-450.289288,-125.200719,3.293826,3.170436
-449.492762,-122.655564,3.215697,3.272812
-448.840410,-120.073963,3.314302,3.286822
-448.308908,-117.460467,3.426377,3.294365
-447.874843,-114.819621,3.451701,3.301909
-447.514803,-112.155967,3.412367,3.309452
-447.205375,-109.474051,3.373033,3.317534
-446.923147,-106.778418,3.330466,3.291671
-446.644708,-104.073610,3.285744,3.246949
-446.346643,-101.364173,3.241022,3.202226
-446.004513,-98.656672,3.158043,3.216236
-445.589131,-95.966979,3.063210,3.248565
-445.069947,-93.313648,3.047045,3.208153
-444.416413,-90.715231,3.073986,3.159659
-443.597978,-88.190280,3.139184,3.147266
-442.584092,-85.757349,3.111704,3.234556
-441.344205,-83.434990,3.078297,3.301909
-439.847768,-81.241756,3.111165,3.208153
-438.069706,-79.193734,3.158582,3.196299
-436.081489,-77.263557,3.206537,3.180135
-434.030869,-75.391792,3.239405,3.168819
-431.958110,-73.607156,3.126252,3.250182
-429.809649,-72.014394,3.102005,3.267963
-427.548372,-70.675765,3.145111,3.242638
-425.185373,-69.542170,3.187139,3.263113
-422.739087,-68.547558,3.232400,3.288977
-420.227949,-67.625876,3.283589,3.322384
-417.671008,-66.714383,3.334777,3.356330
-415.092392,-65.777738,3.337471,3.335316
-412.518736,-64.794112,3.321845,3.293826
-409.976689,-63.741771,3.307297,3.253415
-407.492903,-62.598983,3.312685,3.241022
-405.094029,-61.344013,3.319690,3.225396
-402.806717,-59.955130,3.374111,3.073986
-400.657619,-58.410600,3.399436,2.993702
-398.673026,-56.689067,3.297598,3.222702
-396.862512,-54.786754,3.235095,3.364951
-395.212186,-52.724553,3.284666,3.260958
-393.706400,-50.525203,3.347170,3.139723
-392.329507,-48.211443,3.425838,2.996935
-391.065859,-45.806014,3.341782,3.078836
-389.899808,-43.331654,3.230245,3.196299
-388.815705,-40.811104,3.145650,3.244793
-387.797905,-38.267102,3.091768,3.245871
-386.830610,-35.721760,3.114398,3.134873
-385.895606,-33.186870,3.080991,3.102544
-384.972690,-30.665765,3.015793,3.116015
-384.041605,-28.161534,3.041657,3.123019
-383.082092,-25.677263,3.103083,3.127330
-382.073890,-23.216040,3.126791,3.158582
-380.996742,-20.780950,3.126791,3.207076
-379.830389,-18.375082,3.122480,3.232939
-378.554588,-16.001551,3.114398,3.239405
-377.153424,-13.671363,3.232939,3.150499
-375.621178,-11.414106,3.272273,3.145650
-373.953599,-9.262044,3.154271,3.302447
-372.146432,-7.247436,3.160737,3.321306
-370.198260,-5.396937,3.241560,3.257186
-368.129712,-3.693589,3.174746,3.279278
-365.971741,-2.100007,3.104160,3.302447
-363.755360,-0.578691,3.034113,3.326156
-361.511291,0.907511,3.030342,3.328311
-359.257948,2.380919,3.103622,3.305680
-356.997188,3.843897,3.177440,3.282511
-354.729699,5.297408,3.246410,3.260958
-352.456173,6.742411,3.250182,3.259342
-350.177297,8.179867,3.253953,3.257725
-347.893763,9.610737,3.257725,3.255570
-345.606259,11.035981,3.261497,3.253953
-343.315475,12.456560,3.265269,3.252337
-341.022102,13.873433,3.269040,3.250720
-338.726827,15.287563,3.272812,3.248565
-336.430342,16.699909,3.276045,3.246949
-334.133335,18.111432,3.279817,3.245332
-331.836496,19.523092,3.283589,3.243716
-329.540516,20.935851,3.287360,3.241560
-327.246083,22.350668,3.291132,3.239944
-324.953887,23.768505,3.294904,3.238327
-322.664616,25.190318,3.298676,3.236711
-320.378558,26.616526,3.302447,3.234556
-318.095092,28.046321,3.306219,3.232939
-315.813477,29.478725,3.309991,3.231323
-313.532966,30.912762,3.313763,3.229706
-311.252817,32.347454,3.317534,3.227551
-308.972285,33.781825,3.321306,3.225935
-306.690626,35.214899,3.325078,3.224318
-304.407096,36.645698,3.328850,3.222702
-302.121317,38.073767,3.322923,3.231323
-299.835626,39.502527,3.300292,3.256647
-297.553581,40.937145,3.277662,3.281972
-295.278746,42.382795,3.255031,3.307297
-293.014686,43.844650,3.235633,3.327772
-290.764967,45.327886,3.266885,3.278200
-288.533153,46.837675,3.298137,3.229167
-286.322807,48.379192,3.258264,3.232939
-284.137494,49.957611,3.194683,3.254492
-281.984502,51.580815,3.284127,3.157504
-279.885876,53.267437,3.419911,3.023337
-277.867324,55.038769,3.280895,3.186062
-275.954550,56.916110,3.194144,3.289516
-274.171850,58.919154,3.293287,3.186600
-272.522897,61.044258,3.263652,3.161276
-270.995740,63.270093,3.127330,3.198993
-269.578038,65.574890,3.173130,3.167742
-268.257475,67.936910,3.235633,3.140262
-267.025989,70.340244,3.216775,3.199532
-265.884762,72.781642,3.224318,3.201149
-264.836190,75.259518,3.259342,3.141339
-263.882667,77.772282,3.250720,3.140800
-263.026587,80.318347,3.228090,3.159120
-262.270346,82.896125,3.246410,3.149960
-261.616339,85.504029,3.251798,3.151577
-261.066960,88.140469,3.220546,3.185523
-260.624728,90.803761,3.197916,3.191989
-260.296594,93.488729,3.181212,3.178518
-260.095047,96.185838,3.157504,3.177440
-260.032923,98.885277,3.164509,3.184445
-260.122794,101.577303,3.245332,3.210309
-260.367830,104.254553,3.286283,3.124636
-260.759527,106.912615,3.279817,3.079375
-261.288654,109.547262,3.223240,3.089073
-261.945981,112.154266,3.195222,3.156965
-262.718260,114.731632,3.188217,3.215158
-263.577113,117.285781,3.233478,3.239944
-264.490598,119.825114,3.278739,3.264730
-265.426772,122.358030,3.324539,3.288977
-266.355216,124.892529,3.352558,3.316996
-267.266434,127.431080,3.377344,3.344476
-268.166131,129.972136,3.402130,3.372494
-269.060351,132.514058,3.427454,3.400513
-269.955129,135.055214,3.452240,3.428532
-270.854478,137.594551,3.477565,3.456551
-271.758202,140.132227,3.502351,3.484570
-272.665577,142.668555,3.527676,3.512588
-273.575878,145.203845,3.552461,3.540607
-274.488381,147.738410,3.577247,3.568626
-275.402363,150.272560,3.602572,3.596645
-276.317098,152.806606,3.627358,3.624664
-277.231864,155.340861,3.652683,3.652683
-278.145934,157.875636,3.677468,3.680701
-279.058587,160.411241,3.702254,3.708720
-279.969096,162.947988,3.727579,3.736739
-280.876740,165.486189,3.752365,3.764758
-281.780791,168.026155,3.777689,3.792777
-282.680529,170.568197,3.802475,3.820795
-283.575226,173.112627,3.826722,3.851508
-284.464161,175.659755,3.845042,3.892998
-285.346608,178.209894,3.863901,3.934487
-286.221055,180.762684,3.882221,3.976515
-287.083130,183.315332,3.904313,4.019082
-287.927809,185.864493,4.054106,4.092901
-288.750069,188.406819,4.203360,4.166720
-289.544370,190.953565,4.353153,4.240539
-290.303304,193.568730,4.380633,4.530964
-290.921705,196.274461,4.440442,4.703388
-290.943816,198.899248,5.513778,4.819235
-289.880725,201.223293,5.650100,6.110255
-287.838784,202.965666,5.937293,6.152283
-285.323384,203.832465,6.491742,6.677636
-282.637895,203.890081,6.984226,7.128631
-279.945049,203.444454,7.201372,7.328534
-277.345561,202.724044,7.273574,7.470245
-274.827659,201.802571,7.317758,7.560228
-272.367065,200.736545,7.250944,7.438454
-269.939498,199.582479,7.183591,7.316680
-267.522967,198.391946,7.116238,7.195445
-265.109374,197.186566,6.980993,7.042419
-262.695827,195.976727,6.733135,6.837666
-260.279445,194.772795,6.485815,6.632914
-257.865187,193.571424,6.237956,6.428161
-255.505283,192.286573,5.990636,6.222869
-253.255939,190.823875,5.818752,6.032126
-251.091251,189.224334,5.686201,5.848926
-248.955733,187.577764,5.554190,5.665187
-246.819888,185.931896,5.422178,5.481987
-244.682507,184.288667,5.289627,5.298787
-242.543803,182.647713,5.234667,5.224969
-240.403988,181.008668,5.223352,5.215270
-238.263276,179.371169,5.212037,5.205032
-236.121876,177.734851,5.200722,5.194795
-233.980002,176.099351,5.189406,5.184557
-231.837868,174.464304,5.178630,5.174319
-229.695673,172.829364,5.167315,5.164082
-227.553496,171.194394,5.155999,5.153844
-225.411338,169.559396,5.144684,5.144145
-223.269200,167.924369,5.133369,5.133908
-221.127080,166.289314,5.122592,5.123670
-218.984977,164.654231,5.111277,5.113432
-216.842892,163.019121,5.099962,5.103195
-214.700824,161.383986,5.088646,5.092957
-212.558772,159.748825,5.077331,5.082719
-210.416737,158.113639,5.066016,5.072482
-208.274716,156.478429,5.055239,5.062783
-206.132711,154.843196,5.043924,5.052545
-203.990720,153.207941,5.032609,5.042308
-201.848743,151.572663,5.021293,5.032070
-199.706779,149.937365,5.009978,5.021832
-197.564829,148.302046,4.998663,5.011595
-195.422891,146.666707,4.987886,5.001357
-193.280965,145.031349,4.976571,4.991119
-191.139051,143.395973,4.965256,4.981421
-188.997148,141.760580,4.953941,4.971183
-186.855255,140.125170,4.942625,4.960945
-184.713372,138.489743,4.931310,4.950708
-182.571500,136.854301,4.920534,4.940470
-180.429636,135.218844,4.909218,4.930232
-178.287781,133.583374,4.897903,4.919995
-176.145934,131.947889,4.886588,4.909757
-174.004095,130.312392,4.875272,4.900058
-171.862263,128.676883,4.863957,4.889821
-169.720438,127.041364,4.853181,4.879583
-167.578619,125.405833,4.841865,4.869345
-165.436806,123.770292,4.830550,4.859108
-163.294997,122.134743,4.819235,4.848870
-161.153194,120.499186,4.807919,4.838632
-159.011395,118.863620,4.796604,4.828934
-156.869600,117.228048,4.785828,4.818696
-154.727809,115.592469,4.774512,4.808458
-152.586020,113.956884,4.763197,4.798221
-150.444233,112.321296,4.751882,4.787983
-148.302449,110.685702,4.740567,4.777745
-146.160665,109.050105,4.729251,4.767508
-144.018883,107.414506,4.718475,4.757270
-141.877101,105.778905,4.707160,4.747571
-139.735319,104.143302,4.695844,4.737334
-137.593537,102.507698,4.684529,4.727096
-135.451753,100.872095,4.673214,4.716858
-133.309968,99.236492,4.661898,4.706621
-131.168181,97.600892,4.651122,4.696383
-129.026392,95.965293,4.639807,4.686145
-126.884600,94.329697,4.628491,4.675908
-124.742804,92.694105,4.617176,4.666209
-122.601004,91.058517,4.605861,4.655971
-120.459200,89.422934,4.595084,4.645734
-118.317391,87.787358,4.583769,4.635496
-116.175576,86.151787,4.572454,4.625258
-114.033756,84.516224,4.561138,4.615021
-111.891929,82.880668,4.549823,4.604783
-109.750096,81.245121,4.538508,4.594545
-107.608255,79.609584,4.527731,4.584847
-105.466407,77.974056,4.516416,4.574609
-103.324550,76.338540,4.505101,4.564371
-101.182684,74.703034,4.493786,4.554134
-99.040810,73.067541,4.482470,4.543896
-96.898925,71.432061,4.471155,4.533658
-94.757030,69.796594,4.460379,4.523421
-92.615125,68.161141,4.449063,4.513722
-90.473208,66.525704,4.437748,4.503484
-88.331280,64.890282,4.426433,4.493247
-86.189339,63.254876,4.415117,4.483009
-84.047386,61.619487,4.403802,4.472771
-81.905420,59.984116,4.393026,4.462534
-79.763442,58.348761,4.381710,4.452296
-77.621455,56.713420,4.370395,4.442059
-75.479459,55.078090,4.359080,4.432360
-73.337458,53.442770,4.347764,4.422122
-71.195452,51.807457,4.336449,4.411884
-69.053442,50.172149,4.325673,4.401647
-66.911433,48.536845,4.314357,4.391409
-64.769423,46.901541,4.303042,4.381171
-62.627416,45.266236,4.291727,4.370934
-60.485414,43.630928,4.280412,4.360696
-58.343417,41.995615,4.269096,4.350997
-56.201429,40.360293,4.258320,4.340760
-54.059450,38.724962,4.247005,4.330522
-51.917482,37.089618,4.235689,4.320284
-49.775527,35.454261,4.224374,4.310047
-47.633587,33.818888,4.213059,4.299809
-45.491664,32.183496,4.201743,4.289572
-43.349759,30.548084,4.190967,4.279334
-41.207874,28.912649,4.179652,4.269635
-39.066011,27.277189,4.168336,4.259397
-36.924172,25.641702,4.157021,4.249160
-34.782358,24.006187,4.145706,4.238922
-32.640571,22.370639,4.134390,4.228685
-30.498813,20.735059,4.123614,4.218447
-28.357086,19.099443,4.112299,4.208209
-26.215391,17.463789,4.100983,4.198510
-24.073731,15.828096,4.089668,4.188273
-21.932106,14.192361,4.078353,4.178035
-19.790519,12.556581,4.067576,4.167798
-17.648972,10.920756,4.056261,4.157560
-15.507466,9.284881,4.044946,4.147322
-13.366003,7.648956,4.033631,4.137085
-11.224584,6.012979,4.022315,4.126847
-9.083212,4.376948,4.011000,4.117148
-6.941872,2.740877,4.000223,4.106910
-4.800541,1.104793,3.988908,4.096673
-2.659191,-0.531273,3.977593,4.086435
-0.517796,-2.167294,3.966278,4.076198
