-3.897203,-3.094902,2.738502,2.667363
-5.555910,-3.785989,2.745329,2.674549
-7.214604,-4.477109,2.751796,2.682094
-8.873283,-5.168274,2.758623,2.689639
-10.531946,-5.859482,2.765449,2.697184
-12.190594,-6.550732,2.772276,2.704729
-13.849228,-7.242022,2.779102,2.712274
-15.507849,-7.933349,2.785929,2.719460
-17.166456,-8.624713,2.792755,2.727005
-18.825052,-9.316113,2.799582,2.734550
-20.483636,-10.007545,2.806049,2.742095
-22.142208,-10.699008,2.812875,2.749640
-23.800771,-11.390501,2.819702,2.756826
-25.459324,-12.082022,2.826528,2.764371
-27.117868,-12.773568,2.833355,2.771916
-28.776403,-13.465140,2.840181,2.779461
-30.434931,-14.156734,2.847008,2.787007
-32.093452,-14.848349,2.853475,2.794552
-33.751967,-15.539982,2.860302,2.801737
-35.410476,-16.231634,2.867128,2.809282
-37.068980,-16.923301,2.873955,2.816828
-38.727479,-17.614982,2.880781,2.824373
-40.385974,-18.306675,2.887608,2.831918
-42.044467,-18.998379,2.894434,2.839463
-43.702957,-19.690092,2.901261,2.846649
-45.361445,-20.381811,2.907728,2.854194
-47.019932,-21.073536,2.914554,2.861739
-48.678418,-21.765265,2.921381,2.869284
-50.336905,-22.456996,2.928207,2.876829
-51.995392,-23.148726,2.935034,2.884374
-53.653881,-23.840455,2.941860,2.891560
-55.312372,-24.532180,2.948687,2.899105
-56.970865,-25.223901,2.955513,2.906650
-58.629362,-25.915615,2.961980,2.914195
-60.287863,-26.607320,2.968807,2.921740
-61.946369,-27.299015,2.975633,2.929285
-63.604880,-27.990698,2.982460,2.936471
-65.263397,-28.682367,2.989286,2.944016
-66.921919,-29.374024,2.996113,2.951561
-68.580447,-30.065668,3.002939,2.959106
-70.238980,-30.757301,3.009766,2.966651
-71.897518,-31.448921,3.016233,2.974196
-73.556061,-32.140532,3.023060,2.981382
-75.214608,-32.832131,3.029886,2.988927
-76.873159,-33.523720,3.036713,2.996472
-78.531715,-34.215301,3.043539,3.004017
-80.190273,-34.906872,3.050366,3.011562
-81.848836,-35.598435,3.057192,3.019107
-83.507401,-36.289990,3.063659,3.026293
-85.165969,-36.981538,3.070486,3.033838
-86.824541,-37.673079,3.077312,3.041383
-88.483114,-38.364614,3.084139,3.048928
-90.141690,-39.056143,3.090965,3.056473
-91.800267,-39.747666,3.097792,3.064019
-93.458847,-40.439185,3.104618,3.071204
-95.117427,-41.130700,3.111445,3.078749
-96.776010,-41.822211,3.117912,3.086294
-98.434592,-42.513719,3.124738,3.093840
-100.093176,-43.205224,3.131565,3.101385
-101.751760,-43.896727,3.138391,3.108570
-103.410344,-44.588228,3.145218,3.116115
-105.068929,-45.279728,3.152044,3.123661
-106.727513,-45.971227,3.158871,3.131206
-108.386096,-46.662727,3.165697,3.138751
-110.044679,-47.354227,3.172165,3.146296
-111.703261,-48.045728,3.178991,3.153482
-113.361841,-48.737230,3.185818,3.161027
-115.020420,-49.428734,3.192644,3.168572
-116.678997,-50.120241,3.199471,3.176117
-118.337572,-50.811750,3.206297,3.183662
-119.996145,-51.503263,3.213124,3.191207
-121.654716,-52.194780,3.219950,3.198393
-123.313283,-52.886302,3.226417,3.205938
-124.971848,-53.577828,3.233244,3.213483
-126.630409,-54.269361,3.240070,3.221028
-128.288967,-54.960899,3.246897,3.228573
-129.947521,-55.652444,3.253723,3.236118
-131.606071,-56.343996,3.260550,3.243304
-133.264617,-57.035556,3.267376,3.250849
-134.923159,-57.727124,3.273843,3.258394
-136.581695,-58.418700,3.280670,3.265939
-138.240227,-59.110285,3.287496,3.273484
-139.898754,-59.801881,3.294323,3.281029
-141.557275,-60.493486,3.301149,3.288215
-143.215790,-61.185102,3.307976,3.295760
-144.874299,-61.876730,3.314802,3.303305
-146.532802,-62.568369,3.321629,3.310850
-148.191299,-63.260021,3.328096,3.318395
-149.849789,-63.951685,3.334923,3.325940
-151.508272,-64.643362,3.341749,3.333126
-153.166747,-65.335054,3.348576,3.340671
-154.825216,-66.026759,3.355402,3.348216
-156.483677,-66.718480,3.362229,3.355761
-158.142129,-67.410216,3.369055,3.363306
-159.800574,-68.101968,3.375882,3.370852
-161.459010,-68.793736,3.382349,3.378037
-163.117437,-69.485521,3.389175,3.385582
-164.775856,-70.177323,3.396002,3.393127
-166.434265,-70.869144,3.402828,3.400673
-168.092664,-71.560982,3.409655,3.408218
-169.751054,-72.252840,3.416481,3.415763
-171.409435,-72.944718,3.423308,3.422948
-173.067805,-73.636615,3.430134,3.430494
-174.726164,-74.328533,3.436601,3.438039
-176.384513,-75.020471,3.443428,3.445584
-178.042852,-75.712430,3.450254,3.453129
-179.701232,-76.404319,3.457081,3.460315
-181.359787,-77.095905,3.463907,3.467860
-183.018656,-77.786945,3.470734,3.475405
-184.677978,-78.477195,3.477560,3.482950
-186.337893,-79.166411,3.484028,3.490495
-187.998541,-79.854349,3.533250,3.527142
-189.660061,-80.540764,3.655409,3.615528
-191.322593,-81.225413,3.777567,3.703553
-192.985422,-81.909638,3.900085,3.791579
-194.630817,-82.626388,4.022243,3.879964
-196.225415,-83.437648,4.149431,3.994578
-197.754173,-84.372048,4.286320,4.159491
-199.252845,-85.365667,4.422850,4.324764
-200.753704,-86.359659,4.559380,4.489678
-202.257029,-87.350044,4.695910,4.654951
-203.757795,-88.341944,4.797948,4.745133
-205.250966,-89.340489,4.878788,4.790044
-206.726758,-90.357566,4.959988,4.834955
-208.162721,-91.423068,5.041187,4.879507
-209.534316,-92.569857,4.981186,4.850045
-210.817005,-93.830794,4.886693,4.801901
-211.972140,-95.237256,4.753396,4.657107
-212.834215,-96.807251,4.452671,4.328717
-213.172305,-98.548808,4.102364,3.959008
-212.846925,-100.308876,4.074340,3.767507
-211.859298,-101.697618,3.213483,3.676607
-210.336194,-102.559959,3.136236,2.960903
-208.567542,-103.104947,3.021263,2.921021
-206.804337,-103.538587,2.827606,2.902698
-205.068849,-103.928992,2.778384,2.802815
-203.326592,-104.301779,2.729161,2.703292
-201.572914,-104.663898,2.679938,2.603410
-199.811422,-105.017134,2.651555,2.588679
-198.045723,-105.363273,2.623530,2.576463
-196.278887,-105.703908,2.595865,2.563888
-194.511628,-106.039793,2.568199,2.551672
-192.744006,-106.371450,2.547720,2.535504
-190.976081,-106.699402,2.529037,2.518977
-189.207918,-107.024169,2.510354,2.502090
-187.439576,-107.346274,2.491671,2.485563
-185.671118,-107.666239,2.472988,2.468676
-183.902605,-107.984586,2.454305,2.452149
-182.134099,-108.301837,2.435622,2.435622
-180.365662,-108.618514,2.416939,2.418735
-178.597354,-108.935138,2.398256,2.402208
-176.829239,-109.252232,2.379573,2.385321
-175.061376,-109.570319,2.360890,2.368794
-173.293829,-109.889918,2.342206,2.352267
-171.526659,-110.211554,2.323523,2.335380
-169.759927,-110.535747,2.304840,2.318853
-167.993694,-110.863020,2.286157,2.301966
-166.227935,-111.193540,2.267474,2.285439
-164.461920,-111.524637,2.248791,2.268552
-162.694579,-111.852283,2.230108,2.252025
-160.924843,-112.172440,2.211784,2.235498
-159.151704,-112.481299,2.193101,2.216815
-157.376902,-112.785167,2.176933,2.186275
-155.605959,-113.104276,2.160406,2.156095
-153.844675,-113.459873,2.143879,2.125914
-152.098847,-113.873204,2.105076,2.130585
-150.374229,-114.362798,2.059805,2.149268
-148.676391,-114.935639,2.053338,2.186994
-147.010850,-115.595649,2.083518,2.191305
-145.383126,-116.346749,2.140645,2.163999
-143.798602,-117.192377,2.123399,2.110106
-142.260472,-118.128250,2.118729,2.105435
-140.770173,-119.143858,2.119447,2.121244
-139.329088,-120.228518,2.128429,2.132382
-137.938561,-121.371839,2.124118,2.147472
-136.599262,-122.568083,2.101483,2.168310
-135.311327,-123.815231,2.100405,2.164718
-134.074872,-125.111373,2.106513,2.152502
-132.890018,-126.454594,2.094297,2.167592
-131.756881,-127.842985,2.094656,2.173341
-130.675581,-129.274630,2.134537,2.149987
-129.646236,-130.747620,2.133459,2.144957
-128.668966,-132.260040,2.093938,2.157532
-127.745251,-133.810125,2.112261,2.115854
-126.886967,-135.397227,2.133100,2.085315
-126.110774,-137.021211,2.107950,2.176215
-125.433356,-138.681943,2.124836,2.195976
-124.871016,-140.379215,2.193461,2.129867
-124.424632,-142.109691,2.124477,2.187712
-124.074732,-143.865908,2.015972,2.280409
-123.800446,-145.640121,2.105435,2.189868
-123.580907,-147.424586,2.170107,2.130226
-123.398007,-149.212784,2.155735,2.172622
-123.244762,-151.003134,2.153220,2.199209
-123.116997,-152.795304,2.185916,2.178371
-123.010535,-154.588960,2.218970,2.157532
-122.921201,-156.383769,2.205317,2.170466
-122.844817,-158.179397,2.188431,2.185556
-122.777208,-159.975511,2.171544,2.200647
-122.714197,-161.771778,2.154658,2.215737
-122.651614,-163.567865,2.148909,2.219689
-122.586706,-165.363563,2.149987,2.217174
-122.519860,-167.158939,2.151065,2.214659
-122.451888,-168.954097,2.152142,2.212144
-122.383604,-170.749141,2.153580,2.209629
-122.315819,-172.544175,2.154658,2.207114
-122.249345,-174.339303,2.155735,2.204599
-122.184994,-176.134629,2.156813,2.202084
-122.123580,-177.930257,2.158250,2.199569
-122.065773,-179.726275,2.159328,2.197054
-122.011239,-181.522655,2.160406,2.194539
-121.959195,-183.319322,2.161484,2.192024
-121.908854,-185.116195,2.162921,2.189509
-121.859435,-186.913198,2.163999,2.186994
-121.810150,-188.710252,2.165077,2.184479
-121.760217,-190.507279,2.166155,2.182323
-121.708850,-192.304202,2.167592,2.179808
-121.655264,-194.100942,2.168670,2.177293
-121.598676,-195.897422,2.169748,2.174778
-121.538299,-197.693563,2.170826,2.172263
-121.473351,-199.489287,2.172263,2.169748
-121.403046,-201.284517,2.173341,2.167233
-121.326600,-203.079174,2.174418,2.164718
-121.243227,-204.873181,2.188790,2.118729
-121.152144,-206.666460,2.204239,2.069506
-121.052566,-208.458931,2.219330,2.020643
-120.942507,-210.250314,2.217892,2.023158
-120.802940,-212.037414,2.202084,2.069865
-120.602168,-213.814878,2.186634,2.116932
-120.308195,-215.577300,2.171903,2.161484
-119.889114,-217.319268,2.214659,2.107591
-119.328253,-219.034524,2.202084,2.103279
-118.641478,-220.715001,2.097531,2.181963
-117.848836,-222.352398,2.100764,2.155735
-116.970375,-223.938415,2.160047,2.076692
-116.025090,-225.466491,2.155735,2.082081
-115.024640,-226.942144,2.138489,2.084955
-113.977575,-228.376026,2.106153,2.084955
-112.892431,-229.778807,2.085315,2.069147
-111.777746,-231.161157,2.082440,2.028188
-110.642056,-232.533744,2.077770,2.010942
-109.493898,-233.907240,2.068787,2.054416
-108.341810,-235.292313,2.090345,2.076692
-107.194452,-236.699517,2.164358,2.061602
-106.064707,-238.135439,2.163640,2.097531
-104.970610,-239.601831,2.131304,2.153939
-103.930508,-241.100145,2.052979,2.228312
-102.962749,-242.631837,1.998367,2.284361
-102.085684,-244.198361,2.093578,2.231905
-101.317660,-245.801173,2.174418,2.190227
-100.677024,-247.441726,2.243761,2.157173
-100.182126,-249.121476,2.148909,2.198850
-99.849662,-250.841479,1.996211,2.266756
-99.674257,-252.597465,2.049745,2.249869
-99.634814,-254.381372,2.150705,2.213581
-99.709897,-256.185056,2.161125,2.208910
-99.878071,-258.000373,2.169388,2.205317
-100.117901,-259.819178,2.196335,2.215018
-100.407948,-261.633327,2.224000,2.225437
-100.726780,-263.434677,2.238013,2.223641
-101.052910,-265.215123,2.215377,2.189509
-101.357885,-266.972518,2.193101,2.155376
-101.599124,-268.716777,2.175856,2.125196
-101.732337,-270.459278,2.162203,2.097171
-101.713233,-272.211397,2.179089,2.068428
-101.509764,-273.983095,2.167233,2.084596
-101.170254,-275.775050,2.112980,2.160047
-100.773048,-277.583269,2.120525,2.138130
-100.321307,-279.374926,2.131304,2.106153
-99.731447,-281.084516,2.139208,2.074536
-98.963837,-282.679890,2.201724,2.052619
-98.036128,-284.170164,2.156813,2.074895
-96.969218,-285.566796,2.098608,2.093219
-95.784005,-286.881239,2.106872,2.049745
-94.501389,-288.124952,2.139208,2.031781
-93.142270,-289.309389,2.166155,2.042559
-91.727545,-290.446008,2.144597,2.105794
-90.278115,-291.546263,2.135256,2.161125
-88.812875,-292.621717,2.165077,2.190946
-87.343765,-293.684295,2.194898,2.220767
-85.881216,-294.746002,2.212144,2.249151
-84.435657,-295.818842,2.206754,2.275379
-83.017518,-296.914821,2.201724,2.301607
-81.637229,-298.045943,2.196694,2.284720
-80.305221,-299.224213,2.191664,2.209988
-79.031922,-300.461636,2.182323,2.144238
-77.827737,-301.770164,2.114058,2.196335
-76.699982,-303.155463,2.065554,2.239090
-75.649998,-304.611037,2.099686,2.243761
-74.678444,-306.128999,2.134178,2.228671
-73.785977,-307.701464,2.169388,2.177293
-72.973256,-309.320545,2.190946,2.161843
-72.240939,-310.978355,2.192742,2.195257
-71.589684,-312.667009,2.194898,2.225797
-71.020150,-314.378619,2.199209,2.240887
-70.532540,-316.106014,2.203521,2.255977
-70.124255,-317.846418,2.165436,2.307355
-69.791625,-319.598732,2.133819,2.344362
-69.530983,-321.361860,2.181245,2.239090
-69.338658,-323.134706,2.228312,2.134178
-69.210981,-324.916174,2.214659,2.162562
-69.144281,-326.705167,2.194898,2.198850
-69.134890,-328.500590,2.137052,2.286157
-69.179139,-330.301347,2.146753,2.295140
-69.275243,-332.105473,2.235138,2.213222
-69.427685,-333.908126,2.243043,2.193820
-69.642246,-335.703866,2.169388,2.236935
-69.924705,-337.487252,2.114417,2.256336
-70.280844,-339.252845,2.123759,2.192742
-70.716443,-340.995205,2.123040,2.116932
-71.237283,-342.708890,2.097531,2.010583
-71.849144,-344.388462,2.066991,1.960282
-72.557297,-346.028572,2.030703,1.967109
-73.361108,-347.624927,1.955971,2.082081
-74.256140,-349.173919,1.987229,2.136334
-75.237896,-350.671949,2.069506,2.163640
-76.301877,-352.115417,2.119447,2.234420
-77.443583,-353.500726,2.103279,2.353704
-78.658516,-354.824276,2.077051,2.291187
-79.942177,-356.082469,2.171903,2.201006
-81.290067,-357.271706,2.188790,2.179808
-82.696373,-358.390941,2.164718,2.194179
-84.147563,-359.454117,2.141005,2.208551
-85.627296,-360.480628,2.117291,2.222922
-87.119229,-361.489878,2.093578,2.237294
-88.607359,-362.500888,2.096453,2.234420
-90.084555,-363.522801,2.125555,2.213940
-91.553146,-364.554228,2.155017,2.193461
-93.015922,-365.593265,2.184119,2.172622
-94.475614,-366.638040,2.213581,2.152142
-95.933455,-367.687527,2.242683,2.131663
-97.389085,-368.741598,2.272145,2.111184
-98.842070,-369.800167,2.261726,2.115854
-100.291973,-370.863148,2.235138,2.130226
-101.738359,-371.930455,2.208551,2.144957
-103.180793,-373.002002,2.181963,2.159688
-104.618840,-374.077705,2.155376,2.174418
-106.052062,-375.157476,2.129148,2.188790
-107.479153,-376.242985,2.108309,2.190227
-108.889193,-377.355237,2.143879,2.066632
-110.264622,-378.527430,2.164718,1.999445
-111.527499,-379.810021,2.009145,2.173341
-112.494171,-381.282999,2.120884,2.038966
-113.087125,-382.960659,2.073458,2.010583
-113.432182,-384.738002,2.149987,2.099686
-113.630993,-386.534428,2.172981,2.169748
-113.707996,-388.332399,2.204599,2.174418
-113.679724,-390.124646,2.264600,2.120525
-113.562338,-391.910780,2.324601,2.066991
-113.371961,-393.691096,2.384962,2.013098
-113.124718,-395.465887,2.280409,2.112261
-112.835289,-397.235445,2.175856,2.211784
-112.510482,-399.000058,2.078488,2.304481
-112.154434,-400.760011,2.143879,2.245558
-111.771279,-402.515587,2.208910,2.186275
-111.364944,-404.267009,2.255618,2.143160
-110.934532,-406.012992,2.281127,2.118010
-110.474318,-407.750751,2.294780,2.100764
-109.978366,-409.477434,2.247354,2.127711
-109.440738,-411.190189,2.199928,2.154298
-108.855498,-412.886165,2.152502,2.181245
-108.216710,-414.562511,2.102920,2.183041
-107.518437,-416.216373,2.057649,2.173341
-106.754755,-417.844905,2.124477,2.061602
-105.933398,-419.450536,2.153939,2.004475
-105.102247,-421.051204,2.115495,2.048308
-104.316520,-422.667681,2.138849,2.079566
-103.631432,-424.320739,2.143160,2.135974
-103.099222,-426.028679,2.036092,2.291547
-102.742047,-427.784878,2.075255,2.245558
-102.564624,-429.568255,2.087111,2.181963
-102.571453,-431.357552,2.051182,2.129867
-102.766896,-433.131596,2.156095,2.122681
-103.145394,-434.875443,2.157173,2.136693
-103.684981,-436.584438,2.126274,2.152142
-104.362147,-438.254894,2.078488,2.161484
-105.153387,-439.883122,2.063757,2.192024
-106.039279,-441.463299,2.076692,2.198491
-107.021688,-442.978466,2.115495,2.119806
-108.109396,-444.408049,2.138849,2.065194
-109.311186,-445.731474,2.126992,2.054057
-110.632867,-446.930300,2.035373,2.134897
-112.064896,-447.997120,2.028188,2.235498
-113.592795,-448.928066,2.060883,2.143160
-115.202083,-449.719277,2.083518,2.103638
-116.878281,-450.366889,2.096453,2.147112
-118.606907,-450.867039,2.106153,2.123399
-120.373482,-451.215864,2.215018,2.030343
-122.163524,-451.409502,2.030343,2.111184
-123.962555,-451.444163,1.964953,2.103279
-125.756958,-451.371676,1.979324,1.996211
-127.535507,-451.398091,2.136693,1.976450
-129.283079,-451.737367,2.057290,2.053697
-130.944152,-452.429148,2.041122,2.035014
-132.445613,-453.417651,2.174059,2.019565
-133.755958,-454.644804,1.978606,2.096812
-134.867850,-456.052661,2.103638,2.075614
-135.787071,-457.591135,2.192383,2.040044
-136.528764,-459.216119,2.165077,2.101842
-137.129942,-460.899341,2.181963,2.132022
-137.639273,-462.620971,2.155376,2.174059
-138.105537,-464.361260,2.128789,2.216096
-138.577133,-466.100612,2.125555,2.222563
-139.080470,-467.828174,2.127711,2.220767
-139.608392,-469.546454,2.129867,2.219330
-140.150913,-471.259082,2.132022,2.217892
-140.698046,-472.969687,2.134178,2.216455
-141.241322,-474.681364,2.136334,2.214659
-141.779515,-476.394654,2.138489,2.213222
-142.313559,-478.109333,2.140645,2.211784
-142.844389,-479.825181,2.142801,2.210347
-143.372939,-481.541973,2.144957,2.208910
-143.900143,-483.259487,2.147112,2.207114
-144.426936,-484.977501,2.149268,2.205677
-144.954253,-486.695792,2.151424,2.204239
-145.482993,-488.414139,2.153580,2.202802
-146.013423,-490.132379,2.155735,2.201006
-146.545246,-491.850394,2.157891,2.199569
-147.078144,-493.568068,2.160047,2.198131
-147.611800,-495.285284,2.162203,2.196694
-148.145896,-497.001929,2.164358,2.194898
-148.680116,-498.717886,2.166514,2.193461
-149.214141,-500.433039,2.168670,2.192024
-149.747653,-502.147273,2.170826,2.190586
-150.280354,-503.860543,2.172981,2.189149
-150.812080,-505.573412,2.175137,2.187353
-151.342747,-507.286758,2.177293,2.185916
-151.872266,-509.001465,2.179448,2.184479
-152.400552,-510.718412,2.181245,2.183041
-152.927517,-512.438481,2.186634,2.172622
-153.453074,-514.162555,2.195257,2.150705
-153.977137,-515.891514,2.204239,2.129148
-154.498452,-517.626274,2.155376,2.184479
-154.954690,-519.369535,2.098608,2.184479
-155.193710,-521.126619,2.160047,2.092141
-155.098652,-522.897914,2.190227,2.060524
-154.747478,-524.660200,2.170826,2.110824
-154.258495,-526.389359,2.285798,2.056212
-153.680008,-528.087777,2.209629,2.136693
-153.040548,-529.765334,2.133100,2.216815
-152.368647,-531.431905,2.097890,2.266037
-151.691956,-533.097062,2.112621,2.276816
-151.022822,-534.765065,2.127352,2.287595
-150.360601,-536.435664,2.142082,2.298373
-149.704243,-538.108467,2.156813,2.309511
-149.052695,-539.783082,2.171185,2.320290
-148.404904,-541.459116,2.185916,2.331069
-147.759819,-543.136177,2.200647,2.341847
-147.116385,-544.813874,2.215377,2.352985
-146.473552,-546.491814,2.230108,2.363764
-145.830546,-548.169708,2.244839,2.374543
-145.187275,-549.847521,2.259570,2.385321
-144.543746,-551.525254,2.274301,2.396459
-143.899971,-553.202911,2.288672,2.407238
-143.255957,-554.880493,2.303403,2.418017
-142.611716,-556.558003,2.318134,2.428795
-141.967255,-558.235441,2.332865,2.439933
-141.322585,-559.912811,2.347596,2.450712
-140.677715,-561.590115,2.362327,2.461491
-140.032655,-563.267355,2.377058,2.472269
-139.387413,-564.944533,2.391429,2.483407
-138.742000,-566.621652,2.406160,2.494186
-138.096424,-568.298712,2.420891,2.504965
-137.450696,-569.975717,2.435622,2.515743
-136.804825,-571.652669,2.450353,2.526881
-136.158819,-573.329570,2.465083,2.537660
-135.512689,-575.006422,2.479814,2.548438
-134.866443,-576.683227,2.494545,2.559217
-134.220092,-578.359987,2.508917,2.570355
-133.573645,-580.036705,2.523648,2.581134
-132.927111,-581.713383,2.538378,2.591912
-132.280500,-583.390022,2.553109,2.602691
-131.633821,-585.066625,2.567840,2.613470
-130.987084,-586.743195,2.582571,2.624608
-130.340297,-588.419733,2.597302,2.635386
-129.693470,-590.096241,2.611673,2.646165
-129.046614,-591.772722,2.626404,2.656944
-128.399737,-593.449177,2.641135,2.668082
-127.752849,-595.125610,2.655866,2.678860
-127.105958,-596.802021,2.670597,2.689639
-126.459075,-598.478414,2.685328,2.700418
-125.812210,-600.154790,2.700059,2.711556
-125.165370,-601.831152,2.714789,2.722334
-124.518567,-603.507501,2.729161,2.733113
-123.871808,-605.183841,2.743892,2.743892
-123.225080,-606.860169,2.758623,2.755030
-122.578338,-608.536481,2.773354,2.765808
-121.931534,-610.212772,2.788084,2.776587
-121.284621,-611.889036,2.802815,2.787366
-120.637551,-613.565268,2.817546,2.798504
-119.990278,-615.241463,2.832277,2.809282
-119.342752,-616.917615,2.846649,2.820061
-118.694929,-618.593720,2.861379,2.830840
-118.046759,-620.269771,2.876110,2.841978
-117.398195,-621.945765,2.928207,2.885093
-116.749191,-623.621694,3.006892,2.950842
-116.099699,-625.297556,3.085935,3.016952
-115.449671,-626.973342,3.164620,3.082702
-114.799059,-628.649049,3.243304,3.148811
-114.147818,-630.324672,3.321988,3.214561
-113.495898,-632.000204,3.400673,3.280670
-112.843244,-633.675636,3.479716,3.346420
-112.187566,-635.349789,3.558401,3.412529
-111.521468,-637.018808,3.637085,3.478279
-110.836839,-638.678468,3.715769,3.544388
-110.125573,-640.324540,3.794454,3.610138
-109.380611,-641.953553,3.885354,3.731937
-108.602833,-643.567744,3.981643,3.879605
-107.796744,-645.171957,4.077933,4.027632
-106.966872,-646.771048,4.174941,4.192187
-106.116447,-648.368511,4.274823,4.431473
-105.197110,-649.913458,4.665371,4.469917
-104.092677,-651.283512,4.626208,4.396622
-102.707037,-652.354517,4.395904,4.233864
-101.042923,-653.014669,3.628821,3.617324
-99.186312,-653.157355,3.178632,3.248693
-97.454060,-652.684255,2.944735,3.088450
-96.125534,-651.572833,2.957310,2.799941
-95.115595,-650.085184,3.009047,2.861379
-94.278988,-648.493616,3.050366,2.869284
-93.573106,-646.854763,3.052521,2.776228
-92.979010,-645.175523,2.908087,2.775869
-92.477765,-643.462794,2.818624,2.747485
-92.050431,-641.723475,2.762934,2.701496
-91.678072,-639.964463,2.707604,2.655507
-91.341749,-638.192658,2.652273,2.609518
-91.022525,-636.414957,2.596943,2.563529
-90.701508,-634.638242,2.541253,2.517540
-90.366288,-632.867024,2.523288,2.506402
-90.017644,-631.100983,2.507120,2.497419
-89.657958,-629.339216,2.490952,2.488437
-89.289609,-627.580818,2.475143,2.479455
-88.914980,-625.824886,2.458975,2.470473
-88.536451,-624.070515,2.442807,2.461491
-88.156403,-622.316801,2.426999,2.452508
-87.777219,-620.562840,2.410831,2.443526
-87.400999,-618.807831,2.394663,2.434544
-87.028013,-617.051644,2.378495,2.425562
-86.657793,-615.294425,2.362686,2.416579
-86.289867,-613.536316,2.346518,2.407597
-85.923763,-611.777463,2.330350,2.398615
-85.559009,-610.018010,2.314541,2.389633
-85.195134,-608.258100,2.301607,2.383525
-84.831666,-606.497880,2.299810,2.386399
-84.468134,-604.737492,2.298373,2.389633
-84.104066,-602.977081,2.296936,2.392866
-83.738990,-601.216792,2.295140,2.395741
-83.372436,-599.456769,2.293702,2.398974
-83.003931,-597.697157,2.291906,2.401848
-82.633003,-595.938099,2.290469,2.405082
-82.259182,-594.179740,2.288672,2.408316
-81.881995,-592.422224,2.287235,2.411190
-81.500971,-590.665696,2.285798,2.414424
-81.115670,-588.910291,2.284002,2.417298
-80.726051,-587.156022,2.282564,2.420532
-80.332341,-585.402822,2.280768,2.423765
-79.934776,-583.650622,2.279331,2.426639
-79.533592,-581.899350,2.277534,2.429873
-79.129023,-580.148938,2.276097,2.432747
-78.721304,-578.399316,2.275019,2.432747
-78.310669,-576.650414,2.274301,2.431310
-77.897355,-574.902162,2.273582,2.429873
-77.481594,-573.154492,2.272504,2.428436
-77.063623,-571.407332,2.271786,2.426999
-76.643676,-569.660614,2.271067,2.425202
-76.221989,-567.914267,2.270349,2.423765
-75.798795,-566.168223,2.269630,2.422328
-75.374330,-564.422410,2.268911,2.420891
-74.948829,-562.676760,2.267834,2.419454
-74.522527,-560.931204,2.267115,2.417657
-74.095653,-559.185672,2.266396,2.416220
-73.668287,-557.440150,2.265678,2.414783
-73.240339,-555.694683,2.264959,2.413346
-72.811710,-553.949317,2.263881,2.411909
-72.382302,-552.204102,2.263163,2.410112
-71.952015,-550.459085,2.262444,2.408675
-71.520751,-548.714313,2.261726,2.407238
-71.088411,-546.969835,2.261007,2.405801
-70.654895,-545.225697,2.259929,2.404364
-70.220088,-543.481952,2.259211,2.402567
-69.783668,-541.738688,2.258492,2.401130
-69.345180,-539.996024,2.257774,2.399693
-68.904163,-538.254075,2.257055,2.398256
-68.460159,-536.512958,2.256336,2.396459
-68.012708,-534.772790,2.255618,2.395022
-67.561352,-533.033687,2.255618,2.393226
-67.105630,-531.295766,2.255977,2.391429
-66.645086,-529.559144,2.256336,2.389633
-66.179530,-527.823867,2.256336,2.388196
-65.709271,-526.089849,2.256696,2.386399
-65.234674,-524.356992,2.257055,2.384603
-64.756105,-522.625195,2.257055,2.382806
-64.273929,-520.894360,2.257414,2.381010
-63.788511,-519.164386,2.257774,2.379213
-63.300217,-517.435175,2.257774,2.377417
-62.809412,-515.706626,2.258133,2.375620
-62.316461,-513.978641,2.258492,2.373824
-61.821730,-512.251119,2.258492,2.372027
-61.325583,-510.523962,2.258851,2.370231
-60.828387,-508.797070,2.259211,2.368435
-60.330506,-507.070344,2.259211,2.367716
-59.832306,-505.343683,2.259211,2.369872
-59.334152,-503.616988,2.259211,2.372027
-58.836410,-501.890160,2.259211,2.373824
-58.339443,-500.163099,2.259211,2.375980
-57.843581,-498.435718,2.259211,2.377776
-57.348698,-496.708057,2.259211,2.379932
-56.854387,-494.980242,2.259211,2.382088
-56.360232,-493.252398,2.259211,2.383884
-55.865820,-491.524651,2.259211,2.386040
-55.370735,-489.797126,2.259211,2.388196
-54.874563,-488.069951,2.259211,2.389992
-54.376891,-486.343251,2.259211,2.392148
-53.877302,-484.617151,2.259211,2.394303
-53.375385,-482.891778,2.259211,2.396100
-52.870722,-481.167258,2.259211,2.398256
-52.362902,-479.443716,2.258851,2.400052
-51.851507,-477.721279,2.258851,2.402208
-51.336126,-476.000073,2.258851,2.404364
-50.816342,-474.280222,2.258851,2.406160
-50.291742,-472.561855,2.258851,2.408316
-49.761912,-470.845095,2.258851,2.410471
-49.226459,-469.130063,2.258851,2.412268
-48.685589,-467.416692,2.256696,2.412268
-48.140139,-465.704721,2.254540,2.412627
-47.590977,-463.993880,2.252743,2.412627
-47.038970,-462.283897,2.250588,2.412986
-46.484987,-460.574503,2.248432,2.412986
-45.929893,-458.865426,2.246636,2.413346
-45.374558,-457.156397,2.244480,2.413346
-44.819847,-455.447143,2.242324,2.413705
-44.266551,-453.737421,2.240168,2.413705
-43.714577,-452.027267,2.238372,2.414064
-43.163284,-450.316894,2.236216,2.414064
-42.612029,-448.606517,2.234060,2.414424
-42.060163,-446.896350,2.232264,2.414783
-41.507042,-445.186609,2.230108,2.414783
-40.952017,-443.477508,2.227953,2.415142
-40.394444,-441.769263,2.226156,2.415142
-39.833677,-440.062087,2.224000,2.415501
-39.269327,-438.356111,2.221845,2.415501
-38.701447,-436.651322,2.220048,2.415861
-38.130137,-434.947689,2.217892,2.415861
-37.555495,-433.245184,2.215737,2.416220
-36.977620,-431.543775,2.213581,2.416220
-36.396612,-429.843436,2.211784,2.416579
-35.812571,-428.144136,2.209629,2.416579
-35.225595,-426.445845,2.207473,2.416939
-34.635784,-424.748535,2.210347,2.421969
-34.043236,-423.052175,2.214300,2.428077
-33.448052,-421.356737,2.218252,2.434185
-32.850330,-419.662190,2.222204,2.440652
-32.250169,-417.968506,2.226156,2.446760
-31.647670,-416.275655,2.230108,2.452868
-31.042930,-414.583608,2.234060,2.459335
-30.436049,-412.892334,2.238013,2.465443
-29.827127,-411.201807,2.241965,2.471551
-29.216239,-409.512001,2.245917,2.478018
-28.603387,-407.822919,2.249869,2.484126
-27.988560,-406.134567,2.253821,2.490234
-27.371747,-404.446947,2.257774,2.496701
-26.752938,-402.760067,2.261726,2.502809
-26.132121,-401.073929,2.265678,2.508917
-25.509285,-399.388542,2.269630,2.515384
-24.884420,-397.703907,2.273582,2.521492
-24.257513,-396.020031,2.277534,2.527600
-23.628554,-394.336919,2.281487,2.534067
-22.997533,-392.654575,2.285439,2.540175
-22.364438,-390.973006,2.289391,2.546283
-21.729257,-389.292215,2.293343,2.552750
-21.091981,-387.612207,2.297295,2.558858
-20.452597,-385.932989,2.301248,2.564966
-19.811096,-384.254564,2.311308,2.566044
-19.167465,-382.576938,2.354782,2.538738
-18.521691,-380.900117,2.398615,2.511432
-17.873748,-379.224118,2.442089,2.484126
-17.223602,-377.548959,2.485563,2.456820
-16.571222,-375.874658,2.529396,2.429514
-15.916576,-374.201235,2.572870,2.402208
-15.259631,-372.528708,2.570714,2.413346
-14.600356,-370.857096,2.559576,2.432029
-13.938719,-369.186419,2.548438,2.450712
-13.274688,-367.516694,2.537301,2.469395
-12.608229,-365.847940,2.526163,2.488078
-11.939313,-364.180177,2.515025,2.506761
-11.267906,-362.513422,2.503887,2.525444
-10.593976,-360.847696,2.511432,2.545923
-9.917491,-359.183016,2.519695,2.566044
-9.238421,-357.519402,2.528318,2.586523
-8.556731,-355.856871,2.536941,2.606643
-7.872391,-354.195444,2.545564,2.627123
-7.185383,-352.535132,2.554187,2.647243
-6.495846,-350.875878,2.562810,2.667723
-5.804008,-349.217587,2.571074,2.687843
-5.110096,-347.560163,2.579697,2.708322
-4.414339,-345.903510,2.588320,2.728442
-3.716965,-344.247531,2.596943,2.748922
-3.018202,-342.592131,2.605565,2.769401
-2.318279,-340.937213,2.614188,2.789522
-1.617425,-339.282680,2.622811,2.810001
-0.915866,-337.628439,2.633590,2.821139
-0.213832,-335.974391,2.654070,2.791318
0.488449,-334.320440,2.674908,2.761856
1.190749,-332.666492,2.695388,2.732395
1.892839,-331.012449,2.716227,2.702574
2.594491,-329.358216,2.736706,2.673112
3.295478,-327.703696,2.757545,2.643291
3.995569,-326.048794,2.759701,2.636464
4.694547,-324.393416,2.752515,2.641854
5.392393,-322.737556,2.745329,2.647243
6.089281,-321.081287,2.737784,2.652632
6.785387,-319.424685,2.730598,2.658022
7.480895,-317.767827,2.723053,2.663052
8.175983,-316.110790,2.715867,2.668441
8.870831,-314.453650,2.708322,2.673830
9.565620,-312.796484,2.701136,2.679220
10.260530,-311.139369,2.693951,2.684609
10.955741,-309.482379,2.686406,2.689998
11.651432,-307.825593,2.679220,2.695029
12.347785,-306.169088,2.671675,2.700418
13.044978,-304.512939,2.664489,2.705807
13.743193,-302.857223,2.657303,2.711197
14.442609,-301.202016,2.651195,2.717304
15.143405,-299.547396,2.670597,2.738502
15.845763,-297.893439,2.690358,2.759701
16.549861,-296.240220,2.710119,2.780899
17.255726,-294.587752,2.729520,2.802456
17.963156,-292.935946,2.749281,2.823654
18.671924,-291.284707,2.769042,2.844852
19.381805,-289.633936,2.788444,2.866050
20.092574,-287.983539,2.808205,2.887248
20.804005,-286.333417,2.827966,2.908446
21.515873,-284.683474,2.847367,2.929644
22.227953,-283.033614,2.867128,2.951202
22.940018,-281.383739,2.886889,2.972400
23.651843,-279.733753,2.906291,2.993598
24.363204,-278.083559,2.926051,3.014796
25.073874,-276.433061,2.945812,3.035994
25.783629,-274.782161,2.965214,3.057192
26.492242,-273.130764,2.984975,3.078749
27.199488,-271.478771,3.004736,3.099947
27.905143,-269.826087,3.024137,3.121146
28.608980,-268.172615,3.043898,3.142344
29.311158,-266.518427,3.063659,3.163542
30.015375,-264.865146,3.083061,3.184740
30.727231,-263.215232,3.102822,3.206297
31.452346,-261.571152,3.122583,3.227495
32.196102,-259.935273,3.141984,3.248693
32.949906,-258.304055,3.199111,3.245100
33.683642,-256.664854,3.305102,3.209531
34.365358,-255.004253,3.411092,3.173602
34.963102,-253.308836,3.517082,3.137673
35.399921,-251.573576,3.647145,3.163542
35.395768,-249.841299,3.784034,3.206297
34.740768,-248.231204,3.773974,3.128331
33.525500,-246.878270,3.551933,2.875751
32.039595,-245.905078,3.329533,2.623171
30.404708,-245.478594,3.178273,2.536941
28.658838,-245.483083,3.080187,2.575385
26.868836,-245.642749,2.982101,2.613829
25.070887,-245.861205,2.884015,2.652632
23.279640,-246.097419,2.787366,2.690717
21.494374,-246.347838,2.779102,2.692154
19.714002,-246.609796,2.770839,2.693591
17.937438,-246.880627,2.762575,2.695029
16.163596,-247.157664,2.754311,2.696466
14.391390,-247.438243,2.746048,2.697903
12.619733,-247.719696,2.737784,2.699340
10.847539,-247.999358,2.729520,2.700777
9.073826,-248.274710,2.716586,2.711915
7.298331,-248.544257,2.700777,2.728083
5.521100,-248.806945,2.684609,2.744251
3.742179,-249.061717,2.668800,2.760419
1.961615,-249.307520,2.652992,2.776228
0.179453,-249.543298,2.642213,2.786647
-1.604260,-249.767997,2.639698,2.786288
-3.389477,-249.980561,2.637542,2.785929
-5.176151,-250.179959,2.635027,2.785210
-6.964169,-250.365897,2.632871,2.784851
-8.753343,-250.538994,2.630716,2.784492
-10.543479,-250.699921,2.628201,2.784132
-12.334382,-250.849352,2.626045,2.783773
-14.125860,-250.987960,2.623530,2.783414
-15.917718,-251.116417,2.623530,2.780539
-17.709762,-251.235396,2.626764,2.775150
-19.501798,-251.345569,2.629638,2.769401
-21.293663,-251.447573,2.632512,2.764012
-23.085604,-251.541535,2.635386,2.758263
-24.878165,-251.627219,2.638620,2.752874
-26.671895,-251.704379,2.641494,2.747125
-28.467344,-251.772773,2.644369,2.741377
-30.265060,-251.832154,2.647243,2.735987
-32.065594,-251.882279,2.645447,2.724131
-33.869494,-251.922903,2.618500,2.678142
-35.677217,-251.953419,2.591194,2.632153
-37.475275,-251.919361,2.559217,2.582212
-39.221573,-251.655764,2.525444,2.577900
-40.870476,-251.011159,2.539456,2.585086
-42.376134,-250.014623,2.524725,2.540175
-43.686223,-248.761164,2.546642,2.513947
-44.706351,-247.293352,2.447838,2.580775
-45.327153,-245.634406,2.495982,2.599817
-45.499931,-243.865295,2.440292,2.701496
-45.246614,-242.130270,2.405801,2.618500
-44.629784,-240.496805,2.636464,2.585086
-43.753832,-238.941206,2.824013,2.645806
-42.725409,-237.434860,2.808564,2.684609
-41.651156,-235.949153,2.777665,2.720897
-40.614773,-234.460801,2.746407,2.757186
-39.622245,-232.964563,2.715149,2.793833
-38.663126,-231.459014,2.700777,2.758623
-37.726967,-229.942730,2.693591,2.694669
-36.799288,-228.418060,2.686046,2.630356
-35.852024,-226.900070,2.677064,2.587601
-34.854258,-225.406496,2.667004,2.559217
-33.775071,-223.955077,2.566403,2.557780
-32.585213,-222.566198,2.485922,2.548798
-31.275341,-221.291817,2.424843,2.619937
-29.849200,-220.204651,2.537660,2.599098
-28.310764,-219.377777,2.462928,2.621015
-26.664102,-218.883739,2.394303,2.534786
-24.923341,-218.739761,2.387118,2.447478
-23.121255,-218.860470,2.439933,2.328553
-21.292643,-219.149352,2.465083,2.327476
-19.472304,-219.509893,2.395381,2.367716
-17.688997,-219.856224,2.326038,2.407597
-15.935704,-220.165503,2.308793,2.412986
-14.192288,-220.438003,2.341847,2.385321
-12.438591,-220.674032,2.387118,2.360890
-10.658281,-220.870640,2.443885,2.340051
-8.857542,-221.005680,2.417657,2.310948
-7.050769,-221.050009,2.363764,2.269271
-5.252369,-220.974473,2.350470,2.174059
-3.476288,-220.751421,2.195616,2.253462
-1.724618,-220.391750,2.139567,2.272145
0.013122,-219.947267,2.183760,2.207832
1.748022,-219.471748,2.218252,2.152502
3.491167,-219.018969,2.189509,2.160765
5.249042,-218.623020,2.160765,2.169388
7.013589,-218.255859,2.132022,2.177652
8.773892,-217.877214,2.103279,2.185916
10.519032,-217.446809,2.080644,2.186634
12.237364,-216.925375,2.134178,2.098968
13.909217,-216.284710,2.183760,2.071302
15.509941,-215.503474,2.314182,2.124836
17.014816,-214.560430,2.508198,2.308433
18.401837,-213.438308,2.664130,2.703651
19.678463,-212.162786,2.812157,2.970603
20.870189,-210.785835,2.944016,3.072641
22.002773,-209.359806,3.057192,3.035635
23.101817,-207.936674,3.156715,2.946531
24.180017,-206.536214,3.110008,2.917429
25.227482,-205.121888,2.978867,2.922459
26.232045,-203.651473,2.847726,2.927848
27.181537,-202.082746,2.830121,2.782695
28.019130,-200.393375,2.794552,2.591912
28.439796,-198.671565,2.568199,2.376339
28.070799,-197.044534,2.369153,2.275379
26.934499,-195.657801,2.259211,2.117651
25.429350,-194.668279,2.231905,2.033218
23.782722,-194.095507,2.108668,2.054775
22.041463,-193.825718,2.121603,2.162203
20.245061,-193.739708,2.146394,2.183760
18.432081,-193.721036,2.163999,2.175496
16.621573,-193.711482,2.181963,2.167592
14.814005,-193.708279,2.199928,2.159688
13.009106,-193.710859,2.217533,2.151424
11.206605,-193.718657,2.234060,2.144238
9.406231,-193.731107,2.233342,2.143520
7.607713,-193.747644,2.232623,2.143160
5.810781,-193.767702,2.231905,2.142442
4.015162,-193.790715,2.231186,2.142082
2.220587,-193.816117,2.230468,2.141364
0.426784,-193.843344,2.229749,2.141005
-1.366518,-193.871828,2.229030,2.140286
-3.159590,-193.901005,2.228312,2.139927
-4.952703,-193.930309,2.227593,2.139208
-6.746127,-193.959173,2.226875,2.138849
-8.540134,-193.987032,2.226156,2.138489
-10.334995,-194.013322,2.225797,2.137771
-12.130976,-194.037485,2.225078,2.137412
-13.928158,-194.059609,2.224360,2.136693
-15.726318,-194.080791,2.223641,2.136334
-17.525208,-194.102219,2.222922,2.135615
-19.324580,-194.125083,2.222204,2.135256
-21.124186,-194.150567,2.221485,2.134537
-22.923778,-194.179862,2.220767,2.134178
-24.723108,-194.214154,2.220048,2.133459
-26.521929,-194.254631,2.219330,2.133100
-28.319992,-194.302190,2.218611,2.132382
-30.117060,-194.351919,2.217892,2.132022
-31.912904,-194.393546,2.203521,2.158250
-33.707295,-194.416598,2.181604,2.199209
-35.500006,-194.410602,2.159328,2.240528
-37.290807,-194.365087,2.137412,2.281846
-39.079469,-194.269578,2.183401,2.345081
-40.865765,-194.113604,2.291547,2.428436
-42.649459,-193.886688,2.400052,2.512150
-44.426401,-193.576769,2.500294,2.538019
-46.181927,-193.167518,2.591912,2.594787
-47.899628,-192.641900,2.667004,2.735269
-49.563092,-191.982880,2.709400,2.738143
-51.157256,-191.176100,2.688202,2.733113
-52.679244,-190.231465,2.625686,2.709400
-54.132659,-189.171779,2.569637,2.581134
-55.521167,-188.019964,2.466521,2.484485
-56.848488,-186.798873,2.354063,2.397896
-58.121452,-185.527241,2.264959,2.310589
-59.351615,-184.217557,2.184479,2.231545
-60.550929,-182.881788,2.165436,2.207473
-61.731345,-181.531899,2.146753,2.183401
-62.902462,-180.177082,2.132741,2.164358
-64.062744,-178.813373,2.121603,2.148550
-65.207355,-177.432914,2.110465,2.132741
-66.331461,-176.027849,2.097171,2.121603
-67.426783,-174.590392,2.061602,2.156813
-68.468821,-173.113098,2.066272,2.176215
-69.428297,-171.588617,2.116573,2.176574
-70.275938,-170.009604,2.220407,2.060883
-70.983271,-168.369301,2.166514,2.116214
-71.536677,-166.671867,2.043996,2.237294
-71.935600,-164.931062,2.065554,2.178371
-72.179931,-163.160972,2.030343,2.284361
-72.269588,-161.375678,2.106153,2.288313
-72.215225,-159.586078,2.110824,2.277534
-72.054589,-157.795049,2.115136,2.267115
-71.829633,-156.004219,2.119806,2.256336
-71.582310,-154.215220,2.124477,2.245558
-71.351609,-152.429371,2.128789,2.234779
-71.151445,-150.645366,2.133459,2.224000
-70.983126,-148.860583,2.138130,2.213581
-70.847861,-147.072387,2.144238,2.201006
-70.745098,-145.278588,2.192742,2.143520
-70.659445,-143.480742,2.241605,2.086033
-70.568088,-141.682272,2.290469,2.028547
-70.448158,-139.886619,2.175137,2.092141
-70.276787,-138.097284,2.051182,2.161843
-70.031122,-136.320886,1.995852,2.166155
-69.688332,-134.568505,1.932976,2.226156
-69.225586,-132.851570,1.987947,2.208551
-68.620058,-131.181508,2.137771,2.080285
-67.858543,-129.566298,2.218611,2.015972
-66.970480,-127.998667,2.186634,2.065554
-65.997103,-126.467112,2.123759,2.157532
-64.979648,-124.960136,2.109746,2.192383
-63.957247,-123.467088,2.123759,2.195257
-62.933226,-121.991771,2.125196,2.201724
-61.880963,-120.550079,2.097890,2.216815
-60.772918,-119.158277,2.070225,2.231905
-59.583234,-117.831491,2.129148,2.172263
-58.314344,-116.565771,2.222563,2.082800
-56.992125,-115.341357,2.179089,2.129148
-55.643163,-114.138010,2.112980,2.198131
-54.294001,-112.935525,2.070584,2.233342
-52.959076,-111.724667,2.096812,2.172263
-51.623752,-110.522518,2.123040,2.111543
-50.269120,-109.350032,2.091423,2.123399
-48.876272,-108.228160,2.036092,2.165436
-47.428202,-107.176368,1.980762,2.207473
-45.923079,-106.202232,1.925431,2.249510
-44.366348,-105.307636,2.036092,2.188790
-42.763496,-104.494427,2.112621,2.153580
-41.120012,-103.764452,2.121962,2.165077
-39.441384,-103.119560,2.160765,2.129867
-37.733101,-102.561598,2.211425,2.074536
-36.000650,-102.092413,2.098608,2.160765
-34.249492,-101.713684,2.053697,2.200647
-32.483922,-101.419847,2.087111,2.188431
-30.706649,-101.195515,2.139927,2.176574
-28.920270,-101.024600,2.184119,2.167233
-27.127380,-100.891013,2.195257,2.167233
-25.330579,-100.778667,2.206036,2.167233
-23.532461,-100.671474,2.217174,2.167233
-21.735625,-100.553347,2.228312,2.167233
-19.942666,-100.408197,2.239090,2.167233
-18.156008,-100.221029,2.226515,2.175496
-16.375348,-99.993984,2.200647,2.188071
-14.598215,-99.742825,2.175137,2.200647
-12.822081,-99.483688,2.149987,2.212862
-11.044419,-99.232684,2.161843,2.204958
-9.263667,-98.999814,2.174059,2.196694
-7.480477,-98.781050,2.186275,2.188790
-5.695809,-98.570410,2.197054,2.169748
-3.910622,-98.361913,2.206395,2.142442
-2.125632,-98.151133,2.216096,2.115136
-0.341001,-97.937181,2.218252,2.096093
1.443186,-97.719662,2.176933,2.124836
3.226845,-97.498179,2.135256,2.153220
5.009891,-97.272336,2.093578,2.181963
6.792239,-97.041737,2.060883,2.204239
8.573805,-96.805986,2.093938,2.180526
10.354504,-96.564687,2.127352,2.156813
12.134251,-96.317444,2.160406,2.132741
13.912961,-96.063860,2.193461,2.109028
15.690550,-95.803539,2.210707,2.107950
17.466934,-95.536086,2.218252,2.120166
19.242027,-95.261104,2.225797,2.132022
21.015744,-94.978196,2.233701,2.144238
22.788001,-94.686968,2.241246,2.156095
24.558714,-94.387023,2.248791,2.168310
26.327796,-94.077964,2.256696,2.180167
28.094880,-93.757421,2.241246,2.167592
29.858450,-93.415130,2.225437,2.154658
31.616710,-93.038853,2.209988,2.141723
33.367861,-92.616350,2.194539,2.129148
35.107536,-92.132008,2.147472,2.112261
36.793299,-91.520157,2.133100,2.033577
38.353713,-90.677120,2.060164,2.083159
39.742990,-89.556354,2.088189,2.078488
40.973389,-88.239066,2.203162,2.142082
42.059611,-86.800640,2.258851,2.234420
43.004785,-85.266458,2.324601,2.303763
43.810507,-83.655284,2.370950,2.327835
44.478373,-81.985881,2.356937,2.331787
45.012150,-80.276026,2.248073,2.387118
45.431094,-78.536455,2.313104,2.326757
45.761186,-76.774849,2.373105,2.270349
46.028431,-74.998874,2.425202,2.220048
46.258572,-73.216112,2.437777,2.223282
46.467685,-71.431041,2.382088,2.319931
46.659727,-69.644250,2.343644,2.375620
46.837888,-67.856078,2.326038,2.381369
47.005356,-66.066867,2.308793,2.387118
47.165321,-64.276957,2.291187,2.393226
47.320972,-62.486689,2.281846,2.396459
47.475498,-60.696405,2.282924,2.396100
47.632088,-58.906444,2.284002,2.396100
47.793771,-57.117129,2.285079,2.395741
47.961344,-55.328519,2.286157,2.395741
48.133959,-53.540482,2.287235,2.395381
48.310733,-51.752879,2.288313,2.395381
48.490782,-49.965573,2.289391,2.395022
48.673221,-48.178426,2.290469,2.395022
48.857167,-46.391301,2.291187,2.394663
49.041736,-44.604060,2.292265,2.394663
49.226045,-42.816566,2.293343,2.394303
49.409484,-41.028737,2.294421,2.394303
49.592014,-39.240607,2.295499,2.393944
49.773668,-37.452228,2.296577,2.393944
49.954481,-35.663649,2.297655,2.393585
50.134485,-33.874920,2.298732,2.393585
50.313713,-32.086090,2.299810,2.393226
50.492199,-30.297210,2.300888,2.393226
50.669976,-28.508331,2.301966,2.392866
50.847078,-26.719500,2.303044,2.392866
51.023537,-24.930769,2.304122,2.392507
51.199388,-23.142187,2.305200,2.392507
51.374664,-21.353805,2.306278,2.392148
51.549398,-19.565672,2.307355,2.392148
51.723622,-17.777838,2.308433,2.391788
51.897372,-15.990354,2.309511,2.391788
52.070679,-14.203268,2.310589,2.391429
52.243578,-12.416631,2.311667,2.391429
52.416302,-10.630415,2.312745,2.391070
52.589828,-8.844306,2.313823,2.391070
52.765298,-7.057926,2.314900,2.390711
52.943855,-5.270895,2.315978,2.390711
53.126643,-3.482834,2.317056,2.390351
53.314805,-1.693365,2.318134,2.390351
53.509484,0.097892,2.319212,2.389992
53.711824,1.891315,2.319931,2.389992
53.922821,3.687262,2.343284,2.323883
54.122372,5.482989,2.370231,2.247713
54.247508,7.269448,2.396818,2.171544
54.230058,9.036829,2.429873,2.121603
54.001854,10.775321,2.568559,2.422687
53.510477,12.478394,2.775869,2.803534
52.806875,14.161040,3.135876,3.168212
51.956740,15.813925,3.443069,3.379834
50.849746,17.211871,3.554089,3.436961
49.351145,18.049584,3.613012,3.376959
47.621197,18.103026,3.334204,3.074797
45.881176,17.619237,2.823295,2.835870
44.207110,16.950567,2.563169,2.716227
42.554799,16.233934,2.562091,2.627841
40.898140,15.533751,2.561373,2.539456
39.237563,14.847327,2.562091,2.472628
37.574848,14.168556,2.568918,2.480174
35.911774,13.491335,2.575744,2.487719
34.249726,12.810905,2.582571,2.494904
32.588797,12.126909,2.589038,2.502449
30.928820,11.439883,2.595865,2.509995
29.269624,10.750368,2.602691,2.517540
27.611040,10.058900,2.609518,2.525085
25.952899,9.366020,2.616344,2.532630
24.295031,8.672264,2.623171,2.539816
22.637268,7.978173,2.629997,2.547361
20.979448,7.284255,2.636824,2.554906
19.321514,6.590696,2.643291,2.562451
17.663473,5.897476,2.650117,2.569996
16.005332,5.204568,2.656944,2.577541
14.347100,4.511949,2.663770,2.584727
12.688785,3.819593,2.670597,2.592272
11.030394,3.127477,2.677423,2.599817
9.371935,2.435574,2.684250,2.607362
7.713418,1.743861,2.691076,2.614907
6.054848,1.052313,2.697544,2.622452
4.396235,0.360905,2.704370,2.629638
2.737587,-0.330388,2.711197,2.637183
