-0.542821,-7.610727,2.794875,2.978297
-0.862070,-10.313396,2.811203,2.977752
-1.191441,-13.015203,2.827531,2.977208
-1.528838,-15.716401,2.843860,2.976664
-1.872164,-18.417239,2.860188,2.976120
-2.219325,-21.117966,2.876516,2.975575
-2.568222,-23.818835,2.892845,2.975031
-2.916762,-26.520095,2.909173,2.974487
-3.262848,-29.221996,2.925502,2.973942
-3.604384,-31.924789,2.941830,2.973398
-3.939304,-34.628719,2.957614,2.972854
-4.267851,-37.333660,2.973942,2.972854
-4.594141,-40.038861,2.990271,2.972310
-4.922656,-42.743513,3.007688,2.980474
-5.257883,-45.446804,3.033269,3.068103
-5.604305,-48.147927,3.058306,3.155187
-5.966406,-50.846070,3.083887,3.242816
-6.348673,-53.540424,3.109468,3.330445
-6.755588,-56.230178,3.107291,3.379431
-7.191638,-58.914523,3.024016,3.314661
-7.661305,-61.592649,2.941286,3.250436
-8.169075,-64.263746,2.858011,3.185667
-8.719433,-66.927003,2.775280,3.121442
-9.316087,-69.581647,2.692006,3.057217
-9.958775,-72.227075,2.609275,2.992448
-10.645962,-74.862749,2.532532,2.933121
-11.376116,-77.488122,2.541785,2.935299
-12.147701,-80.102654,2.550493,2.937476
-12.959184,-82.705802,2.559202,2.940197
-13.810160,-85.296428,2.568454,2.942374
-14.723365,-87.861189,2.577163,2.944551
-15.743224,-90.375306,2.586416,2.947273
-16.914207,-92.814008,2.653362,2.952171
-18.232457,-95.179895,2.730105,2.957070
-19.618583,-97.518360,2.806304,2.962513
-20.989497,-99.876719,2.883048,2.967955
-22.318947,-102.266764,2.952171,2.971221
-23.632782,-104.667719,2.931489,2.955437
-24.958779,-107.057604,2.910262,2.939109
-26.324714,-109.414438,2.889035,2.922780
-27.758365,-111.716242,2.868352,2.906452
-29.286949,-113.941652,2.683842,2.958703
-30.926971,-116.081176,2.496609,3.012042
-32.685278,-118.136011,2.535798,2.859644
-34.568201,-120.107571,2.638122,2.650096
-36.572392,-121.988109,2.680032,2.568999
-38.679999,-123.756142,2.664247,2.610908
-40.872467,-125.389632,2.647919,2.652818
-43.140264,-126.877196,2.619072,2.837873
-45.481802,-128.216816,2.584238,3.080621
-47.895760,-129.406800,2.572264,3.285270
-50.380820,-130.445452,2.771471,3.135049
-52.935663,-131.331076,2.970677,2.984828
-55.558952,-132.061980,3.038167,2.928767
-58.242505,-132.637417,2.992448,2.954348
-60.961034,-133.059010,2.946184,2.979930
-63.686624,-133.328739,2.855290,3.063749
-66.396296,-133.444629,2.753509,3.161719
-69.089117,-133.387044,2.772015,3.133416
-71.770296,-133.131498,2.847670,3.044699
-74.444106,-132.679992,2.920059,2.962513
-77.112539,-132.099095,2.939109,2.989182
-79.777247,-131.465039,2.958703,3.015308
-82.437563,-130.834380,2.977752,3.041977
-85.082751,-130.178186,2.997346,3.068647
-87.699355,-129.444373,2.981562,3.115455
-90.278594,-128.598912,2.957614,3.167706
-92.822864,-127.650914,2.934210,3.219412
-95.336189,-126.615790,2.937476,3.205805
-97.822594,-125.508954,2.951083,3.167706
-100.286106,-124.345817,2.964690,3.129606
-102.730748,-123.141784,2.978297,3.092051
-105.160395,-121.909778,2.991904,3.053952
-107.578570,-120.656914,2.989727,3.038167
-109.988743,-119.389475,2.986461,3.024560
-112.394387,-118.113748,2.982651,3.010953
-114.798972,-116.836014,2.978841,2.997346
-117.205970,-115.562560,2.975575,2.983739
-119.618143,-114.298414,2.971765,2.970132
-122.032831,-113.039028,2.967955,2.955981
-124.444872,-111.775434,2.964690,2.942374
-126.849097,-110.498645,2.954893,2.929312
-129.240330,-109.199671,2.860732,2.919515
-131.613399,-107.869520,2.766572,2.909173
-133.963750,-106.500300,2.672412,2.899376
-136.291459,-105.092311,2.578796,2.889579
-138.598699,-103.649559,2.524368,2.875972
-140.887651,-102.176071,2.524912,2.857467
-143.160498,-100.675870,2.526001,2.839505
-145.419423,-99.152983,2.526545,2.821000
-147.666606,-97.611436,2.527089,2.803039
-149.904230,-96.055253,2.528178,2.784533
-152.134477,-94.488462,2.528722,2.766572
-154.359530,-92.915085,2.529266,2.748067
-156.581570,-91.339151,2.530355,2.730105
-158.802781,-89.764683,2.530899,2.711600
-161.025102,-88.195183,2.531443,2.693639
-163.248746,-86.630392,2.532532,2.675133
-165.473174,-85.068412,2.534709,2.671867
-167.697841,-83.507340,2.537430,2.669690
-169.922203,-81.945271,2.540152,2.667513
-172.145717,-80.380302,2.542873,2.665336
-174.367838,-78.810528,2.546139,2.663159
-176.588023,-77.234044,2.548860,2.660982
-178.805729,-75.648946,2.551582,2.658805
-181.020411,-74.053331,2.554303,2.656628
-183.231526,-72.445294,2.557024,2.654995
-185.438529,-70.822931,2.559746,2.652818
-187.639608,-69.183402,2.520558,2.654450
-189.789794,-67.492037,2.475383,2.656628
-191.791421,-65.675304,2.425309,2.677854
-193.543778,-63.657558,2.345300,2.818823
-194.970048,-61.401353,2.264746,2.959791
-196.042545,-58.947783,2.385032,3.029459
-196.740985,-56.347472,2.686563,3.034902
-197.087132,-53.646938,2.960880,3.035990
-197.151877,-50.887899,2.904275,2.980474
-197.008357,-48.111957,2.847670,2.925502
-196.661920,-45.380015,2.715410,2.951627
-195.984835,-42.790866,2.498242,3.068647
-194.837443,-40.446635,2.391019,3.115455
-193.185434,-38.417479,2.429119,3.068103
-191.114792,-36.737061,2.467763,3.021295
-188.718126,-35.436966,2.492255,2.958703
-186.094680,-34.540286,2.516204,2.895566
-183.356128,-34.054182,2.525456,2.862909
-180.615503,-33.984065,2.506951,2.886858
-177.959433,-34.319702,2.488990,2.910806
-175.388966,-35.000164,2.496609,2.880871
-172.887839,-35.954270,2.510216,2.836784
-170.439790,-37.110837,2.524368,2.792153
-168.028557,-38.398681,2.537975,2.750788
-165.637880,-39.746628,2.551037,2.709967
-163.254838,-41.098781,2.564644,2.668602
-160.876984,-42.447087,2.578251,2.627236
-158.503909,-43.792841,2.608731,2.635945
-156.135211,-45.137334,2.646831,2.665880
-153.770480,-46.481859,2.684930,2.695816
-151.409312,-47.827709,2.722485,2.726295
-149.051300,-49.176176,2.760585,2.756231
-146.696040,-50.528553,2.798684,2.786166
-144.343123,-51.886131,2.836784,2.816101
-141.992146,-53.250204,2.874884,2.846037
-139.642699,-54.622065,2.912983,2.875972
-137.294380,-56.003002,2.935843,2.883592
-134.945612,-57.390919,2.902642,2.807393
-132.591304,-58.773516,2.869985,2.731194
-130.225708,-60.136576,2.836784,2.654995
-127.843072,-61.465884,2.804127,2.578796
-125.437645,-62.747225,2.771471,2.502597
-123.003679,-63.966383,2.738269,2.426397
-120.535837,-65.109559,2.721397,2.358907
-118.033015,-66.167224,2.752421,2.318086
-115.496598,-67.132351,2.783445,2.276721
-112.927997,-67.997942,2.803583,2.247329
-110.328624,-68.757004,2.738269,2.310466
-107.699893,-69.402538,2.672956,2.374147
-105.043482,-69.930009,2.607642,2.437283
-102.363713,-70.359437,2.542329,2.500419
-99.666426,-70.724970,2.515115,2.530355
-96.957485,-71.060923,2.534165,2.520013
-94.242750,-71.401615,2.553215,2.509672
-91.528081,-71.781362,2.567366,2.512394
-88.818989,-72.227558,2.579340,2.522191
-86.117560,-72.700048,2.591314,2.531988
-83.423951,-73.120535,2.640299,2.479193
-80.738291,-73.410287,2.692550,2.420955
-78.060716,-73.490576,2.744801,2.362717
-75.391355,-73.282672,2.724663,2.377957
-72.735915,-72.714134,2.690373,2.407348
-70.152769,-71.771974,2.664792,2.434017
-67.729280,-70.475922,2.641388,2.459598
-65.550925,-68.846883,2.689829,2.418777
-63.660490,-66.921958,2.774192,2.343667
-62.061906,-64.752992,2.770926,2.338224
-60.757033,-62.392375,2.703436,2.383944
-59.710565,-59.893074,2.635945,2.430207
-58.830892,-57.308922,2.627781,2.443270
-58.021765,-54.693793,2.624515,2.453611
-57.212975,-52.086489,2.621249,2.463953
-56.401871,-49.486695,2.617984,2.474294
-55.596543,-46.887888,2.614718,2.484635
-54.801088,-44.286283,2.611452,2.494977
-54.013675,-41.682157,2.608187,2.504774
-53.231993,-39.076117,2.605465,2.515115
-52.453732,-36.468766,2.602200,2.525456
-51.676584,-33.860711,2.598934,2.535798
-50.898236,-31.252557,2.591858,2.545595
-50.116379,-28.644910,2.567910,2.553759
-49.328704,-26.038377,2.543962,2.561379
-48.532899,-23.433561,2.520013,2.569543
-47.726654,-20.831069,2.496065,2.577163
-46.907661,-18.231505,2.472117,2.585327
-46.073756,-15.635444,2.448169,2.592947
-45.230056,-13.041757,2.424220,2.601111
-44.392098,-10.446893,2.400272,2.608731
-43.576223,-7.847113,2.399183,2.587504
-42.798770,-5.238676,2.455244,2.492255
-42.076081,-2.617843,2.511305,2.397551
-41.424495,0.019126,2.567910,2.302302
-40.856170,2.674921,2.607098,2.308289
-40.364956,5.347635,2.641388,2.343667
-39.939698,8.034106,2.675677,2.379045
-39.569241,10.731169,2.657172,2.376868
-39.242431,13.435663,2.631591,2.369792
-38.948112,16.144424,2.606010,2.363261
-38.676522,18.854771,2.580428,2.356185
-38.423856,21.566084,2.554847,2.349110
-38.187904,24.278296,2.529266,2.342034
-37.966450,26.991337,2.503685,2.335503
-37.757287,29.705139,2.478104,2.328427
-37.558198,32.419634,2.452523,2.321351
-37.366975,35.134753,2.454700,2.325706
-37.181403,37.850427,2.457421,2.330060
-36.999271,40.566589,2.459598,2.333870
-36.818368,43.283170,2.461776,2.338224
-36.636480,46.000101,2.463953,2.342578
-36.451395,48.717313,2.466130,2.346933
-36.261132,51.434744,2.468307,2.351287
-36.067266,54.152390,2.471028,2.355097
-35.874175,56.870300,2.473205,2.359451
-35.686312,59.588524,2.475383,2.363805
-35.508132,62.307111,2.477560,2.368160
-35.344087,65.026111,2.479737,2.371969
-35.198631,67.745571,2.481914,2.376324
-35.076220,70.465544,2.485724,2.379045
-34.981305,73.186077,2.502597,2.366527
-34.918340,75.907221,2.518925,2.353464
-34.891779,78.629025,2.535798,2.340946
-34.906077,81.351537,2.552126,2.327883
-34.965715,84.074797,2.568999,2.314820
-35.081052,86.796424,2.596213,2.298492
-35.275367,89.508728,2.665336,2.268556
-35.573657,92.203311,2.734460,2.238621
-36.000924,94.871775,2.803039,2.208686
-36.582165,97.505720,2.724118,2.268556
-37.342296,100.096761,2.591858,2.361084
-38.291531,102.638607,2.460143,2.453611
-39.408552,105.129463,2.418777,2.493888
-40.667969,107.568117,2.492799,2.468851
-42.044390,109.953354,2.567366,2.443270
-43.512423,112.283961,2.624515,2.399183
-45.046878,114.558545,2.637578,2.306656
-46.655285,116.746594,2.651185,2.213584
-48.413787,118.756524,2.694727,2.205420
-50.407166,120.489063,2.743168,2.211951
-52.685055,121.883769,2.805216,2.242431
-55.168229,123.022533,2.942919,2.409525
-57.747946,124.019846,3.080077,2.576619
-60.329326,124.969274,3.217780,2.743712
-62.908791,125.826480,3.355482,2.910806
-65.519721,126.491312,3.493185,3.077900
-68.191975,126.868874,3.455630,3.016941
-70.909411,126.932921,3.360381,2.934210
-73.624242,126.704435,2.974487,2.885769
-76.292202,126.205465,2.588048,2.837873
-78.895308,125.458916,2.584783,2.634312
-81.425861,124.488034,2.629414,2.412246
-83.876189,123.316062,2.706157,2.310466
-86.238617,121.966245,2.782356,2.209230
-88.505470,120.461828,2.653906,2.256582
-90.671929,118.826110,2.489534,2.330060
-92.750734,117.082742,2.378501,2.374147
-94.761298,115.255498,2.369792,2.363261
-96.723048,113.368160,2.361084,2.352375
-98.655413,111.444504,2.352375,2.341490
-100.577818,109.508311,2.343667,2.330604
-102.507403,107.580570,2.335503,2.319719
-104.447504,105.665466,2.326794,2.308833
-106.396316,103.760925,2.318086,2.297947
-108.352028,101.864859,2.309377,2.286518
-110.312826,99.975180,2.300669,2.275632
-112.276895,98.089802,2.291960,2.264746
-114.242423,96.206638,2.283252,2.253861
-116.207596,94.323600,2.274543,2.242975
-118.170602,92.438604,2.265835,2.232090
-120.129627,90.549559,2.257127,2.221204
-122.082857,88.654380,2.248418,2.210319
-124.028479,86.750981,2.233178,2.208686
-125.964745,84.837346,2.217394,2.207597
-127.891552,82.913326,2.201610,2.207053
-129.810542,80.980742,2.185282,2.206509
-131.723437,79.041510,2.169498,2.205964
-133.631963,77.097548,2.153169,2.205420
-135.537841,75.150769,2.137385,2.204876
-137.442797,73.203089,2.121057,2.204331
-139.348555,71.256426,2.105273,2.203787
-141.256837,69.312695,2.089488,2.203243
-143.169367,67.373812,2.073160,2.202699
-145.087870,65.441692,2.057376,2.202154
-147.014070,63.518252,2.041048,2.201610
-148.949632,61.605332,2.025264,2.201066
-150.894871,59.702976,2.009479,2.200521
-152.848715,57.809391,1.993151,2.199977
-154.810029,55.922702,2.005669,2.182016
-156.777680,54.041032,2.039959,2.152081
-158.750532,52.162505,2.073704,2.122145
-160.727458,50.285252,2.107450,2.091666
-162.712684,48.414636,2.141739,2.061730
-164.726410,46.577592,2.159701,2.046490
-166.791802,44.805057,2.074793,2.129221
-168.926471,43.120834,1.989885,2.211407
-171.118222,41.510441,1.969203,2.248962
-173.344906,39.946605,2.019276,2.236988
-175.589047,38.407743,2.061730,2.223381
-177.846840,36.888909,2.069894,2.206509
-180.116963,35.388171,2.078059,2.190180
-182.398089,33.903600,2.086767,2.173308
-184.688896,32.433266,2.094931,2.156435
-186.988059,30.975240,2.103640,2.139562
-189.294254,29.527590,2.111804,2.122690
-191.606158,28.088390,2.119968,2.106905
-193.922445,26.655706,2.125411,2.103095
-196.241792,25.227612,2.130309,2.099830
-198.562875,23.802176,2.135208,2.096564
-200.884369,22.377469,2.140651,2.093298
-203.205262,20.952011,2.145549,2.089488
-205.525410,19.525580,2.150992,2.086223
-207.844818,18.098174,2.155891,2.082957
-210.163496,16.669791,2.160789,2.079691
-212.481452,15.240427,2.166232,2.076426
-214.798692,13.810083,2.171130,2.072616
-217.115223,12.378756,2.176029,2.069350
-219.431055,10.946442,2.181472,2.066084
-221.746194,9.513140,2.186370,2.062819
-224.060649,8.078848,2.191813,2.059009
-226.374426,6.643565,2.196712,2.055743
-228.687533,5.207287,2.201610,2.052477
-230.999979,3.770013,2.207053,2.049212
-233.311770,2.331740,2.211951,2.045946
-235.622914,0.892466,2.216850,2.042136
-237.933420,-0.547810,2.222293,2.038871
-240.243294,-1.989092,2.227191,2.035605
-242.552543,-3.431380,2.232090,2.032339
-244.861176,-4.874677,2.237532,2.028529
-247.169202,-6.318986,2.242431,2.025264
-249.476625,-7.764308,2.247874,2.021998
-251.783456,-9.210645,2.252772,2.018732
-254.089701,-10.658001,2.243520,2.030162
-256.395367,-12.106375,2.222837,2.052477
-258.700465,-13.555767,2.202699,2.074793
-261.005024,-15.006126,2.182016,2.097108
-263.309084,-16.457378,2.161878,2.119424
-265.612683,-17.909449,2.141195,2.142284
-267.915862,-19.362266,2.121057,2.164599
-270.218659,-20.815755,2.100374,2.186914
-272.521115,-22.269842,2.080236,2.209230
-274.823269,-23.724453,2.059553,2.231545
-277.125160,-25.179513,2.039415,2.254405
-279.426828,-26.634951,2.044313,2.271822
-281.728312,-28.090690,2.081324,2.282708
-284.029652,-29.546658,2.117791,2.293593
-286.330887,-31.002779,2.154802,2.304479
-288.632058,-32.458982,2.191813,2.315909
-290.933202,-33.915192,2.228824,2.326794
-293.234360,-35.371335,2.265291,2.337680
-295.535571,-36.827336,2.302302,2.348565
-297.836875,-38.283122,2.339313,2.359995
-300.138312,-39.738620,2.376324,2.370881
-302.439920,-41.193755,2.412790,2.381767
-304.741739,-42.648453,2.449801,2.393196
-307.043809,-44.102641,2.486812,2.404082
-309.346170,-45.556244,2.523823,2.414968
-311.648860,-47.009189,2.560834,2.425853
-313.951920,-48.461401,2.597301,2.437283
-316.255424,-49.912766,2.634312,2.448169
-318.559495,-51.363110,2.660438,2.460687
-320.864257,-52.812260,2.624515,2.482458
-323.169836,-54.260039,2.588048,2.503685
-325.476357,-55.706273,2.551582,2.525456
-327.783946,-57.150786,2.515115,2.547227
-330.092728,-58.593402,2.478648,2.568999
-332.402829,-60.033946,2.442726,2.590225
-334.714374,-61.472243,2.406259,2.611997
-337.027488,-62.908117,2.374147,2.627236
-339.342297,-64.341392,2.367071,2.606554
-341.658926,-65.771894,2.359451,2.586416
-343.977500,-67.199445,2.352375,2.565733
-346.298145,-68.623873,2.344756,2.545050
-348.620987,-70.045000,2.337680,2.524368
-350.946151,-71.462652,2.330604,2.504229
-353.273762,-72.876652,2.322984,2.483547
-355.603945,-74.286826,2.315909,2.462864
-357.936825,-75.692998,2.308833,2.442182
-360.272530,-77.094994,2.301213,2.422043
-362.611183,-78.492635,2.294138,2.401361
-364.952910,-79.885749,2.286518,2.380678
-367.297837,-81.274159,2.279442,2.359995
-369.646089,-82.657690,2.271822,2.339857
-371.999395,-84.032388,2.218483,2.328427
-374.365903,-85.379188,2.165143,2.317542
-376.755363,-86.675248,2.111260,2.306112
-379.177527,-87.897723,2.090033,2.292505
-381.642146,-89.023772,2.094931,2.276176
-384.158971,-90.030551,2.099830,2.260392
-386.736570,-90.897485,2.100374,2.284340
-389.366408,-91.636834,2.100374,2.318086
-392.027077,-92.285557,2.100374,2.351287
-394.697202,-92.880224,2.100374,2.385032
-397.367934,-93.421394,2.086223,2.398639
-400.046181,-93.864316,2.067717,2.404626
-402.739236,-94.163355,2.048668,2.410613
-405.445675,-94.300941,2.029618,2.416600
-408.157644,-94.280217,2.038326,2.409525
-410.867136,-94.104813,2.057920,2.397006
-413.566147,-93.778353,2.077514,2.384488
-416.246670,-93.304468,2.112892,2.362172
-418.900701,-92.686785,2.156979,2.333870
-421.520233,-91.928930,2.201610,2.305567
-424.097262,-91.034532,2.208141,2.296315
-426.623781,-90.007218,2.187459,2.301213
-429.091785,-88.850616,2.167320,2.305567
-431.493269,-87.568354,2.139018,2.328427
-433.820250,-86.164073,2.106361,2.361084
-436.068074,-84.643318,2.073704,2.393741
-438.238835,-83.015502,2.095476,2.385576
-440.335444,-81.290504,2.148271,2.355097
-442.360813,-79.478202,2.185282,2.330604
-444.317851,-77.588477,2.169498,2.326794
-446.209472,-75.631206,2.154258,2.322440
-448.039349,-73.616272,2.139018,2.318086
-449.816110,-71.553575,2.129765,2.312099
-451.550357,-69.453021,2.133031,2.301757
-453.252697,-67.324518,2.136841,2.291416
-454.933736,-65.177974,2.140106,2.281619
-456.604082,-63.023294,2.143372,2.271278
-458.273238,-60.869327,2.147182,2.261481
-459.943717,-58.718207,2.150448,2.251139
-461.615294,-56.569443,2.153713,2.241342
-463.287743,-54.422541,2.156979,2.231001
-464.960834,-52.277002,2.159701,2.222293
-466.634340,-50.132330,2.155891,2.220660
-468.308032,-47.988030,2.152081,2.219027
-469.981681,-45.843604,2.148271,2.217938
-471.655059,-43.698556,2.143916,2.216306
-473.327938,-41.552391,2.140106,2.214673
-475.000088,-39.404611,2.136297,2.213040
-476.671284,-37.254721,2.132487,2.211951
-478.341280,-35.102288,2.128677,2.210319
-480.009763,-32.947278,2.124867,2.208686
-481.676385,-30.789800,2.121057,2.207053
-483.340798,-28.629970,2.117247,2.205420
-485.002656,-26.467901,2.113437,2.204331
-486.661615,-24.303703,2.109627,2.202699
-488.317325,-22.137492,2.105817,2.201066
-489.969441,-19.969379,2.140651,2.230457
-491.617617,-17.799477,2.198344,2.277265
-493.261505,-15.627899,2.255494,2.324617
-494.900760,-13.454758,2.313187,2.371969
-496.535035,-11.280166,2.370881,2.419322
-498.164016,-9.104238,2.428575,2.466674
-499.788240,-6.927070,2.486268,2.513482
-501.409156,-4.748750,2.543417,2.560834
-503.028252,-2.569363,2.601111,2.608187
-504.647021,-0.388993,2.658805,2.655539
-506.266953,1.792275,2.716498,2.702891
-507.889539,3.974355,2.774192,2.749699
-509.516270,6.157162,2.831341,2.797052
-511.148636,8.340612,2.889035,2.844404
-512.788128,10.524617,2.946728,2.891756
-514.436239,12.709096,3.004422,2.939109
-516.094456,14.893961,3.062116,2.985917
-517.763094,17.079566,3.119809,3.033269
-519.413804,19.276903,3.166073,3.078444
-520.988707,21.507932,3.053407,3.090418
-522.428565,23.795113,2.940741,3.102392
-523.674142,26.160909,2.865631,3.177503
-524.666205,28.627781,2.832974,3.213970
-525.345522,31.218174,2.949994,3.074090
-525.664449,33.929538,2.982107,3.012042
-525.609905,36.684742,2.776369,3.167162
-525.175230,39.392797,2.875972,3.137226
-524.372758,41.981183,3.013675,3.080621
-523.315320,44.475082,3.015852,3.069191
-522.148830,46.931854,3.018573,3.057761
-520.985311,49.395143,3.020750,3.046332
-519.839148,51.869028,3.023472,3.034357
-518.707255,54.350515,3.025649,3.022928
-517.586549,56.836611,3.035446,3.024560
-516.473946,59.324318,3.057217,3.045787
-515.366365,61.810643,3.078988,3.067559
-514.261450,64.293837,3.100760,3.088785
-513.158904,66.775666,3.122531,3.110012
-512.058794,69.258512,3.124708,3.124164
-510.961181,71.744757,3.099671,3.127974
-509.866131,74.236782,3.074634,3.132328
-508.773701,76.736965,3.050142,3.136138
-507.678452,79.243075,3.025105,3.139948
-506.559715,81.740124,3.000068,3.144302
-505.394210,84.210931,2.980474,3.147023
-504.158654,86.638317,2.980474,3.145390
-502.829766,89.005102,2.980474,3.143758
-501.384261,91.294105,2.980474,3.142125
-499.800882,93.488747,2.914616,3.200907
-498.077102,95.578007,2.789976,3.312484
-496.220541,97.553876,2.717587,3.306497
-494.239808,99.409676,2.693639,3.190566
-492.160677,101.163851,2.670235,3.074634
-490.024434,102.857540,2.646831,2.958703
-487.870149,104.529955,2.623427,2.842771
-485.712143,106.195820,2.600023,2.726840
-483.551708,107.856966,2.575530,2.613630
-481.390020,109.515112,2.536342,2.553215
-479.228255,111.171974,2.497154,2.493344
-477.067588,112.829269,2.457966,2.432929
-474.909196,114.488714,2.418777,2.373058
-472.754255,116.152026,2.379589,2.312643
-470.603940,117.820921,2.340401,2.252772
-468.459426,119.497118,2.301213,2.192357
-466.321891,121.182332,2.262025,2.132487
-464.192509,122.878283,2.222293,2.072072
-462.071824,124.585838,2.183105,2.012201
-459.954953,126.298638,2.168953,2.044858
-457.834264,128.006647,2.156435,2.085134
-455.702101,129.699802,2.144461,2.124867
-453.550810,131.368039,2.131942,2.164599
-451.372736,133.001295,2.076970,2.231001
-449.160276,134.589519,2.021454,2.297947
-446.908466,136.123275,1.965393,2.364894
-444.616125,137.594012,1.909876,2.431840
-442.282361,138.993241,1.932736,2.410613
-439.906286,140.312480,2.038326,2.297403
-437.487011,141.543242,2.143916,2.183649
-435.023688,142.677174,2.243520,2.079147
-432.517606,143.712059,2.186370,2.199433
-429.973041,144.654306,2.129765,2.320263
-427.394497,145.510972,2.073160,2.440549
-424.786475,146.289114,2.045402,2.501508
-422.153479,146.995790,2.094931,2.404082
-419.500012,147.638057,2.144461,2.307200
-416.830577,148.222972,2.193446,2.210319
-414.149676,148.757591,2.219571,2.154802
-411.461812,149.248974,2.213584,2.155891
-408.771488,149.704175,2.208141,2.156435
-406.083206,150.130253,2.202154,2.157523
-403.401384,150.534298,2.205420,2.154258
-400.726735,150.924831,2.210319,2.150992
-398.054968,151.312312,2.215761,2.147182
-395.381432,151.707337,2.221204,2.143372
-392.701479,152.120500,2.226103,2.139562
-390.010459,152.562400,2.231545,2.136297
-387.303723,153.043632,2.236444,2.132487
-384.579596,153.560857,2.241887,2.128677
-381.848608,154.053546,2.247329,2.124867
-379.124419,154.446502,2.252228,2.121601
-376.420690,154.664527,2.160789,2.215217
-373.751083,154.632425,2.019276,2.359451
-371.129257,154.274999,1.912053,2.483547
-368.568953,153.542656,1.895181,2.554847
-366.084228,152.487397,2.009479,2.477015
-363.689218,151.186423,2.252228,2.254405
-361.392424,149.716272,2.391564,2.121057
-359.162020,148.148752,2.344756,2.148271
-356.948620,146.553611,2.298492,2.175485
-354.713864,144.985414,2.251684,2.202154
-352.462061,143.440389,2.204876,2.229368
-350.207771,141.900744,2.158068,2.256582
-347.965556,140.348693,2.111260,2.283796
-345.749977,138.766446,2.064452,2.311010
-343.575593,137.136214,2.061186,2.319719
-341.453427,135.444496,2.082957,2.318630
-339.381167,133.693933,2.104728,2.317542
-337.353371,131.890961,2.119424,2.282708
-335.364593,130.042020,2.134119,2.246785
-333.409388,128.153547,2.148271,2.210319
-331.482310,126.231979,2.162422,2.173852
-329.577917,124.283755,2.177117,2.137929
-327.690762,122.315311,2.185826,2.121057
-325.815400,120.333087,2.191813,2.115614
-323.946388,118.343521,2.198344,2.110171
-322.078280,116.353048,2.204331,2.104184
-320.205631,114.368109,2.210319,2.098741
-318.323296,112.394785,2.216306,2.093298
-316.430073,110.434515,2.222293,2.087311
-314.527531,108.485467,2.228280,2.081869
-312.617297,106.545742,2.234267,2.075881
-310.700997,104.613442,2.240254,2.070439
-308.780256,102.686667,2.246241,2.064996
-306.856705,100.763520,2.232634,2.077514
-304.931966,98.842099,2.209230,2.099830
-303.007669,96.920508,2.185282,2.121601
-301.085438,94.996847,2.161878,2.143372
-299.166901,93.069217,2.138474,2.165143
-297.253685,91.135719,2.114525,2.187459
-295.346930,89.194918,2.091121,2.209230
-293.441699,87.251174,2.067717,2.231001
-291.528926,85.312778,2.061186,2.218483
-289.599472,83.388098,2.091666,2.131942
-287.644194,81.485502,2.122145,2.044858
-285.653951,79.613357,2.152625,1.958317
-283.619570,77.780190,2.183105,1.871777
-281.528557,76.012846,2.232090,1.830412
-279.362040,74.373318,2.300669,1.838576
-277.100424,72.927580,2.369792,1.846740
-274.724115,71.741602,2.263114,1.918585
-272.213518,70.881359,2.151536,1.993151
-269.549524,70.412564,2.180927,2.051389
-266.762641,70.374513,2.224470,2.108538
-263.975238,70.757593,2.240798,2.166232
-261.319620,71.546883,2.252772,2.223925
-258.882571,72.704064,2.393741,2.056832
-256.605765,74.116225,2.554303,1.848917
-254.402347,75.656077,2.450890,1.981177
-252.214284,77.237368,2.347477,2.113981
-250.034976,78.847054,2.244064,2.246785
-247.863136,80.479658,2.177117,2.326794
-245.697478,82.129710,2.180927,2.305023
-243.536721,83.791733,2.184737,2.283796
-241.379582,85.460276,2.188003,2.262569
-239.225163,87.131693,2.191813,2.241342
-237.073239,88.805504,2.195079,2.220116
-234.923649,90.481551,2.198889,2.198344
-232.776235,92.159674,2.202154,2.177117
-230.630838,93.839713,2.205964,2.155891
-228.487297,95.521510,2.209230,2.134664
-226.345457,97.204906,2.213040,2.113437
-224.205156,98.889742,2.213040,2.102007
-222.066235,100.575858,2.207597,2.107450
-219.928534,102.263094,2.202699,2.112892
-217.791897,103.951293,2.197256,2.118335
-215.656162,105.640294,2.191813,2.123234
-213.521172,107.329938,2.186914,2.128677
-211.386767,109.020068,2.181472,2.134119
-209.252787,110.710522,2.176029,2.139562
-207.119075,112.401142,2.170586,2.144461
-204.985471,114.091769,2.165688,2.149903
-202.851815,115.782244,2.160245,2.155346
-200.717948,117.472407,2.154802,2.160245
-198.583712,119.162099,2.149903,2.165688
-196.448948,120.851162,2.144461,2.171130
-194.313496,122.539436,2.139018,2.176573
-192.177198,124.226761,2.134119,2.181472
-190.039893,125.912978,2.128677,2.186914
-187.901453,127.597959,2.123234,2.192357
-185.761895,129.281723,2.117791,2.197800
-183.621288,130.964341,2.112892,2.202699
-181.479698,132.645882,2.107450,2.208141
-179.337193,134.326417,2.102007,2.213584
-177.193839,136.006015,2.100374,2.214128
-175.049703,137.684747,2.103095,2.208141
-172.904854,139.362683,2.105817,2.201610
-170.759357,141.039891,2.108538,2.195079
-168.613281,142.716443,2.111260,2.189092
-166.466692,144.392408,2.114525,2.182560
-164.319658,146.067856,2.117247,2.176573
-162.172245,147.742858,2.119968,2.170042
-160.024521,149.417482,2.122690,2.163510
-157.876553,151.091799,2.125411,2.157523
-155.728409,152.765880,2.128677,2.150992
-153.580154,154.439792,2.131398,2.145005
-151.431857,156.113608,2.134119,2.138474
-149.283584,157.787397,2.136841,2.131942
-147.135404,159.461228,2.139562,2.125955
-144.987382,161.135172,2.142828,2.119424
-142.839586,162.809298,2.145549,2.113437
-140.692083,164.483677,2.148271,2.106905
-138.544940,166.158378,2.150992,2.100374
-136.398224,167.833470,2.153713,2.094387
-134.251959,169.508988,2.156979,2.087856
-132.106135,171.184938,2.159701,2.081869
-129.960744,172.861327,2.164055,2.077514
-127.815774,174.538160,2.188003,2.098741
-125.671215,176.215440,2.211951,2.119968
-123.527056,177.893176,2.235900,2.141195
-121.383288,179.571370,2.259848,2.161878
-119.239899,181.250029,2.283796,2.183105
-117.096880,182.929159,2.307745,2.204331
-114.954220,184.608764,2.331693,2.225014
-112.811907,186.288851,2.355641,2.246241
-110.669934,187.969425,2.379589,2.267468
-108.528624,189.650997,2.404082,2.288695
-106.389143,191.335360,2.428030,2.309377
-104.252794,193.024503,2.451979,2.330604
-102.120873,194.720418,2.475927,2.351831
-99.994681,196.425093,2.499875,2.372514
-97.875503,198.140499,2.523823,2.393741
-95.759335,199.860394,2.547772,2.414968
-93.629024,201.558133,2.571720,2.436194
-91.465404,203.203954,2.563556,2.543417
-89.249313,204.768092,2.514571,2.763306
-86.961588,206.220784,2.465041,2.982651
-84.583099,207.532258,2.430207,3.133416
-82.105599,208.669945,2.428575,3.125252
-79.547044,209.594545,2.426397,3.117632
-76.929258,210.265764,2.424765,3.109468
-74.271976,210.658297,2.426397,3.095861
-71.585971,210.811201,2.451979,3.042522
-68.879612,210.780806,2.477560,2.989727
-66.161609,210.618443,2.503141,2.936931
-63.443365,210.336328,2.528722,2.884136
-60.737553,209.928259,2.558657,2.844948
-58.056850,209.387926,2.590225,2.811203
-55.413935,208.709019,2.621794,2.777458
-52.821486,207.885227,2.623427,2.781812
-50.291044,206.911718,2.578796,2.844948
-47.825486,205.794880,2.533620,2.908085
-45.423710,204.546259,2.488990,2.971221
-43.084595,203.177428,2.545050,2.990815
-40.807017,201.699959,2.646286,2.991359
-38.589855,200.125425,2.723030,2.992992
-36.431392,198.465658,2.685474,3.000612
-34.325500,196.734406,2.648463,3.008232
-32.264074,194.946280,2.610908,3.015852
-30.238998,193.115891,2.573897,3.023472
-28.242158,191.257856,2.536886,3.031092
-26.265437,189.386786,2.499331,3.038167
-24.303892,187.512857,2.462320,3.045787
-22.375563,185.614052,2.455788,3.050686
-20.508628,183.654165,2.502052,3.049597
-18.729779,181.599370,2.547772,3.049053
-17.043812,179.450806,2.594035,3.048509
-15.439156,177.235756,2.639755,3.047964
-13.903794,174.981811,2.686019,3.046876
-12.423976,172.704985,2.640843,2.983739
-10.983774,170.406827,2.592403,2.918426
-9.567169,168.087975,2.544506,2.853112
-8.165137,165.749732,2.496065,2.787255
-6.783484,163.394807,2.447624,2.721941
-5.429927,161.025987,2.399728,2.656628
-4.112996,158.642708,2.351287,2.591314
-2.842220,156.240284,2.331693,2.584783
-1.627188,153.813780,2.325706,2.606010
-0.477489,151.358258,2.319719,2.626692
0.597287,148.868781,2.313732,2.647919
1.587756,146.340557,2.307745,2.668602
2.491238,143.773517,2.351287,2.649552
3.313142,141.173288,2.395373,2.629414
4.059353,138.545835,2.439460,2.609820
4.735758,135.897124,2.483547,2.590225
5.348247,133.233119,2.508584,2.620161
5.902650,130.559709,2.524912,2.674589
6.403022,127.880324,2.540696,2.729017
6.851322,125.195486,2.550493,2.774192
7.249383,122.505551,2.537975,2.783989
7.599039,119.810873,2.526001,2.793786
7.902127,117.111807,2.514026,2.803039
8.160481,114.408707,2.501508,2.812836
8.375935,111.701928,2.489534,2.822633
8.550325,108.991825,2.477560,2.832430
8.685487,106.278753,2.477015,2.841138
8.783253,103.563066,2.514571,2.846581
8.845460,100.845118,2.552126,2.851480
8.873942,98.125265,2.589681,2.856922
8.870534,95.403862,2.627236,2.862365
8.837071,92.681262,2.664792,2.867264
8.775388,89.957821,2.726840,2.900465
8.687320,87.233894,2.798684,2.944551
8.574702,84.509834,2.869985,2.988094
8.439368,81.785997,2.941830,3.032180
8.283154,79.062738,3.013131,3.075723
8.107895,76.340410,3.084975,3.119809
7.915424,73.619370,3.125252,3.145935
7.707577,70.899971,3.089874,3.129606
7.486190,68.182569,3.053952,3.112734
7.253097,65.467517,3.018029,3.096405
7.009851,62.755038,2.982651,3.080077
6.757078,60.044918,2.946728,3.063204
6.495211,57.336848,2.910806,3.046876
6.224682,54.630524,2.874884,3.030003
5.945923,51.925640,2.881415,3.018029
5.659368,49.221889,2.891212,3.006055
5.365449,46.518965,2.901553,2.994081
5.064598,43.816562,2.911895,2.982107
4.757249,41.114373,2.921692,2.970132
4.443833,38.412095,2.932033,2.958158
4.124783,35.709417,2.941830,2.946728
3.800532,33.006037,2.952171,2.934754
3.471707,30.301666,2.962513,2.922780
3.141106,27.596220,2.972310,2.910806
2.812893,24.889746,2.982651,2.898832
2.491253,22.182291,2.992992,2.886858
2.180370,19.473904,3.002789,2.874884
1.884427,16.764631,3.013131,2.862909
1.607049,14.054543,3.022928,2.851480
1.345697,11.343933,3.033269,2.839505
1.094035,8.633232,2.984828,2.861277
0.845672,5.922876,2.910806,2.898288
0.594217,3.213301,2.836784,2.935843
