-0.602244,7.241246,2.440172,2.425113
-0.456557,8.946809,2.439145,2.421349
-0.310671,10.652355,2.437776,2.417926
-0.164581,12.357883,2.436749,2.414162
-0.018282,14.063394,2.435723,2.410397
0.128230,15.768886,2.434696,2.406975
0.274962,17.474360,2.433327,2.403210
0.421917,19.179814,2.432300,2.399788
0.569101,20.885248,2.431274,2.396023
0.716519,22.590663,2.429905,2.392600
0.864175,24.296056,2.428878,2.388836
1.012076,26.001428,2.427851,2.385413
1.160225,27.706778,2.426824,2.381649
1.308628,29.412106,2.425456,2.377884
1.457289,31.117411,2.424429,2.374462
1.606215,32.822693,2.423402,2.370697
1.755408,34.527951,2.422033,2.367275
1.904876,36.233185,2.421006,2.363510
2.054622,37.938394,2.419980,2.360088
2.204651,39.643578,2.418953,2.356323
2.354969,41.348736,2.419295,2.355296
2.505573,43.053868,2.422718,2.359061
2.656455,44.758974,2.426140,2.362826
2.807607,46.464053,2.429562,2.366590
2.959022,48.169106,2.432985,2.370013
3.110690,49.874131,2.436407,2.373777
3.262604,51.579130,2.439830,2.377542
3.414756,53.284101,2.443252,2.381307
3.567138,54.989044,2.447017,2.385071
3.719741,56.693959,2.450439,2.388494
3.872558,58.398847,2.453861,2.392258
4.025581,60.103706,2.457284,2.396023
4.178800,61.808536,2.460706,2.399788
4.332210,63.513338,2.464129,2.403210
4.485800,65.218110,2.467551,2.406975
4.639564,66.922854,2.470973,2.410739
4.793492,68.627568,2.474396,2.414504
4.947578,70.332253,2.477818,2.417926
5.101813,72.036907,2.481241,2.421691
5.256188,73.741532,2.484663,2.425456
5.410696,75.446126,2.488085,2.429220
5.565329,77.150690,2.491508,2.432985
5.720079,78.855223,2.494930,2.436407
5.874937,80.559724,2.498353,2.440172
6.029895,82.264195,2.501775,2.443936
6.184946,83.968635,2.505197,2.447701
6.340081,85.673042,2.508620,2.451124
6.495292,87.377418,2.512042,2.454888
6.650572,89.081761,2.515465,2.458653
6.805911,90.786073,2.518887,2.462417
6.961303,92.490352,2.522309,2.465840
7.116738,94.194598,2.525732,2.469604
7.272209,95.898811,2.529154,2.473369
7.427708,97.602990,2.532577,2.477134
7.583226,99.307137,2.535999,2.480556
7.739048,101.011325,2.539421,2.484321
7.897829,102.716235,2.542844,2.488085
8.063376,104.422846,2.546266,2.491850
8.239503,106.132136,2.535999,2.497668
8.423744,107.844238,2.457284,2.514438
8.562971,109.552467,2.378226,2.531208
8.579581,111.246843,2.301565,2.546951
8.395815,112.917363,2.365564,2.502460
7.934842,114.553003,2.389863,2.485690
7.161508,116.096816,2.325521,2.529497
6.098875,117.430478,2.321072,2.514780
4.800753,118.518327,2.347767,2.468920
3.356665,119.442241,2.322783,2.467551
1.843418,120.262952,2.282741,2.479187
0.274606,120.919066,2.251598,2.485348
-1.352073,121.345647,2.266314,2.464471
-3.036879,121.592476,2.281030,2.443936
-4.776138,121.730113,2.352901,2.455573
-6.514088,121.700193,2.462760,2.489112
-8.158437,121.352814,2.361457,2.584939
-9.677370,120.670996,2.238935,2.686585
-11.086572,119.742401,2.361114,2.610265
-12.392758,118.638438,2.513411,2.512042
-13.580371,117.389115,2.511358,2.540448
-14.630918,116.018976,2.479872,2.592811
-15.525905,114.552568,2.452150,2.632853
-16.251711,113.013514,2.427167,2.661601
-16.829208,111.418883,2.403552,2.689323
-17.294158,109.782920,2.416900,2.688638
-17.682380,108.119857,2.430247,2.687954
-18.029359,106.443774,2.443594,2.687269
-18.358745,104.763442,2.456942,2.686585
-18.679543,103.081058,2.470289,2.685900
-18.999849,101.398409,2.483636,2.685216
-19.327756,99.717285,2.496984,2.684531
-19.669202,98.039013,2.510331,2.683847
-20.022007,96.363194,2.523678,2.683505
-20.382083,94.689022,2.537026,2.682820
-20.745339,93.015689,2.550715,2.682136
-21.107689,91.342389,2.564063,2.681451
-21.465042,89.668316,2.577410,2.680767
-21.813311,87.992663,2.590757,2.680082
-22.148407,86.314623,2.604105,2.679398
-22.466516,84.633443,2.617452,2.678713
-22.767562,82.949088,2.629088,2.676660
-23.054170,81.262041,2.621559,2.658521
-23.329020,79.572796,2.614372,2.640040
-23.594796,77.881847,2.606843,2.621901
-23.854178,76.189689,2.599656,2.603763
-24.109850,74.496816,2.592126,2.585624
-24.364494,72.803723,2.584939,2.567143
-24.620791,71.110905,2.577410,2.549004
-24.881146,69.418804,2.570223,2.530865
-25.146088,67.727518,2.562694,2.512727
-25.415369,66.037004,2.555507,2.494588
-25.688740,64.347216,2.547977,2.476107
-25.965955,62.658109,2.540790,2.457968
-26.246763,60.969638,2.533261,2.439830
-26.530917,59.281759,2.526074,2.421691
-26.818167,57.594426,2.518545,2.403210
-27.108265,55.907595,2.511358,2.385071
-27.400962,54.221220,2.503829,2.366932
-27.696011,52.535258,2.505540,2.373093
-27.993161,50.849662,2.508962,2.384044
-28.292164,49.164388,2.512042,2.394654
-28.592772,47.479392,2.515465,2.405606
-28.894737,45.794627,2.518887,2.416215
-29.197809,44.110050,2.521967,2.427167
-29.501740,42.425616,2.525390,2.438118
-29.806289,40.741280,2.528812,2.448728
-30.111328,39.057020,2.532234,2.459680
-30.416805,37.372828,2.535315,2.470631
-30.722669,35.688695,2.538737,2.481241
-31.028870,34.004613,2.542159,2.492192
-31.335359,32.320573,2.545240,2.502802
-31.642084,30.636568,2.548662,2.513753
-31.948995,28.952588,2.552084,2.524705
-32.256043,27.268626,2.555165,2.535315
-32.563177,25.584673,2.558587,2.546266
-32.870346,23.900720,2.562009,2.557218
-33.177500,22.216761,2.565432,2.567827
-33.484590,20.532785,2.568512,2.578779
-33.791564,18.848784,2.571934,2.589389
-34.098373,17.164752,2.575357,2.600340
-34.404966,15.480678,2.578437,2.611292
-34.711293,13.796555,2.581859,2.621901
-35.017304,12.112374,2.585282,2.632853
-35.322948,10.428127,2.588704,2.643462
-35.628176,8.743806,2.591784,2.654414
-35.932936,7.059402,2.595207,2.665366
-36.237179,5.374908,2.598629,2.675975
-36.540855,3.690313,2.601709,2.686927
-36.843912,2.005611,2.605132,2.697879
-37.146302,0.320794,2.608554,2.708488
-37.447973,-1.364149,2.611976,2.719440
-37.748875,-3.049224,2.615057,2.730049
-38.048958,-4.734440,2.618479,2.741001
-38.348172,-6.419806,2.621901,2.751953
-38.646467,-8.105329,2.621559,2.751953
-38.943792,-9.791018,2.620190,2.747161
-39.240096,-11.476882,2.618479,2.742712
-39.535331,-13.162930,2.617110,2.738263
-39.829445,-14.849167,2.615399,2.733814
-40.122388,-16.535604,2.613688,2.729022
-40.414122,-18.222248,2.612319,2.724573
-40.704677,-19.909092,2.610607,2.720124
-40.994112,-21.596127,2.609238,2.715675
-41.282487,-23.283344,2.607527,2.710884
-41.569860,-24.970731,2.606158,2.706435
-41.856289,-26.658280,2.604447,2.701986
-42.141834,-28.345982,2.603078,2.697536
-42.426553,-30.033825,2.601367,2.692745
-42.710504,-31.721801,2.599656,2.688296
-42.993747,-33.409900,2.598287,2.683847
-43.276340,-35.098111,2.596576,2.679398
-43.558343,-36.786426,2.595207,2.674606
-43.839812,-38.474834,2.593495,2.670157
-44.120808,-40.163326,2.592126,2.665708
-44.401389,-41.851891,2.590415,2.661259
-44.681613,-43.540521,2.588704,2.656810
-44.961540,-45.229205,2.587335,2.652018
-45.241229,-46.917933,2.585624,2.647569
-45.520737,-48.606697,2.584255,2.643120
-45.800124,-50.295485,2.582544,2.638671
-46.079447,-51.984289,2.581175,2.633880
-46.358767,-53.673099,2.579464,2.629431
-46.638142,-55.361904,2.577752,2.624981
-46.917630,-57.050695,2.576383,2.620532
-47.197290,-58.739463,2.574672,2.615741
-47.477182,-60.428197,2.573303,2.611292
-47.757362,-62.116887,2.571592,2.606843
-48.037891,-63.805525,2.570223,2.602394
-48.318827,-65.494101,2.568512,2.597602
-48.600229,-67.182603,2.567143,2.593153
-48.882155,-68.871024,2.565432,2.588704
-49.164664,-70.559352,2.563721,2.584255
-49.447815,-72.247579,2.562352,2.579464
-49.731666,-73.935694,2.560640,2.575014
-50.016274,-75.623688,2.559271,2.570565
-50.301616,-77.311564,2.557560,2.566116
-50.587587,-78.999338,2.556191,2.561325
-50.874077,-80.687024,2.554480,2.556876
-51.160976,-82.374640,2.552769,2.552427
-51.448175,-84.062200,2.551400,2.547977
-51.735563,-85.749722,2.549689,2.543186
-52.023032,-87.437221,2.548320,2.538737
-52.310470,-89.124713,2.546609,2.534288
-52.597770,-90.812214,2.545240,2.529839
-52.884820,-92.499740,2.543528,2.525390
-53.171511,-94.187307,2.542159,2.520598
-53.457733,-95.874932,2.540448,2.516149
-53.743378,-97.562629,2.538737,2.511700
-54.028334,-99.250416,2.537368,2.507251
-54.312491,-100.938308,2.535657,2.502460
-54.595742,-102.626321,2.534288,2.498010
-54.877976,-104.314471,2.532577,2.493561
-55.159217,-106.002755,2.531208,2.489112
-55.439721,-107.691136,2.529497,2.484321
-55.719769,-109.379574,2.527785,2.479872
-55.999644,-111.068028,2.526416,2.475423
-56.279625,-112.756458,2.524705,2.470973
-56.559994,-114.444824,2.523336,2.466182
-56.841032,-116.133086,2.521625,2.461733
-57.123020,-117.821202,2.520256,2.457284
-57.406240,-119.509133,2.518545,2.452835
-57.690972,-121.196839,2.517176,2.448043
-57.977497,-122.884280,2.515465,2.443594
-58.266097,-124.571413,2.513753,2.439145
-58.557053,-126.258201,2.512385,2.434696
-58.850645,-127.944601,2.510673,2.429905
-59.147156,-129.630575,2.509304,2.425456
-59.446865,-131.316081,2.506909,2.422718
-59.750055,-133.001080,2.503144,2.423402
-60.056972,-134.685534,2.499037,2.423744
-60.367503,-136.369439,2.495272,2.424429
-60.681311,-138.052813,2.491508,2.424771
-60.998059,-139.735673,2.487743,2.425456
-61.317410,-141.418036,2.483636,2.425798
-61.639023,-143.099920,2.479872,2.426482
-61.962564,-144.781342,2.476107,2.427167
-62.287692,-146.462320,2.472342,2.427509
-62.614070,-148.142870,2.468236,2.428193
-62.941359,-149.823010,2.464471,2.428536
-63.269223,-151.502758,2.460706,2.429220
-63.597323,-153.182130,2.456942,2.429905
-63.925320,-154.861145,2.452835,2.430247
-64.252877,-156.539818,2.449070,2.430931
-64.579656,-158.218168,2.445305,2.431274
-64.905319,-159.896213,2.441541,2.431958
-65.229528,-161.573968,2.437434,2.432643
-65.551880,-163.251523,2.433669,2.432985
-65.870479,-164.930595,2.429905,2.433669
-66.181918,-166.614545,2.426140,2.434012
-66.482728,-168.306809,2.422033,2.434696
-66.770751,-170.010152,2.418268,2.435380
-67.074132,-171.711974,2.414504,2.435723
-67.451381,-173.384271,2.411766,2.435038
-67.962331,-174.998369,2.464813,2.375146
-68.666807,-176.525584,2.552769,2.331339
-69.610832,-177.925497,2.677344,2.304303
-70.799658,-179.123069,2.596918,2.383702
-72.212458,-180.069255,2.505882,2.468920
-73.774339,-180.809143,2.528470,2.481583
-75.404891,-181.399415,2.565089,2.466524
-77.066217,-181.842633,2.551742,2.382676
-78.744848,-182.110260,2.538395,2.299169
-80.427609,-182.173389,2.517176,2.295404
-82.101362,-182.003589,2.495957,2.291982
-83.755615,-181.605081,2.524705,2.310121
-85.384172,-181.035109,2.564405,2.333393
-86.981232,-180.355775,2.604447,2.356323
-88.540944,-179.628435,2.636618,2.376173
-90.054306,-178.865607,2.642093,2.382676
-91.507384,-178.002193,2.647227,2.389520
-92.893930,-177.007932,2.652361,2.396365
-94.220638,-175.919194,2.620532,2.434012
-95.495044,-174.773356,2.569539,2.487743
-96.723104,-173.583138,2.519229,2.540790
-97.910283,-172.353568,2.554138,2.505197
-99.062044,-171.089677,2.589046,2.469262
-100.183476,-169.796281,2.623955,2.433327
-101.272015,-168.473943,2.658863,2.397734
-102.317996,-167.119269,2.660232,2.384044
-103.311481,-165.728716,2.649281,2.378911
-104.242540,-164.298746,2.638329,2.373777
-105.104753,-162.827701,2.627719,2.368301
-105.901206,-161.319030,2.617794,2.362826
-106.636579,-159.777035,2.625666,2.350847
-107.315552,-158.206020,2.633195,2.339211
-107.942048,-156.610177,2.641067,2.327575
-108.513051,-154.992703,2.648596,2.315596
-109.021828,-153.356257,2.656468,2.303960
-109.461612,-151.703494,2.640040,2.302934
-109.825733,-150.037061,2.612319,2.307040
-110.113308,-148.359121,2.584255,2.311490
-110.332266,-146.671097,2.556533,2.315596
-110.491277,-144.974351,2.528470,2.319703
-110.599012,-143.270245,2.515807,2.342976
-110.664143,-141.560143,2.516491,2.383018
-110.695339,-139.845405,2.517176,2.423402
-110.701273,-138.127395,2.517860,2.463444
-110.690614,-136.407473,2.529154,2.478503
-110.670940,-134.687128,2.541133,2.491850
-110.629284,-132.970178,2.553111,2.505540
-110.534406,-131.262520,2.566801,2.513411
-110.354428,-129.570121,2.605816,2.457284
-110.058963,-127.898732,2.644489,2.401156
-109.645293,-126.250034,2.683505,2.345371
-109.135147,-124.622116,2.655441,2.379595
-108.551097,-123.012943,2.590073,2.464129
-107.915706,-121.420481,2.524705,2.549004
-107.247429,-119.842532,2.528812,2.542159
-106.554225,-118.276488,2.547293,2.516491
-105.842397,-116.719674,2.565774,2.490823
-105.118247,-115.169418,2.584255,2.465155
-104.387075,-113.623491,2.602736,2.439830
-103.645564,-112.083510,2.621217,2.414162
-102.886007,-110.553044,2.626693,2.411424
-102.100660,-109.035681,2.615057,2.438118
-101.281919,-107.534943,2.603420,2.465155
-100.429075,-106.051025,2.592126,2.491850
-99.551478,-104.579279,2.580490,2.518545
-98.659271,-103.114672,2.569196,2.545582
-97.762597,-101.652172,2.557560,2.572277
-96.871599,-100.186746,2.546266,2.598971
-95.996419,-98.713362,2.534630,2.626008
-95.147202,-97.226988,2.522994,2.652703
-94.334090,-95.722592,2.511700,2.679740
-93.567730,-94.195175,2.500064,2.706435
-92.867618,-92.640355,2.423744,2.692403
-92.260800,-91.054266,2.342633,2.675633
-91.774563,-89.433066,2.309094,2.653387
-91.436159,-87.772922,2.424087,2.614030
-91.261244,-86.075399,2.539079,2.574672
-91.237136,-84.355230,2.606158,2.555165
-91.346909,-82.629122,2.506909,2.603763
-91.573633,-80.913783,2.408001,2.652361
-91.902711,-79.225495,2.353927,2.667762
-92.338498,-77.577048,2.324837,2.665366
-92.894567,-75.979542,2.295747,2.662970
-93.584553,-74.444063,2.271790,2.655099
-94.418179,-72.979452,2.323468,2.571592
-95.374305,-71.576816,2.375146,2.488085
-96.417146,-70.218852,2.426824,2.404579
-97.510826,-68.888204,2.438461,2.383360
-98.619818,-67.567681,2.438118,2.380622
-99.723417,-66.247126,2.437776,2.377884
-100.821127,-64.925967,2.437776,2.375146
-101.913898,-63.604319,2.437434,2.372751
-103.002681,-62.282299,2.437092,2.370013
-104.088427,-60.960021,2.436749,2.367275
-105.172085,-59.637600,2.436749,2.364537
-106.254608,-58.315153,2.436407,2.361799
-107.336944,-56.992794,2.436065,2.359403
-108.420011,-55.670635,2.435723,2.356665
-109.504165,-54.348710,2.435380,2.353927
-110.589320,-53.026992,2.435380,2.351189
-111.675379,-51.705455,2.435038,2.348794
-112.762240,-50.384070,2.434696,2.346056
-113.849807,-49.062811,2.434354,2.343318
-114.937980,-47.741649,2.434354,2.340580
-116.026661,-46.420556,2.434012,2.337842
-117.115750,-45.099505,2.433669,2.335446
-118.205149,-43.778469,2.433327,2.332708
-119.294758,-42.457419,2.433327,2.329971
-120.384480,-41.136328,2.432985,2.327233
-121.474215,-39.815168,2.432643,2.324495
-122.563865,-38.493912,2.432300,2.322099
-123.653331,-37.172532,2.432300,2.319361
-124.742512,-35.851000,2.431958,2.316623
-125.831313,-34.529289,2.431616,2.313885
-126.919632,-33.207371,2.431274,2.311490
-128.007403,-31.885231,2.431274,2.308752
-129.094685,-30.562907,2.430931,2.306014
-130.181568,-29.240452,2.430589,2.303276
-131.268143,-27.917915,2.430247,2.300538
-132.354501,-26.595349,2.430247,2.298142
-133.440733,-25.272805,2.429905,2.295404
-134.526929,-23.950335,2.429562,2.292666
-135.613182,-22.627991,2.429220,2.289928
-136.699582,-21.305822,2.429220,2.287533
-137.786219,-19.983882,2.428878,2.284795
-138.873185,-18.662221,2.428536,2.282057
-139.960570,-17.340892,2.428193,2.279319
-141.048465,-16.019944,2.427851,2.276581
-142.136961,-14.699431,2.427851,2.274185
-143.226150,-13.379403,2.427509,2.271447
-144.316122,-12.059912,2.427167,2.268710
-145.406967,-10.741009,2.426824,2.265972
-146.498682,-9.422664,2.426824,2.263234
-147.590558,-8.104240,2.426482,2.260838
-148.681578,-6.784835,2.426140,2.258100
-149.770722,-5.463544,2.425798,2.255362
-150.856970,-4.139462,2.425798,2.252624
-151.939302,-2.811686,2.425456,2.250229
-153.016698,-1.479309,2.425113,2.247491
-154.088139,-0.141428,2.424771,2.244753
-155.150389,1.203920,2.424771,2.242015
-156.117843,2.598075,2.427851,2.291297
-156.803931,4.130281,2.435038,2.367275
-157.159400,5.810978,2.504513,2.442910
-157.317599,7.546640,2.549689,2.463444
-157.374814,9.257257,2.556191,2.399788
-157.239130,10.940712,2.584597,2.350847
-156.789159,12.582840,2.662628,2.335104
-155.983429,14.070699,2.734498,2.320046
-154.927246,15.388963,2.683505,2.321415
-153.716641,16.574308,2.632511,2.322783
-152.398693,17.662673,2.581859,2.324495
-151.019374,18.689972,2.552427,2.324152
-149.622489,19.690390,2.548320,2.321757
-148.222379,20.674594,2.544213,2.319361
-146.812132,21.636286,2.540106,2.316965
-145.384367,22.568793,2.535999,2.314570
-143.931727,23.465465,2.531892,2.312174
-142.450786,24.322968,2.527785,2.312174
-140.946257,25.144837,2.523678,2.345029
-139.423861,25.935458,2.519572,2.377884
-137.889322,26.699219,2.515465,2.410397
-136.347513,27.439694,2.511358,2.443252
-134.797605,28.154980,2.507251,2.476107
-133.236417,28.840914,2.506224,2.431958
-131.660759,29.493330,2.505882,2.360430
-130.067511,30.108104,2.505540,2.288559
-128.455772,30.682670,2.485348,2.307040
-126.827298,31.216317,2.454204,2.374120
-125.184001,31.708443,2.423060,2.441541
-123.527793,32.158449,2.405948,2.482952
-121.860586,32.565732,2.419637,2.465498
-120.184290,32.929690,2.433669,2.448386
-118.500819,33.249723,2.450781,2.413819
-116.812083,33.525229,2.469604,2.373435
-115.119902,33.755742,2.488428,2.332708
-113.424891,33.942541,2.488428,2.342976
-111.726822,34.088129,2.484321,2.365221
-110.025450,34.195033,2.480214,2.387809
-108.320532,34.265780,2.476107,2.401841
-106.611821,34.302897,2.472000,2.412108
-104.899073,34.308913,2.467893,2.422375
-103.182044,34.286354,2.463786,2.430247
-101.460489,34.237748,2.460364,2.417242
-99.735613,34.161792,2.456942,2.404579
-98.018038,34.032333,2.453519,2.391574
-96.322143,33.813295,2.483636,2.384044
-94.662319,33.468578,2.520598,2.377542
-93.050827,32.968460,2.553453,2.369670
-91.486210,32.324349,2.581859,2.359745
-89.961569,31.563971,2.609923,2.349820
-88.469993,30.715091,2.603763,2.363510
-87.004998,29.804863,2.570908,2.396023
-85.573005,28.842026,2.538053,2.428536
-84.195267,27.814156,2.504855,2.461048
-82.893856,26.707662,2.485005,2.402868
-81.690841,25.508953,2.471316,2.299853
-80.598601,24.211933,2.452492,2.225587
-79.596018,22.836415,2.413819,2.259469
-78.654749,21.407798,2.374804,2.293351
-77.746448,19.951486,2.350847,2.321415
-76.844185,18.491609,2.346056,2.341607
-75.938380,17.036730,2.341264,2.362141
-75.031093,15.584964,2.336473,2.382333
-74.124598,14.134235,2.331682,2.402868
-73.221173,12.682464,2.326548,2.423060
-72.323090,11.227575,2.321757,2.443594
-71.432625,9.767491,2.316965,2.463786
-70.552054,8.300134,2.312174,2.484321
-69.683568,6.823485,2.307040,2.504855
-68.819941,5.342111,2.302249,2.525047
-67.935956,3.873162,2.297458,2.545582
-67.004371,2.435201,2.292666,2.565774
-65.997947,1.046792,2.287875,2.586308
-64.880924,-0.244314,2.282741,2.625324
-63.565181,-1.210902,2.395681,2.445648
-61.973229,-1.610418,2.445305,2.460364
-60.210565,-1.516944,2.390547,2.493561
-58.450432,-1.116396,2.349136,2.375488
-56.861951,-0.445816,2.347083,2.306014
-55.613531,0.614236,2.247833,2.478845
-54.921230,2.092683,2.216689,2.555165
-54.578992,3.764140,2.308409,2.368986
-54.305831,5.453247,2.319361,2.353585
-54.073847,7.149529,2.321415,2.356323
-53.866884,8.850089,2.323468,2.359061
-53.668789,10.552031,2.325864,2.361799
-53.467071,12.253123,2.327917,2.364537
-53.260371,13.953146,2.329971,2.367275
-53.049437,15.652262,2.332024,2.370013
-52.835015,17.350635,2.334420,2.372751
-52.617852,19.048426,2.336473,2.375831
-52.398696,20.745799,2.338527,2.378569
-52.178294,22.442917,2.340580,2.381307
-51.957392,24.139942,2.342633,2.384044
-51.736735,25.837036,2.345029,2.386782
-51.516785,27.534299,2.347083,2.389520
-51.297525,29.231728,2.349136,2.392258
-51.078891,30.929304,2.351189,2.394996
-50.860817,32.627014,2.353243,2.398076
-50.643240,34.324842,2.355639,2.400814
-50.426095,36.022771,2.357692,2.403552
-50.209318,37.720787,2.359745,2.406290
-49.992844,39.418874,2.361799,2.409028
-49.776610,41.117017,2.363852,2.411766
-49.560549,42.815199,2.366248,2.414504
-49.344599,44.513406,2.368301,2.417242
-49.128693,46.211622,2.370355,2.420322
-48.912769,47.909831,2.372408,2.423060
-48.696761,49.608017,2.374462,2.425798
-48.480606,51.306166,2.376857,2.428536
-48.264238,53.004261,2.378911,2.431274
-48.047594,54.702287,2.380964,2.434012
-47.830617,56.400231,2.383018,2.436749
-47.613337,58.098097,2.385413,2.439830
-47.395832,59.795900,2.387467,2.442568
-47.178184,61.493657,2.389520,2.445305
-46.960472,63.191383,2.391574,2.448043
-46.742774,64.889095,2.393627,2.450781
-46.525173,66.586807,2.396023,2.453519
-46.307747,68.284536,2.398076,2.456257
-46.090575,69.982297,2.400130,2.458995
-45.873739,71.680106,2.402183,2.462075
-45.657317,73.377980,2.404237,2.464813
-45.441390,75.075932,2.406632,2.467551
-45.226038,76.773981,2.408686,2.470289
-45.011340,78.472140,2.410739,2.473027
-44.797376,80.170427,2.412793,2.475765
-44.584226,81.868855,2.414846,2.478503
-44.371969,83.567442,2.417242,2.481241
-44.160691,85.266204,2.419295,2.484321
-43.950555,86.965154,2.421349,2.487059
-43.741803,88.664305,2.421691,2.491166
-43.534684,90.363671,2.417926,2.498010
-43.329441,92.063264,2.414162,2.504855
-43.126322,93.763098,2.410397,2.511700
-42.925574,95.463185,2.406632,2.518887
-42.727440,97.163538,2.402868,2.525732
-42.532170,98.864171,2.399103,2.532577
-42.340008,100.565095,2.394996,2.539421
-42.151200,102.266325,2.391232,2.546266
-41.965993,103.967874,2.387467,2.553453
-41.784633,105.669753,2.383702,2.560298
-41.607366,107.371976,2.379938,2.567143
-41.434439,109.074557,2.376173,2.573988
-41.266095,110.777507,2.372408,2.581175
-41.102584,112.480841,2.368644,2.588020
-40.944182,114.184572,2.364879,2.594864
-40.793195,115.888847,2.366248,2.594522
-40.655166,117.594022,2.377884,2.579121
-40.535930,119.300471,2.389178,2.563721
-40.441238,121.008563,2.400814,2.548662
-40.371649,122.718354,2.412450,2.533261
-40.319473,124.429406,2.423744,2.517860
-40.276292,126.141235,2.435380,2.502460
-40.233685,127.853358,2.447017,2.487401
-40.184498,129.565348,2.458653,2.472000
-40.127888,131.277060,2.469947,2.456599
-40.064975,132.988437,2.481583,2.441199
-39.996880,134.699422,2.493219,2.426140
-39.924726,136.409957,2.504855,2.410739
-39.849632,138.119985,2.516149,2.395338
-39.772721,139.829448,2.527785,2.379938
-39.695113,141.538290,2.539421,2.364879
-39.617931,143.246454,2.551058,2.349478
-39.543224,144.954291,2.562352,2.334077
-39.475555,146.663263,2.573988,2.318677
-39.419911,148.375018,2.585624,2.303276
-39.381277,150.091202,2.597260,2.288217
-39.359923,151.812269,2.608554,2.272816
-39.312683,153.527659,2.620190,2.257416
-39.172976,155.220879,2.631826,2.242015
-38.873995,156.875379,2.629431,2.243042
-38.350286,158.474966,2.504855,2.386782
-37.615156,160.024309,2.408001,2.504855
-36.799696,161.557957,2.488428,2.463444
-35.883238,162.994285,2.551058,2.368644
-34.674878,164.127488,2.564405,2.283768
-33.189944,164.928754,2.459337,2.419980
-31.582089,165.580070,2.403894,2.494588
-30.003920,166.275761,2.416900,2.483979
-28.463406,167.019299,2.429905,2.473711
-26.927883,167.760961,2.442910,2.463102
-25.383366,168.483224,2.455915,2.452835
-23.832095,169.196546,2.468578,2.442225
-22.276852,169.912314,2.481583,2.431958
-20.720396,170.641215,2.494588,2.421349
-19.165078,171.381311,2.507593,2.410739
-17.612895,172.119753,2.520598,2.400472
-16.065833,172.843335,2.533603,2.389863
-14.525864,173.538924,2.546266,2.379595
-12.989339,174.222648,2.559271,2.368986
-11.438502,174.983896,2.572277,2.358376
-9.860447,175.821976,2.585282,2.348109
-8.259887,176.482007,2.598287,2.337500
-6.645398,176.699438,2.599313,2.343318
-5.035224,176.457946,2.554480,2.391232
-3.452450,175.865501,2.479872,2.439830
-1.920196,175.030998,2.402525,2.376173
-0.461189,174.062512,2.408686,2.365221
0.919786,173.030610,2.446674,2.374120
2.242935,171.953634,2.447359,2.375488
3.530310,170.846058,2.447701,2.376857
4.803965,169.722357,2.448043,2.377884
6.082245,168.594887,2.448728,2.378911
7.367568,167.466910,2.449070,2.380280
8.658074,166.339246,2.449412,2.381307
9.951905,165.212718,2.449755,2.382676
11.247256,164.088107,2.450097,2.383702
12.543194,162.965547,2.450439,2.385071
13.839498,161.844647,2.451124,2.386098
15.135966,160.724999,2.451466,2.387125
16.432398,159.606198,2.451808,2.388494
17.728592,158.487835,2.452150,2.389520
19.024347,157.369505,2.452492,2.390889
20.319462,156.250800,2.452835,2.391916
21.613736,155.131312,2.453519,2.393285
22.906987,154.010672,2.453861,2.394312
24.199192,152.888799,2.454204,2.395681
25.490396,151.765746,2.454546,2.396707
26.780650,150.641567,2.454888,2.397734
28.070002,149.516316,2.455230,2.399103
29.358499,148.390048,2.455915,2.400130
30.646192,147.262818,2.456257,2.401499
31.933127,146.134679,2.456599,2.402525
33.219355,145.005687,2.456942,2.403894
34.504922,143.875895,2.457626,2.404921
35.789879,142.745359,2.463102,2.414162
37.074272,141.614132,2.468920,2.423402
38.358152,140.482269,2.474738,2.432643
39.641566,139.349825,2.480214,2.441883
40.924562,138.216853,2.486032,2.451124
42.207190,137.083409,2.491850,2.460364
43.489498,135.949546,2.497326,2.469604
44.771535,134.815319,2.503144,2.478845
46.053348,133.680783,2.508962,2.488085
47.334987,132.545992,2.514438,2.497326
48.616500,131.411000,2.520256,2.506566
49.897935,130.275862,2.526074,2.515807
51.179342,129.140632,2.531550,2.525047
52.460768,128.005364,2.537368,2.534288
53.742262,126.870114,2.543186,2.543528
55.023873,125.734935,2.548662,2.552769
56.305649,124.599882,2.554480,2.562009
57.587638,123.465009,2.560298,2.571250
58.869890,122.330370,2.565774,2.580490
60.152453,121.196021,2.571592,2.589731
61.435374,120.062016,2.577410,2.598971
62.718704,118.928408,2.582886,2.608212
64.002490,117.795254,2.588704,2.617452
65.286780,116.662605,2.594522,2.626693
66.571624,115.530518,2.599998,2.635933
67.856155,114.398188,2.591784,2.609238
69.135844,113.261375,2.583570,2.582886
70.405250,112.114981,2.575357,2.556191
71.658929,110.953908,2.600340,2.515807
72.890199,109.772036,2.640382,2.469262
74.087450,108.559179,2.680082,2.423060
75.237846,107.304143,2.719782,2.376515
76.328553,105.995735,2.688638,2.400472
77.347455,104.623671,2.636960,2.444621
78.293008,103.191074,2.585282,2.488428
79.171703,101.711250,2.533603,2.532577
79.990231,100.197763,2.572961,2.507251
80.755263,98.664146,2.631484,2.467551
81.469557,97.118021,2.690007,2.427509
82.127300,95.554076,2.747503,2.388494
82.721549,93.965291,2.682478,2.437776
83.245360,92.344646,2.617452,2.487401
83.692661,90.687061,2.552427,2.537026
84.063591,89.001322,2.544555,2.530181
84.360987,87.302226,2.597945,2.463444
84.587696,85.604597,2.650992,2.396365
84.742538,83.919900,2.704381,2.329628
84.795852,82.235831,2.688638,2.335789
84.711091,80.534240,2.655441,2.360772
84.489270,78.827624,2.621901,2.385756
84.147277,77.141212,2.588704,2.410739
83.698085,75.489362,2.601709,2.410055
83.149759,73.872969,2.616768,2.407659
82.510062,72.292100,2.632169,2.405606
81.786757,70.746819,2.596576,2.423744
80.987608,69.237192,2.552084,2.445990
80.120376,67.763285,2.507251,2.468236
79.192825,66.325162,2.511358,2.459337
78.212719,64.922890,2.556191,2.424771
77.185121,63.558657,2.600682,2.389863
76.078629,62.263339,2.597945,2.388836
74.842513,61.082450,2.556191,2.414846
73.517281,59.982212,2.514438,2.441199
72.203880,58.876122,2.472685,2.467209
70.939335,57.730214,2.430931,2.493219
69.714286,56.548693,2.394996,2.516149
68.518381,55.336575,2.445990,2.490139
67.341316,54.098861,2.496984,2.464129
66.178812,52.838151,2.514096,2.467551
65.038853,51.552166,2.461733,2.529839
63.930911,50.238034,2.409712,2.592469
62.864458,48.892882,2.359745,2.653045
61.848966,47.513841,2.413135,2.620532
60.893908,46.098039,2.466867,2.587677
60.008756,44.642601,2.520256,2.555165
59.202982,43.144659,2.521283,2.564063
58.485743,41.601508,2.467893,2.616083
57.856409,40.015658,2.414504,2.668104
57.302907,38.395724,2.393285,2.688296
56.812510,36.750663,2.461391,2.620532
56.372496,35.089434,2.529497,2.552769
55.975062,33.419326,2.551742,2.537710
55.629670,31.741780,2.514438,2.590757
55.349557,30.056960,2.477476,2.643805
55.147963,28.365025,2.440514,2.696510
55.036955,26.666235,2.436407,2.717729
55.013930,24.962079,2.460022,2.712253
55.066297,23.254886,2.483636,2.706777
55.181272,21.546998,2.506909,2.701643
55.346137,19.840767,2.517860,2.701643
55.555948,18.139436,2.503144,2.712937
55.820825,16.447980,2.488428,2.723889
56.152611,14.771572,2.473369,2.735183
56.563148,13.115383,2.458653,2.746477
57.061781,11.483917,2.473027,2.739632
57.642245,9.877496,2.503829,2.722520
58.292258,8.294834,2.534972,2.705408
58.999526,6.734639,2.566116,2.687954
59.754345,5.196967,2.561667,2.686242
60.562975,3.690199,2.516834,2.701643
61.437753,2.225874,2.472342,2.716702
62.391027,0.815544,2.427851,2.732103
63.434653,-0.529581,2.506566,2.698563
64.566751,-1.807665,2.600340,2.658863
65.770235,-3.027258,2.693772,2.619163
67.027226,-4.197449,2.652703,2.666050
68.319848,-5.327328,2.600340,2.720124
69.635154,-6.422666,2.547635,2.773856
70.976515,-7.478249,2.571934,2.734498
72.350678,-8.486590,2.605132,2.683505
73.764390,-9.440207,2.638671,2.632511
75.223809,-10.331678,2.604447,2.647912
76.728245,-11.154335,2.563036,2.669815
78.272578,-11.901998,2.542159,2.675291
79.851615,-12.568494,2.542844,2.662970
81.460131,-13.148854,2.543871,2.650649
83.092554,-13.651989,2.538053,2.637987
84.743087,-14.095706,2.529497,2.624981
86.405929,-14.497959,2.520598,2.612319
88.075297,-14.876644,2.511700,2.599313
89.747221,-15.244191,2.507935,2.595891
91.421042,-15.603026,2.504855,2.594522
93.096452,-15.954510,2.502117,2.592811
94.773147,-16.300003,2.499037,2.591100
96.450820,-16.640864,2.495957,2.589731
98.129166,-16.978455,2.493219,2.588020
99.807879,-17.314135,2.490139,2.586651
101.486652,-17.649263,2.487059,2.584939
103.165185,-17.985174,2.484321,2.583570
104.843345,-18.322491,2.481241,2.581859
106.521170,-18.661089,2.478160,2.580148
108.198708,-19.000805,2.475080,2.578779
109.876007,-19.341475,2.472342,2.577068
111.553115,-19.682936,2.469262,2.575699
113.230081,-20.025025,2.466182,2.573988
114.906950,-20.367580,2.463444,2.572619
116.583773,-20.710437,2.460364,2.570908
118.260596,-21.053432,2.457284,2.569196
119.937468,-21.396405,2.454546,2.567827
121.614436,-21.739189,2.451466,2.566116
123.291549,-22.081624,2.448386,2.564747
124.968854,-22.423546,2.445648,2.563036
126.646399,-22.764791,2.442568,2.561325
128.324233,-23.105198,2.439487,2.559956
130.002403,-23.444602,2.436749,2.558245
131.680957,-23.782836,2.433669,2.556876
133.359962,-24.119352,2.430589,2.555165
135.039514,-24.452932,2.427851,2.553796
136.719714,-24.782287,2.424771,2.552084
138.400663,-25.106131,2.421691,2.550373
140.082460,-25.423173,2.418611,2.549004
141.765208,-25.732126,2.425113,2.554822
143.449007,-26.031704,2.436065,2.564405
145.133956,-26.320618,2.447359,2.574330
146.820182,-26.597613,2.458311,2.583913
148.508409,-26.862233,2.469262,2.593495
150.199977,-27.114845,2.480214,2.603420
151.896256,-27.355853,2.491508,2.613003
153.598612,-27.585665,2.502460,2.622586
155.305559,-27.811425,2.513411,2.632169
157.006917,-28.060797,2.524705,2.642093
158.690855,-28.365343,2.512727,2.537026
160.345541,-28.756624,2.477818,2.306698
161.933704,-29.300787,2.521283,2.200262
163.208550,-30.322281,2.373093,2.317650
164.100010,-31.770806,2.273501,2.463102
164.787649,-33.353225,2.428536,2.264945
165.429349,-34.991226,2.346740,2.314227
165.899205,-36.661896,2.234486,2.462417
165.949456,-38.323597,2.453861,2.262891
165.607305,-39.960869,2.523336,2.218400
165.060450,-41.573697,2.482610,2.273843
164.436947,-43.164217,2.420322,2.342633
163.763768,-44.737782,2.358034,2.411424
163.058512,-46.300044,2.308409,2.469262
162.338776,-47.856655,2.315254,2.476449
161.619957,-49.412607,2.321757,2.483636
160.906051,-50.969502,2.328602,2.490823
160.197377,-52.527843,2.335104,2.498010
159.494254,-54.088133,2.341949,2.505197
158.796987,-55.650861,2.348451,2.512385
158.105560,-57.216194,2.355296,2.519914
157.419656,-58.783992,2.361799,2.527101
156.738944,-60.354104,2.368644,2.534288
156.063095,-61.926376,2.375146,2.541475
155.391778,-63.500658,2.381991,2.548662
154.724663,-65.076797,2.388494,2.555849
154.061420,-66.654641,2.395338,2.563036
153.401717,-68.234038,2.401841,2.570223
152.745226,-69.814835,2.401841,2.569881
152.091616,-71.396881,2.400814,2.568854
151.440556,-72.980023,2.400130,2.567827
150.791717,-74.564110,2.399445,2.566458
150.144768,-76.148989,2.398419,2.565432
149.499379,-77.734508,2.397734,2.564405
148.855219,-79.320514,2.396707,2.563378
148.211959,-80.906857,2.396023,2.562352
147.569271,-82.493385,2.395338,2.560983
146.927009,-84.080029,2.394312,2.559956
146.285313,-85.666850,2.393627,2.558929
145.644349,-87.253921,2.392943,2.557902
145.004283,-88.841314,2.391916,2.556876
144.365279,-90.429102,2.391232,2.555507
143.727506,-92.017357,2.390205,2.554480
143.091127,-93.606152,2.389520,2.553453
142.456309,-95.195559,2.388836,2.552427
141.823217,-96.785651,2.387809,2.551400
141.192018,-98.376500,2.387125,2.550031
140.562877,-99.968179,2.386098,2.549004
139.935959,-101.560760,2.385413,2.547977
139.311432,-103.154316,2.384729,2.546951
138.689460,-104.748920,2.383702,2.545924
138.070209,-106.344642,2.383018,2.544555
137.453845,-107.941558,2.381991,2.543528
136.840534,-109.539738,2.383018,2.544897
136.230432,-111.139242,2.383702,2.546609
135.623669,-112.740089,2.384387,2.547977
135.020370,-114.342296,2.385071,2.549346
134.420662,-115.945876,2.385756,2.550715
133.824670,-117.550845,2.386440,2.552084
133.232521,-119.157216,2.387125,2.553453
132.644338,-120.765006,2.387809,2.555165
132.060249,-122.374227,2.388836,2.556533
131.480380,-123.984896,2.389520,2.557902
130.904855,-125.597027,2.390205,2.559271
130.333801,-127.210634,2.390889,2.560640
129.767343,-128.825732,2.391574,2.562352
129.205608,-130.442336,2.392258,2.563721
128.648720,-132.060460,2.392943,2.565089
128.096806,-133.680120,2.396365,2.558245
127.549991,-135.301329,2.402183,2.544897
127.008402,-136.924104,2.407659,2.531208
126.472151,-138.548458,2.413477,2.517518
125.941124,-140.174414,2.418953,2.504171
125.415000,-141.802003,2.424771,2.490481
124.893452,-143.431256,2.430247,2.477134
124.376153,-145.062202,2.436065,2.463444
123.862775,-146.694871,2.441541,2.450097
123.352991,-148.329295,2.447359,2.436407
122.846473,-149.965503,2.452835,2.422718
122.342892,-151.603525,2.458311,2.409370
121.840786,-153.242845,2.464129,2.395681
121.335755,-154.881530,2.469604,2.382333
120.822926,-156.517425,2.475423,2.368644
120.297429,-158.148371,2.480898,2.354954
119.754392,-159.772211,2.486716,2.341607
119.188946,-161.386786,2.492192,2.327917
118.596217,-162.989940,2.494588,2.329628
117.971336,-164.579515,2.490139,2.360772
117.309474,-166.153366,2.485690,2.391574
116.608078,-167.710069,2.481241,2.422718
115.867962,-169.249263,2.484663,2.438461
115.090210,-170.770674,2.513069,2.407659
114.275906,-172.274026,2.541133,2.376515
113.426135,-173.759045,2.569539,2.345714
112.541980,-175.225456,2.576383,2.350505
111.624526,-176.672983,2.563378,2.388151
110.674857,-178.101353,2.550373,2.426140
109.693836,-179.510018,2.537368,2.463786
108.678352,-180.893579,2.524363,2.501433
107.621868,-182.242449,2.546266,2.477476
106.517736,-183.546902,2.584939,2.424429
105.359312,-184.797222,2.623613,2.371382
104.142934,-185.987265,2.662286,2.318334
102.872403,-187.119840,2.631826,2.347083
101.552669,-188.199132,2.588020,2.391574
100.188685,-189.229329,2.543871,2.436407
98.785526,-190.214435,2.504855,2.475765
97.349315,-191.156956,2.520598,2.455915
95.886695,-192.058649,2.535999,2.436065
94.404312,-192.921267,2.551742,2.415873
92.908100,-193.746502,2.567485,2.396023
91.398095,-194.535554,2.561667,2.390547
89.871425,-195.289376,2.548662,2.390205
88.325197,-196.008923,2.535657,2.389520
86.756562,-196.695034,2.522652,2.389178
85.164674,-197.343280,2.518545,2.400814
83.551519,-197.941782,2.519229,2.419295
81.919299,-198.478098,2.519914,2.438118
80.270215,-198.939787,2.520598,2.456599
78.606536,-199.319258,2.534630,2.428536
76.930844,-199.630087,2.551400,2.391574
75.245799,-199.891624,2.568170,2.354612
73.554065,-200.123219,2.582886,2.320730
71.858230,-200.343499,2.552427,2.345714
70.159626,-200.559023,2.521967,2.371039
68.458549,-200.766412,2.491508,2.396023
66.755267,-200.961991,2.461048,2.421006
65.050047,-201.142085,2.430589,2.445990
63.343155,-201.303019,2.400130,2.470973
61.634857,-201.441117,2.391232,2.468236
59.925421,-201.552703,2.421006,2.415188
58.215114,-201.634103,2.450781,2.362483
56.504286,-201.681626,2.480556,2.309436
54.793966,-201.691463,2.507935,2.279661
53.085501,-201.659748,2.528812,2.313885
51.380241,-201.582615,2.549689,2.348109
49.679537,-201.456198,2.570565,2.382333
47.984738,-201.276632,2.566458,2.398076
46.297195,-201.040050,2.529497,2.389178
44.618257,-200.742586,2.492535,2.380280
42.949276,-200.380375,2.485690,2.402525
41.291885,-199.950552,2.494588,2.441199
39.648912,-199.454463,2.503486,2.479529
38.023497,-198.894551,2.508620,2.497326
36.418778,-198.273259,2.508278,2.488085
34.837896,-197.593033,2.507935,2.478503
33.283990,-196.856318,2.507251,2.461048
31.760200,-196.065556,2.505197,2.424771
30.269665,-195.223194,2.503144,2.388836
28.815160,-194.331868,2.508962,2.374120
27.393760,-193.397240,2.522652,2.381649
25.998027,-192.427365,2.536684,2.389178
24.620402,-191.430361,2.551058,2.422718
23.253327,-190.414348,2.566458,2.515465
21.889242,-189.387446,2.582201,2.607869
20.520586,-188.357773,2.597945,2.700617
19.139800,-187.333449,2.613345,2.793364
17.739326,-186.322594,2.629088,2.885768
16.310821,-185.339574,2.734156,2.828272
14.840070,-184.445714,2.857705,2.739632
13.310185,-183.723698,2.826903,2.813214
11.704265,-183.256316,2.731760,2.953874
10.015295,-183.118207,2.680424,2.954901
8.308560,-183.324416,2.669815,2.841277
6.681448,-183.863520,2.684874,2.657152
5.231492,-184.723981,2.445305,2.727654
4.054779,-185.893375,2.369670,2.767011
3.196913,-187.328556,2.477818,2.757428
2.641079,-188.948385,2.578095,2.744423
2.366594,-190.669367,2.635591,2.714648
2.352773,-192.408008,2.666393,2.749899
2.571471,-194.099168,2.671868,2.846069
2.967135,-195.745111,2.678713,2.848464
3.477925,-197.363577,2.686585,2.795417
4.041995,-198.972307,2.694114,2.742370
4.599636,-200.588363,2.701986,2.689323
5.119156,-202.219905,2.709857,2.636275
5.588609,-203.868819,2.667077,2.570908
5.996467,-205.536862,2.609238,2.501433
6.327683,-207.225242,2.551400,2.432300
6.521413,-208.928071,2.477818,2.503486
6.487257,-210.631934,2.530523,2.462417
6.166652,-212.290429,2.741685,2.280346
5.523896,-213.834443,2.542844,2.442910
4.556540,-215.211292,2.484321,2.499722
3.325129,-216.400741,2.527101,2.461048
1.897349,-217.386234,2.453519,2.445648
0.340886,-218.151213,2.515122,2.427851
-1.282354,-218.683883,2.546609,2.407659
-2.946000,-219.001722,2.558587,2.385756
-4.637173,-219.133325,2.484663,2.382676
-6.343023,-219.107309,2.394996,2.382676
-8.050427,-218.951233,2.485348,2.458311
-9.738801,-218.663689,2.580148,2.509304
-11.379356,-218.211395,2.622586,2.470973
-12.942882,-217.559437,2.661601,2.508278
-14.400176,-216.672911,2.685558,2.588362
-15.752747,-215.561799,2.600682,2.735525
-16.909995,-214.280292,2.770434,2.628062
-17.577670,-212.767712,2.906645,2.533261
-17.883425,-211.104878,2.743397,2.657837
-18.037391,-209.399628,2.746134,2.682136
-18.125678,-207.693661,2.800551,2.674949
-18.157385,-205.987607,2.801920,2.682478
-18.140464,-204.281482,2.803289,2.689665
-18.082859,-202.575300,2.804658,2.697194
-17.992520,-200.869078,2.803631,2.699590
-17.877394,-199.162830,2.800551,2.697536
-17.745428,-197.456572,2.797470,2.695141
-17.604570,-195.750318,2.794390,2.693087
-17.461849,-194.044082,2.791310,2.690692
-17.319091,-192.337868,2.788230,2.688638
-17.176300,-190.631675,2.785492,2.686585
-17.033475,-188.925502,2.782412,2.684189
-16.890621,-187.219349,2.779332,2.682136
-16.747737,-185.513216,2.776252,2.679740
-16.604824,-183.807102,2.773171,2.677686
-16.461885,-182.101006,2.770091,2.675291
-16.318920,-180.394930,2.767011,2.673237
-16.175931,-178.688871,2.763931,2.671184
-16.032918,-176.982829,2.760851,2.668788
-15.889884,-175.276804,2.757771,2.666735
-15.746829,-173.570796,2.754690,2.664339
-15.603756,-171.864804,2.751610,2.662286
-15.460664,-170.158828,2.748872,2.659890
-15.317555,-168.452867,2.745792,2.657837
-15.174431,-166.746921,2.742712,2.655783
-15.031294,-165.040990,2.739632,2.653387
-14.888143,-163.335072,2.736552,2.651334
-14.744981,-161.629168,2.733472,2.648938
-14.601809,-159.923277,2.730391,2.646885
-14.458628,-158.217399,2.727311,2.644489
-14.315440,-156.511533,2.724231,2.642436
-14.172245,-154.805679,2.721151,2.640382
-14.029046,-153.099836,2.718071,2.637987
-13.885842,-151.394005,2.714991,2.635933
-13.742636,-149.688184,2.712253,2.633537
-13.599430,-147.982373,2.709173,2.631484
-13.456223,-146.276571,2.706092,2.629431
-13.313018,-144.570779,2.703012,2.627035
-13.169815,-142.864995,2.699932,2.624981
-13.026617,-141.159220,2.696852,2.622586
-12.883424,-139.453453,2.693772,2.620532
-12.740237,-137.747694,2.690692,2.618137
-12.597059,-136.041941,2.687611,2.616083
-12.453890,-134.336196,2.684531,2.614030
-12.310731,-132.630456,2.681451,2.611634
-12.167584,-130.924722,2.678713,2.609581
-12.024451,-129.218994,2.675633,2.607185
-11.881331,-127.513270,2.672553,2.605132
-11.738228,-125.807551,2.669473,2.602736
-11.595141,-124.101836,2.666393,2.600682
-11.452072,-122.396125,2.663312,2.598629
-11.309024,-120.690417,2.660232,2.596233
-11.165996,-118.984711,2.657152,2.594180
-11.022990,-117.279008,2.654072,2.591784
-10.880008,-115.573307,2.650992,2.589731
-10.737050,-113.867607,2.647912,2.587335
-10.594119,-112.161908,2.644831,2.585282
-10.451215,-110.456211,2.642093,2.583228
-10.308339,-108.750513,2.639013,2.580833
-10.165493,-107.044814,2.635933,2.578779
-10.022679,-105.339115,2.632853,2.576383
-9.879897,-103.633415,2.629773,2.574330
-9.737149,-101.927714,2.626693,2.572277
-9.594436,-100.222010,2.623613,2.569881
-9.451759,-98.516305,2.620532,2.567827
-9.309120,-96.810595,2.617452,2.565432
-9.166520,-95.104883,2.614372,2.563378
-9.023960,-93.399167,2.611292,2.560983
-8.881442,-91.693448,2.608212,2.558929
-8.738967,-89.987723,2.605474,2.556876
-8.596535,-88.281993,2.602394,2.554480
-8.454150,-86.576258,2.599313,2.552427
-8.311811,-84.870517,2.596233,2.550031
-8.169519,-83.164770,2.593153,2.547977
-8.027278,-81.459016,2.590073,2.545582
-7.885086,-79.753255,2.586993,2.543528
-7.742947,-78.047486,2.583913,2.541475
-7.600860,-76.341709,2.580833,2.539079
-7.458824,-74.635925,2.577752,2.537026
-7.316832,-72.930133,2.574672,2.534630
-7.174881,-71.224335,2.571592,2.532577
-7.032964,-69.518529,2.568854,2.530181
-6.891077,-67.812718,2.565774,2.528128
-6.749216,-66.106902,2.562694,2.526074
-6.607374,-64.401081,2.559614,2.523678
-6.465548,-62.695256,2.556533,2.521625
-6.323732,-60.989427,2.553453,2.519229
-6.181921,-59.283594,2.550373,2.517176
-6.040110,-57.577759,2.547293,2.515122
-5.898294,-55.871921,2.544213,2.512727
-5.756469,-54.166081,2.541133,2.510673
-5.614629,-52.460240,2.538053,2.508278
-5.472769,-50.754398,2.534972,2.506224
-5.330884,-49.048555,2.532234,2.503829
-5.188970,-47.342713,2.529154,2.501775
-5.047021,-45.636871,2.526074,2.499722
-4.905032,-43.931030,2.522994,2.497326
-4.762999,-42.225191,2.519914,2.495272
-4.620916,-40.519354,2.516834,2.492877
-4.478778,-38.813519,2.513753,2.490823
-4.336581,-37.107688,2.510673,2.488428
-4.194320,-35.401860,2.507593,2.486374
-4.051989,-33.696036,2.504513,2.484321
-3.909583,-31.990217,2.501433,2.481925
-3.767098,-30.284403,2.498353,2.479872
-3.624529,-28.578593,2.495615,2.477476
-3.481870,-26.872791,2.492535,2.475423
-3.339116,-25.166995,2.489454,2.473027
-3.196263,-23.461205,2.486374,2.470973
-3.053306,-21.755423,2.483294,2.468920
-2.910240,-20.049649,2.480214,2.466524
-2.767059,-18.343884,2.477134,2.464471
-2.623759,-16.638127,2.474054,2.462075
-2.480335,-14.932380,2.470973,2.460022
-2.336781,-13.226643,2.467893,2.457626
-2.193093,-11.520916,2.464813,2.455573
-2.049266,-9.815201,2.461733,2.453519
-1.905295,-8.109497,2.458995,2.451124
-1.761174,-6.403804,2.455915,2.449070
-1.616900,-4.698124,2.452835,2.446674
-1.472466,-2.992457,2.449755,2.444621
-1.327869,-1.286804,2.446674,2.442568
