1.999413,-1.472542,3.557032,3.547804
4.699504,-1.193703,3.554861,3.551061
7.399668,-0.914705,3.552147,3.554318
10.099910,-0.635537,3.549975,3.557032
12.800238,-0.356192,3.547261,3.560289
15.500654,-0.076671,3.544547,3.563546
18.201094,0.202875,3.542376,3.566260
20.901444,0.482177,3.539662,3.569516
23.601590,0.760963,3.537491,3.572773
26.301415,1.038961,3.534777,3.576030
29.000804,1.315900,3.532605,3.578744
31.699643,1.591508,3.529891,3.582001
34.397814,1.865513,3.527177,3.585258
37.095204,2.137642,3.525006,3.587972
39.791734,2.407510,3.567345,3.541290
42.488828,2.670175,3.659080,3.365963
45.189880,2.914715,3.376819,3.356192
47.898415,3.129804,3.454441,3.608599
50.617961,3.304115,3.520121,3.669936
53.344653,3.398590,3.579287,3.629226
56.044946,3.262851,3.563546,3.579287
58.678395,2.728869,3.502751,3.601542
61.212673,1.782144,3.529349,3.668851
63.621773,0.526145,3.571145,3.700876
65.894306,-0.950027,3.602085,3.698705
68.050947,-2.595848,3.660166,3.685135
70.116675,-4.365975,3.711733,3.682964
72.116470,-6.215061,3.755700,3.694363
74.072919,-8.102114,3.733988,3.737787
75.991140,-10.017872,3.659080,3.807810
77.868521,-11.967131,3.586886,3.873490
79.702413,-13.954751,3.660166,3.761128
81.490166,-15.985588,3.732902,3.649309
83.229359,-18.063298,3.687849,3.695448
84.918468,-20.186793,3.622712,3.769270
86.556192,-22.353816,3.600457,3.802925
88.141227,-24.562113,3.649309,3.770899
89.672269,-26.809426,3.698705,3.738330
91.148017,-29.093502,3.720418,3.744301
92.567167,-31.412084,3.733445,3.761671
93.928417,-33.762916,3.747015,3.779041
95.230464,-36.143744,3.760585,3.796411
96.472320,-38.552420,3.700334,3.841464
97.655274,-40.987593,3.620541,3.893574
98.781611,-43.448255,3.617827,3.876747
99.853621,-45.933404,3.659623,3.820295
100.873594,-48.442034,3.700876,3.763300
101.843821,-50.973141,3.736702,3.756243
102.766591,-53.525720,3.771984,3.751901
103.644195,-56.098768,3.784469,3.779041
104.478922,-58.691281,3.786098,3.819752
105.270273,-61.302340,3.788269,3.861005
105.977640,-63.932276,3.789897,3.888146
106.530352,-66.582357,3.790440,3.895745
106.857014,-69.253873,3.763300,3.889231
106.886227,-71.948114,3.719875,3.877832
106.547619,-74.653268,3.704133,3.931028
105.778046,-77.264810,3.897374,3.807267
104.520197,-79.640630,3.851778,3.868062
102.812423,-81.723930,3.659623,3.999422
100.812032,-83.564208,3.703590,3.769270
98.656010,-85.206488,3.682964,3.688392
96.376368,-86.653732,3.650938,3.730188
93.980308,-87.898967,3.789897,3.676993
91.475030,-88.935218,3.834408,3.895202
88.870104,-89.760880,3.899002,3.990194
86.207596,-90.448095,3.965225,4.074872
83.553177,-91.122574,4.031448,4.160093
80.973050,-91.911235,4.104184,4.226316
78.533422,-92.940997,4.296881,3.966853
76.290893,-94.324309,4.359305,3.866433
74.236201,-96.074346,4.033619,4.004850
72.360811,-98.156219,3.650938,4.100384
70.849292,-100.491345,3.663965,3.850149
69.963822,-102.983556,3.939170,3.500037
69.867895,-105.555523,3.948940,3.381704
70.425344,-108.155490,3.936456,3.421872
71.213257,-110.747607,3.923971,3.463669
72.091148,-113.329049,3.912029,3.504922
72.994897,-115.904105,3.899545,3.546718
73.897036,-118.475190,3.887060,3.587972
74.795718,-121.043411,3.874576,3.629226
75.689617,-123.609847,3.862091,3.671022
76.577413,-126.175577,3.849606,3.712275
77.457780,-128.741680,3.837122,3.753529
78.329397,-131.309235,3.825180,3.795325
79.190939,-133.879321,3.812695,3.836579
80.041085,-136.453017,3.800211,3.878375
80.878536,-139.031383,3.787726,3.919629
81.702836,-141.614855,3.775241,3.960882
82.514506,-144.203136,3.762757,4.002679
83.314127,-146.795889,3.762214,4.035247
84.102279,-149.392778,3.787183,4.047189
84.879544,-151.993466,3.812152,4.059131
85.646500,-154.597613,3.837122,4.071615
86.403727,-157.204883,3.862091,4.083557
87.151807,-159.814939,3.887603,4.095499
87.891320,-162.427443,3.912572,4.107984
88.623216,-165.042001,3.937541,4.119925
89.349161,-167.658114,3.962511,4.131867
90.070912,-170.275264,3.987480,4.144352
90.790226,-172.892940,4.012992,4.156294
91.508858,-175.510625,4.037961,4.168236
92.228564,-178.127805,4.062930,4.180177
92.951099,-180.743965,4.087900,4.192662
93.678220,-183.358592,4.074872,4.146523
94.411682,-185.971168,4.043932,4.072158
95.153241,-188.581181,4.012992,3.998336
95.904653,-191.188116,3.982052,3.924514
96.667673,-193.791458,3.934285,3.874033
97.444059,-196.390692,3.886517,3.824094
98.235564,-198.985304,3.839293,3.774156
99.043945,-201.574780,3.814866,3.750272
99.870959,-204.158603,3.801296,3.737245
100.718360,-206.736261,3.787183,3.724760
101.587905,-209.307237,3.815409,3.709019
102.481206,-211.870992,3.856120,3.692191
103.398957,-214.426820,3.863177,3.697077
104.341490,-216.973949,3.760043,3.773070
105.309132,-219.511607,3.656909,3.849063
106.302214,-222.039022,3.580915,3.893574
107.321066,-224.555424,3.630854,3.792611
108.366016,-227.060038,3.665051,3.709561
109.437395,-229.552096,3.663423,3.666679
110.535532,-232.030823,3.735073,3.618369
111.660803,-234.495495,3.845264,3.568431
112.814181,-236.945969,3.955454,3.518492
113.997041,-239.382495,3.868062,3.612941
115.210767,-241.805333,3.780669,3.707933
116.456730,-244.214743,3.686763,3.794240
117.734601,-246.610952,3.588515,3.874033
119.040731,-248.994123,3.565174,3.881089
120.371084,-251.364414,3.676993,3.756243
121.721627,-253.721982,3.779584,3.656366
123.088405,-256.066982,3.873490,3.581458
124.469952,-258.399540,3.822466,3.663423
125.867639,-260.719747,3.725846,3.794782
127.282996,-263.027693,3.741044,3.793154
128.717550,-265.323466,3.820837,3.713904
130.172830,-267.607156,3.782841,3.741044
131.650365,-269.878852,3.725846,3.785012
133.151682,-272.138644,3.737787,3.730731
134.678310,-274.386621,3.703048,3.726388
136.231663,-276.622924,3.551061,3.856663
137.799389,-278.853977,3.783383,3.697077
139.342490,-281.098363,3.844721,3.639539
140.818919,-283.376057,3.766556,3.676993
142.186625,-285.707034,3.648767,3.733445
143.408598,-288.108386,3.720418,3.654195
144.479262,-290.579196,3.623797,3.787726
145.405158,-293.111607,3.591772,3.948398
146.192853,-295.697745,3.828437,3.717704
146.848912,-298.329740,3.736702,3.766556
147.377146,-300.999193,3.683507,3.783383
147.772075,-303.695922,3.708476,3.735616
148.026264,-306.409375,3.804553,3.644424
148.132275,-309.128994,3.728560,3.744301
148.082672,-311.844226,3.758957,3.683507
147.870019,-314.544516,3.675364,3.747558
147.486879,-317.219310,3.636282,3.775784
146.925815,-319.858052,3.724217,3.699248
146.179391,-322.450187,3.668851,3.749186
145.243280,-324.985809,3.526092,3.861548
144.132099,-327.458959,3.642796,3.765471
142.867597,-329.865166,3.884346,3.600999
141.471533,-332.199960,3.833322,3.624883
139.965360,-334.458970,3.723132,3.770356
138.362125,-336.640507,3.660708,3.874033
136.665622,-338.745832,3.706847,3.781755
134.879173,-340.776355,3.659080,3.820295
133.006101,-342.733491,3.671022,3.758957
131.049337,-344.617383,3.662880,3.714447
129.007239,-346.413346,3.738330,3.603171
126.875200,-348.097073,3.847435,3.545633
124.648562,-349.644094,3.779041,3.708476
122.322736,-351.030051,3.600999,3.878918
119.900376,-352.242144,3.547804,3.814324
117.397579,-353.289032,3.605885,3.610227
114.831908,-354.181713,3.762757,3.701962
112.220924,-354.931183,3.660708,3.663965
109.581926,-355.548510,3.785012,3.634111
106.925147,-356.046719,3.641167,3.779584
104.253145,-356.440961,3.596657,3.808353
101.568095,-356.746492,3.693277,3.743216
98.872169,-356.978568,3.748101,3.737787
96.167541,-357.152446,3.753529,3.737245
93.456383,-357.283383,3.749729,3.737787
90.740868,-357.386636,3.745387,3.738330
88.023170,-357.477460,3.741044,3.738873
85.305454,-357.571055,3.737245,3.738873
82.589121,-357.677002,3.732902,3.739416
79.874177,-357.794615,3.728560,3.739959
77.160476,-357.922118,3.724760,3.740502
74.447875,-358.057735,3.720418,3.741044
71.736231,-358.199688,3.716075,3.741587
69.025401,-358.346201,3.725303,3.738330
66.315239,-358.495497,3.735616,3.735073
63.605602,-358.645800,3.745930,3.732359
60.896347,-358.795332,3.755700,3.729103
58.187329,-358.942317,3.766014,3.725846
55.478406,-359.084978,3.776327,3.722589
52.769433,-359.221539,3.786098,3.719332
50.060266,-359.350223,3.764928,3.741587
47.350762,-359.469252,3.741044,3.764928
44.640777,-359.576851,3.717704,3.788812
41.930168,-359.671243,3.693820,3.812695
39.218790,-359.750649,3.669936,3.836579
36.506500,-359.813295,3.646595,3.860462
33.793191,-359.857867,3.627054,3.880004
31.078989,-359.885742,3.654195,3.857206
28.364093,-359.899273,3.681335,3.834408
25.648707,-359.900811,3.708476,3.811610
22.933037,-359.892708,3.735073,3.788812
20.217284,-359.877316,3.762214,3.766014
17.501651,-359.856988,3.786640,3.754072
14.786343,-359.834074,3.797497,3.794782
12.071561,-359.810926,3.808353,3.835493
9.357506,-359.789212,3.819752,3.875661
6.644336,-359.762947,3.830608,3.916372
3.932181,-359.721362,3.841464,3.957083
1.221174,-359.653618,3.852320,3.997793
-1.488559,-359.548945,3.863719,4.035790
-4.197042,-359.403663,3.876204,4.019506
-6.904580,-359.226794,3.889231,4.003764
-9.611508,-359.028683,3.901716,3.987480
-12.318160,-358.819676,3.914743,3.971738
-15.024864,-358.609923,3.927228,3.955454
-17.731789,-358.404658,3.940255,3.939713
-20.438932,-358.203928,3.953283,3.923428
-23.146289,-358.007539,3.936456,3.894659
-25.853850,-357.815295,3.912029,3.863177
-28.561607,-357.626998,3.888146,3.831151
-31.269552,-357.442454,3.863719,3.799125
-33.977677,-357.261464,3.839836,3.767099
-36.685976,-357.083834,3.815409,3.735616
-39.394438,-356.909367,3.791526,3.703590
-42.103057,-356.737868,3.767099,3.671565
-44.811825,-356.569138,3.743216,3.639539
-47.520734,-356.402984,3.718789,3.608056
-50.229775,-356.239208,3.694906,3.576030
-52.938941,-356.077614,3.670479,3.544004
-55.648224,-355.918007,3.646595,3.511979
-58.357617,-355.760188,3.622169,3.479953
-61.067110,-355.603964,3.598285,3.448470
-63.776695,-355.449136,3.589600,3.442499
-66.486367,-355.295539,3.587429,3.446841
-69.196121,-355.143095,3.585258,3.451184
-71.905950,-354.991745,3.583087,3.456069
-74.615853,-354.841430,3.580915,3.460412
-77.325825,-354.692091,3.578744,3.464754
-80.035862,-354.543668,3.576573,3.469097
-82.745958,-354.396102,3.574402,3.473982
-85.456111,-354.249335,3.572231,3.478324
-88.166316,-354.103307,3.570059,3.482667
-90.876570,-353.957958,3.567888,3.487009
-93.586866,-353.813230,3.565717,3.491895
-96.297203,-353.669062,3.563546,3.496237
-99.007574,-353.525397,3.561374,3.500580
-101.717978,-353.382174,3.559203,3.504922
-104.428408,-353.239334,3.557032,3.509807
-107.138860,-353.096819,3.554861,3.514150
-109.849332,-352.954569,3.552689,3.518492
-112.559819,-352.812525,3.550518,3.522835
-115.270316,-352.670628,3.548347,3.527720
-117.980819,-352.528817,3.546176,3.532063
-120.691324,-352.387035,3.544004,3.536405
-123.401827,-352.245222,3.541290,3.541290
-126.112324,-352.103318,3.539119,3.545633
-128.822811,-351.961266,3.536948,3.549975
-131.533282,-351.819004,3.534777,3.554318
-134.243735,-351.676474,3.532605,3.559203
-136.954166,-351.533617,3.530434,3.563546
-139.664569,-351.390374,3.528263,3.567888
-142.374941,-351.246685,3.526092,3.572231
-145.085277,-351.102491,3.523920,3.577116
-147.795574,-350.957734,3.521749,3.581458
-150.505827,-350.812353,3.519578,3.585801
-153.216033,-350.666289,3.521749,3.587429
-155.926187,-350.519484,3.526635,3.587429
-158.636284,-350.371878,3.530977,3.587429
-161.346320,-350.223412,3.535862,3.587429
-164.056292,-350.074026,3.540205,3.587429
-166.766199,-349.923705,3.545090,3.587429
-169.476045,-349.772503,3.549433,3.587429
-172.185835,-349.620482,3.554318,3.586886
-174.895574,-349.467706,3.558660,3.586886
-177.605267,-349.314237,3.563546,3.586886
-180.314920,-349.160136,3.567888,3.586886
-183.024537,-349.005468,3.572773,3.586886
-185.734123,-348.850292,3.577116,3.586886
-188.443685,-348.694674,3.582001,3.586886
-191.153225,-348.538675,3.586344,3.586886
-193.862750,-348.382356,3.591229,3.586886
-196.572266,-348.225781,3.595571,3.586886
-199.281776,-348.069013,3.600457,3.586886
-201.991286,-347.912113,3.604799,3.586344
-204.700801,-347.755144,3.609684,3.586344
-207.410325,-347.598168,3.614027,3.586344
-210.119866,-347.441249,3.618912,3.586344
-212.829426,-347.284448,3.623255,3.586344
-215.539011,-347.127828,3.628140,3.586344
-218.248627,-346.971451,3.631940,3.586344
-220.958279,-346.815380,3.630854,3.584715
-223.667971,-346.659677,3.630311,3.583087
-226.377708,-346.504404,3.629768,3.581458
-229.087496,-346.349625,3.629226,3.579830
-231.797340,-346.195401,3.628140,3.578201
-234.507244,-346.041795,3.627597,3.576573
-237.217215,-345.888869,3.627054,3.574945
-239.927256,-345.736687,3.625969,3.573316
-242.637374,-345.585310,3.625426,3.571688
-245.347572,-345.434800,3.624883,3.570059
-248.057857,-345.285221,3.623797,3.568431
-250.768233,-345.136633,3.623255,3.567345
-253.478705,-344.989102,3.622712,3.565717
-256.189278,-344.842687,3.621626,3.564088
-258.899958,-344.697453,3.621083,3.562460
-261.610749,-344.553461,3.620541,3.560832
-264.321655,-344.410765,3.619998,3.559203
-267.032613,-344.269214,3.618912,3.557575
-269.743503,-344.128451,3.618369,3.555946
-272.454196,-343.988113,3.617827,3.554318
-275.164569,-343.847833,3.616741,3.552689
-277.874495,-343.707246,3.616198,3.551061
-280.583848,-343.565986,3.615655,3.549433
-283.292502,-343.423690,3.614570,3.548347
-286.000332,-343.279993,3.614027,3.546718
-288.707220,-343.134530,3.613484,3.545090
-291.413679,-342.987247,3.612398,3.543462
-294.121292,-342.838595,3.611856,3.541833
-296.831745,-342.689080,3.608056,3.559746
-299.546721,-342.539203,3.594486,3.630311
-302.267126,-342.393083,3.668308,3.710647
-304.989657,-342.274285,3.787726,3.796954
-307.709605,-342.212882,3.832779,3.840379
-310.422257,-342.238955,3.858834,3.872947
-313.122904,-342.382581,3.903344,3.879461
-315.806396,-342.668947,4.034704,3.762214
-318.466301,-343.108851,4.129696,3.676450
-321.095946,-343.710453,4.021677,3.766014
-323.688663,-344.481913,3.770356,3.932113
-326.241807,-345.417068,3.635739,4.030905
-328.790311,-346.374340,3.812695,3.884889
-331.322143,-347.340101,3.927771,3.743758
-333.791598,-348.426800,3.857748,3.773070
-336.209817,-349.618401,4.098756,3.621083
-338.592896,-350.886744,3.863177,3.813781
-340.953354,-352.208026,3.719875,3.952197
-343.302539,-353.559874,3.735616,3.989108
-345.651795,-354.919915,3.751358,4.026019
-348.012180,-356.266238,3.839293,3.931571
-350.388439,-357.587088,3.939713,3.814866
-352.779161,-358.880610,4.040132,3.698705
-355.182681,-360.145359,4.004850,3.738873
-357.597332,-361.379891,3.870233,3.893031
-360.021851,-362.582558,3.736159,4.047732
-362.458962,-363.749670,3.734531,4.052617
-364.913678,-364.876375,3.863177,3.903887
-367.391037,-365.957805,3.679707,4.007564
-369.896055,-366.988998,3.745930,3.900088
-372.432238,-367.958405,3.943512,3.533148
-375.000622,-368.843704,3.857206,3.599371
-377.602015,-369.621575,3.760043,3.730188
-380.237221,-370.268699,3.684592,3.859920
-382.906735,-370.762229,3.821923,3.679164
-385.604398,-371.089416,3.774699,3.730188
-388.317675,-371.247173,3.713904,3.821923
-391.033775,-371.232804,3.693277,3.880004
-393.739909,-371.043613,3.600999,3.934827
-396.423288,-370.676902,3.523920,3.956540
-399.071121,-370.129975,3.637910,3.773613
-401.670620,-369.400134,3.687306,3.700876
-404.208994,-368.484682,3.708476,3.665051
-406.673472,-367.381007,3.741044,3.555403
-409.052532,-366.091915,3.783926,3.770356
-411.336650,-364.628889,3.726388,3.716075
-413.516480,-363.004193,3.778498,3.598828
-415.582679,-361.230087,3.724217,3.693820
-417.525899,-359.318832,3.600457,3.781212
-419.336798,-357.282691,3.536405,3.835493
-421.006028,-355.133926,3.542376,3.853406
-422.524245,-352.884798,3.546718,3.826265
-423.882118,-350.547570,3.874033,3.514693
-425.080108,-348.134925,3.774699,3.704133
-426.145596,-345.660707,3.767099,3.743216
-427.110546,-343.138958,3.714447,3.846349
-428.006924,-340.583715,3.758414,3.860462
-428.866697,-338.009020,3.911487,3.775784
-429.721828,-335.428914,4.064016,3.690563
-430.604285,-332.857438,3.979881,3.750815
-431.546032,-330.308632,3.887060,3.816495
-432.579036,-327.796535,3.861005,3.876204
-433.730559,-325.334394,3.895202,3.929942
-435.004686,-322.931531,3.929399,3.983680
-436.398366,-320.596060,3.946226,3.927228
-437.908546,-318.336097,3.961968,3.866433
-439.532171,-316.159757,3.986394,3.808353
-441.266190,-314.075154,4.052074,3.763842
-443.107552,-312.090403,4.117754,3.718789
-445.053201,-310.213619,4.084100,3.743758
-447.100085,-308.452917,4.012449,3.794782
-449.244693,-306.815417,3.946769,3.826808
-451.479273,-305.299087,3.895202,3.809438
-453.793793,-303.896952,3.843635,3.792068
-456.178193,-302.601989,3.842007,3.814324
-458.622419,-301.407176,3.865891,3.857206
-461.116412,-300.305494,3.898459,3.882718
-463.650115,-299.289918,3.943512,3.884346
-466.213473,-298.353429,3.988023,3.886517
-468.796427,-297.489004,3.938627,3.833865
-471.389268,-296.689710,3.882175,3.776870
-473.989086,-295.950355,3.878375,3.766556
-476.599149,-295.267330,3.888689,3.769813
-479.222950,-294.637081,3.881632,3.784469
-481.863982,-294.056051,3.871319,3.801296
-484.523046,-293.516868,3.697620,3.926685
-487.193773,-293.001997,3.739959,3.882175
-489.868616,-292.492229,3.801839,3.821380
-492.540026,-291.968353,3.838207,3.786640
-495.200547,-291.411430,3.845264,3.781755
-497.848188,-290.818148,3.852320,3.776327
-500.489303,-290.209088,3.859920,3.771442
-503.130952,-289.606846,3.866976,3.766014
-505.780195,-289.034017,3.874033,3.761128
-508.441764,-288.504800,3.881632,3.755700
-511.109233,-287.993112,3.888689,3.750272
-513.772831,-287.460803,3.822466,3.780669
-516.422788,-286.869720,3.730731,3.804010
-519.049326,-286.181718,3.667765,3.759500
-521.639339,-285.362970,3.750272,3.629226
-524.170925,-284.391048,3.690563,3.825723
-526.620747,-283.245385,3.704133,3.807810
-528.965470,-281.905415,3.726931,3.830065
-531.182457,-280.353564,3.705219,3.809438
-533.255304,-278.598912,3.767099,3.791526
-535.170874,-276.664523,3.843635,3.753529
-536.916060,-274.573576,3.828979,3.723674
-538.477753,-272.349257,3.678621,3.874576
-539.853219,-270.016197,3.741587,3.946226
-541.088456,-267.605834,3.791526,3.909315
-542.243766,-265.151600,3.823551,3.790983
-543.379453,-262.686931,3.818666,3.706847
-544.554072,-260.244277,3.799668,3.671022
-545.793733,-257.837843,3.757871,3.697620
-547.095914,-255.465732,3.693820,3.760043
-548.457111,-253.125491,3.590143,3.787183
-549.873819,-250.814672,3.740502,3.705219
-551.342863,-248.531335,3.835493,3.661794
-552.863942,-246.277992,3.725303,3.734531
-554.438237,-244.059455,3.759500,3.671565
-556.066944,-241.880555,3.762214,3.640625
-557.751259,-239.746124,3.632482,3.735616
-559.492375,-237.660992,3.589600,3.760043
-561.291487,-235.629990,3.669936,3.684592
-563.149790,-233.657950,3.750815,3.608599
-565.068480,-231.749701,3.799125,3.506008
-567.048526,-229.909728,3.846349,3.402331
-569.086804,-228.136169,3.781755,3.495152
-571.176614,-226.421624,3.700334,3.616741
-573.311138,-224.758507,3.662880,3.692734
-575.483555,-223.139232,3.666679,3.725846
-577.687047,-221.556213,3.667765,3.750815
-579.914794,-220.001863,3.660708,3.745387
-582.159978,-218.468596,3.653109,3.739959
-584.415777,-216.948827,3.646053,3.735073
-586.675424,-215.435024,3.647138,3.728017
-588.934769,-213.922513,3.649309,3.720960
-591.193491,-212.410801,3.650938,3.713904
-593.451579,-210.899729,3.653109,3.706847
-595.709018,-209.389136,3.655280,3.699791
-597.965796,-207.878864,3.656909,3.692734
-600.221899,-206.368752,3.659080,3.685678
-602.477314,-204.858640,3.661251,3.678621
-604.732028,-203.348371,3.662880,3.671565
-606.986027,-201.837781,3.665051,3.664508
-609.239298,-200.326714,3.667222,3.657452
-611.491827,-198.815008,3.668851,3.650395
-613.743602,-197.302503,3.671022,3.643339
-615.994609,-195.789041,3.673193,3.636282
-618.244834,-194.274462,3.674822,3.629226
-620.494265,-192.758605,3.676993,3.622169
-622.742888,-191.241311,3.679164,3.615112
-624.990689,-189.722420,3.680792,3.608056
-627.237656,-188.201772,3.690020,3.631940
-629.483704,-186.679143,3.705219,3.683507
-631.728435,-185.154014,3.720418,3.735616
-633.971357,-183.625780,3.735616,3.787726
-636.211981,-182.093840,3.750815,3.839836
-638.449816,-180.557588,3.766014,3.891945
-640.684373,-179.016424,3.764385,3.915829
-642.915161,-177.469743,3.745930,3.911487
-645.141691,-175.916943,3.727474,3.907687
-647.363472,-174.357420,3.709561,3.903344
-649.580014,-172.790572,3.691106,3.899545
-651.790828,-171.215794,3.672650,3.895745
-653.995422,-169.632485,3.685135,3.865348
-656.193307,-168.040041,3.700334,3.832779
-658.383994,-166.437859,3.714989,3.800753
-660.566991,-164.825336,3.729645,3.768185
-662.741808,-163.201868,3.745387,3.739959
-664.907958,-161.566854,3.761128,3.713904
-667.064947,-159.919689,3.776870,3.687306
-669.212299,-158.259793,3.781755,3.674822
-671.349768,-156.586969,3.780669,3.670479
-673.477297,-154.901347,3.779041,3.666137
-675.594839,-153.203070,3.777413,3.661794
-677.702346,-151.492276,3.775784,3.657994
-679.799770,-149.769107,3.773070,3.655823
-681.887062,-148.033705,3.735616,3.712275
-683.964176,-146.286209,3.698162,3.768728
-686.031063,-144.526761,3.660708,3.825180
-688.087674,-142.755502,3.623255,3.882175
-690.133964,-140.972541,3.593943,3.924514
-692.169888,-139.177953,3.611313,3.886517
-694.195406,-137.371802,3.628683,3.847978
-696.210470,-135.554159,3.646053,3.809981
-698.215040,-133.725090,3.662880,3.771442
-700.209072,-131.884664,3.679164,3.739416
-702.192522,-130.032949,3.693277,3.716075
-704.165347,-128.170011,3.707390,3.692191
-706.127503,-126.295921,3.721503,3.668851
-708.079007,-124.410794,3.747558,3.711190
-710.020020,-122.514862,3.773070,3.754072
-711.950724,-120.608379,3.799125,3.796411
-713.871303,-118.691596,3.824637,3.838750
-715.781938,-116.764764,3.850692,3.881632
-717.682813,-114.828134,3.876204,3.923971
-719.574111,-112.881958,3.851778,3.922343
-721.456013,-110.926489,3.809438,3.904973
-723.328705,-108.961977,3.767642,3.888146
-725.192367,-106.988674,3.725303,3.870776
-727.047183,-105.006832,3.682964,3.853406
-728.893335,-103.016701,3.697620,3.842007
-730.731006,-101.018535,3.730188,3.832236
-732.560380,-99.012583,3.762757,3.822466
-734.381639,-96.999099,3.795868,3.813238
-736.194965,-94.978333,3.828437,3.803467
-738.000542,-92.950536,3.830065,3.788269
-739.798552,-90.915961,3.816495,3.770899
-741.588788,-88.874564,3.799125,3.760043
-743.367862,-86.823892,3.769813,3.770899
-745.130838,-84.760319,3.741044,3.781755
-746.872768,-82.680212,3.736159,3.790440
-748.588703,-80.579936,3.739416,3.798582
-750.273697,-78.455858,3.720418,3.817580
-751.922802,-76.304343,3.679707,3.846892
-753.531069,-74.121758,3.639539,3.876204
-755.093551,-71.904467,3.598828,3.905516
-756.600858,-69.646998,3.558660,3.934827
-757.969132,-67.313004,3.546718,3.640082
-759.060377,-64.844544,3.821380,3.653652
-759.861003,-62.249290,3.766556,3.818123
-760.461480,-59.589612,3.760585,3.920714
-760.931121,-56.912729,3.815409,3.939170
-761.281233,-54.225734,3.863719,3.865891
-761.514630,-51.529844,3.888689,3.822466
-761.634131,-48.826281,3.784469,3.935913
-761.642577,-46.116307,3.680792,4.049903
-761.544021,-43.403208,3.756243,3.985851
-761.344185,-40.693053,3.890860,3.862634
-761.048915,-37.992121,4.011364,3.751358
-760.664054,-35.306686,3.855034,3.865348
-760.196061,-32.641299,3.698162,3.979881
-759.654000,-29.993161,3.697620,3.974452
-759.047628,-27.357523,3.770899,3.912572
-758.386701,-24.729636,3.842007,3.830608
-757.680934,-22.104774,3.898459,3.608599
-756.928400,-19.485651,3.654738,3.651481
-756.099791,-16.892469,3.462583,3.676993
-755.161869,-14.347942,3.343165,3.666137
-754.081393,-11.874784,3.224290,3.655823
-752.830967,-9.492161,3.156981,3.600457
-751.428756,-7.191587,3.179236,3.467468
-749.914325,-4.951585,3.202034,3.334480
-748.327364,-2.750602,3.224832,3.201492
-746.707560,-0.567087,3.234060,3.122784
-745.088184,1.617019,3.223747,3.124955
-743.475647,3.805158,3.212891,3.126584
-741.869333,5.996951,3.202577,3.128755
-740.268628,8.192015,3.192264,3.130383
-738.672918,10.389973,3.181408,3.132555
-737.081586,12.590441,3.171094,3.134726
-735.494019,14.793040,3.160238,3.136354
-733.909600,16.997389,3.149925,3.138526
-732.327716,19.203108,3.139611,3.140154
-730.747750,21.409816,3.128755,3.142325
-729.169090,23.617133,3.118442,3.144496
-727.591119,25.824677,3.107585,3.146125
-726.013221,28.032068,3.097272,3.148296
-724.434784,30.238926,3.086416,3.149925
-722.855191,32.444871,3.076102,3.152096
-721.273828,34.649521,3.065789,3.154267
-719.690080,36.852496,3.054933,3.155895
-718.103330,39.053416,3.044620,3.158067
-716.512995,41.251917,3.033763,3.159695
-714.918913,43.447902,3.023450,3.161866
-713.321270,45.641487,3.013137,3.164038
-711.720259,47.832795,3.002280,3.165666
-710.116073,50.021946,2.991967,3.167837
-708.508904,52.209062,2.981111,3.169466
-706.898947,54.394265,2.970797,3.171637
-705.286393,56.577675,2.959941,3.173808
-703.671437,58.759416,2.949628,3.175437
-702.054271,60.939608,2.939314,3.177608
-700.435090,63.118372,2.950713,3.187921
-698.814083,65.295832,2.964284,3.199320
-697.191447,67.472106,2.978397,3.210719
-695.567373,69.647319,2.991967,3.222118
-693.942055,71.821590,3.005537,3.233517
-692.315685,73.995042,3.019650,3.244916
-690.688458,76.167796,3.033221,3.256858
-689.060566,78.339974,3.047334,3.268257
-687.432202,80.511696,3.060904,3.279656
-685.803484,82.683039,3.074474,3.291055
-684.174364,84.853969,3.088587,3.302454
-682.544770,87.024441,3.102157,3.313853
-680.914630,89.194409,3.115728,3.325252
-679.283871,91.363825,3.129841,3.336651
-677.652423,93.532644,3.143411,3.348050
-676.020211,95.700819,3.157524,3.359449
-674.387165,97.868305,3.171094,3.370848
-672.753211,100.035053,3.184664,3.382247
-671.118279,102.201019,3.198777,3.393646
-669.482296,104.366155,3.212348,3.405045
-667.845189,106.530416,3.225918,3.416444
-666.206887,108.693755,3.240031,3.427843
-664.567317,110.856125,3.253601,3.439242
-662.926408,113.017481,3.267714,3.450641
-661.284086,115.177775,3.281285,3.462040
-659.640281,117.336963,3.294855,3.473439
-657.994920,119.494996,3.308968,3.485381
-656.347930,121.651828,3.322538,3.496780
-654.699240,123.807415,3.336108,3.508179
-653.048778,125.961708,3.350221,3.519578
-651.396471,128.114663,3.363792,3.530977
-649.742246,130.266231,3.393646,3.555946
-648.086034,132.416367,3.427300,3.583630
-646.427760,134.565025,3.460955,3.611856
-644.767353,136.712158,3.494609,3.639539
-643.104741,138.857720,3.528263,3.667765
-641.439852,141.001664,3.561917,3.695991
-639.772613,143.143945,3.595571,3.723674
-638.102952,145.284515,3.629226,3.751901
-636.430798,147.423329,3.662880,3.780127
-634.756078,149.560339,3.695991,3.807810
-633.078719,151.695500,3.729645,3.836036
-631.398650,153.828765,3.763300,3.864262
-629.715799,155.960089,3.796954,3.891945
-628.030094,158.089423,3.830608,3.920172
-626.341462,160.216723,3.864262,3.947855
-624.648767,162.340892,3.859377,3.939713
-622.946613,164.456633,3.854492,3.931571
-621.228541,166.557602,3.849606,3.923428
-619.488091,168.637451,3.859920,3.913658
-617.718805,170.689835,3.870776,3.904430
-615.914221,172.708409,3.881632,3.895202
-614.067881,174.686825,3.893031,3.885432
-612.173324,176.618740,3.768728,3.962511
-610.224092,178.497805,3.653652,4.024934
-608.214925,180.318431,3.868605,3.833322
-606.149376,182.080557,3.894117,3.790983
-604.034915,183.786588,3.712818,3.912029
-601.879035,185.438940,3.795325,3.832236
-599.689187,187.040148,3.852320,3.792611
-597.471350,188.597404,3.851235,3.820837
-595.229609,190.123872,3.866976,3.801839
-592.960300,191.612950,3.834950,3.778498
-590.629684,192.978543,3.534234,3.989651
-588.199347,194.121780,3.662337,3.872404
-585.670690,195.042922,3.922886,3.633025
-583.075181,195.817090,3.880004,3.709019
-580.445029,196.521249,3.778498,3.845807
-577.812384,197.232205,3.808353,3.840379
-575.197838,197.996224,3.838207,3.835493
-572.596881,198.793219,3.868062,3.830065
-570.001706,199.594390,3.880546,3.831694
-567.404506,200.370939,3.859377,3.844721
-564.797578,201.094594,3.838207,3.857748
-562.177030,201.756369,3.809981,3.868062
-559.543785,202.371654,3.728560,3.857748
-556.899075,202.957401,3.647681,3.847435
-554.244134,203.530565,3.566802,3.835493
-551.580139,204.100987,3.554318,3.679164
-548.908056,204.651011,3.581458,3.554861
-546.228799,205.156339,3.743758,3.540205
-543.543283,205.592675,3.850692,3.506551
-540.852420,205.935776,3.902802,3.454441
-538.157058,206.171774,3.584172,3.738330
-535.457902,206.309151,3.504922,3.771442
-532.755635,206.359295,3.499494,3.686763
-530.050942,206.333597,3.487552,3.578201
-527.344510,206.243442,3.375733,3.546176
-524.637022,206.100221,3.264457,3.514150
-521.929162,205.915320,3.222661,3.477782
-519.221617,205.700129,3.318738,3.432728
-516.515072,205.466035,3.414816,3.387675
-513.810047,205.222612,3.485924,3.360535
-511.106452,204.972516,3.499494,3.375191
-508.404045,204.716757,3.513064,3.389846
-505.702586,204.456345,3.526635,3.403960
-503.001833,204.192287,3.539662,3.418615
-500.301547,203.925593,3.553232,3.433271
-497.601487,203.657274,3.566802,3.447384
-494.901413,203.388337,3.580373,3.462040
-492.201083,203.119792,3.593400,3.476153
-489.500283,202.852638,3.606970,3.490809
-486.798955,202.587797,3.620541,3.505465
-484.097117,202.326160,3.634111,3.519578
-481.394782,202.068615,3.647681,3.534234
-478.691967,201.816055,3.660708,3.548890
-475.988685,201.569369,3.674279,3.563003
-473.284954,201.329447,3.687849,3.577659
-470.580788,201.097179,3.701419,3.591772
-467.876201,200.873457,3.714447,3.606428
-465.171235,200.658439,3.735616,3.616741
-462.466260,200.442195,3.806724,3.602085
-459.761897,200.207418,3.840379,3.617284
-457.058766,199.936633,3.815952,3.680250
-454.357528,199.612325,3.680792,3.698705
-451.665135,199.210367,3.573316,3.819752
-449.001777,198.692708,3.579287,3.795868
-446.389323,198.019537,3.531520,3.883260
-443.849639,197.151043,3.625426,3.723132
-441.404492,196.048201,3.580915,3.586344
-439.072223,194.698842,3.661251,3.575487
-436.866985,193.123619,3.690563,3.534234
-434.802674,191.345187,3.645510,3.575487
-432.893189,189.386197,3.743216,3.477239
-431.152427,187.269303,3.647681,3.579287
-429.594287,185.017159,3.557575,3.724217
-428.232665,182.652417,3.694906,3.610770
-427.081459,180.197730,3.644424,3.753529
-426.154530,177.675706,3.837122,3.597200
-425.460302,175.102492,3.558117,3.900630
-424.996158,172.481100,3.542919,3.931028
-424.758145,169.812954,3.701962,3.699791
-424.742306,167.099477,3.836036,3.741044
-424.946872,164.349975,4.024391,3.558117
-425.384349,161.625291,3.685678,3.672650
-426.073010,159.005585,3.566260,3.812152
-427.031941,156.527832,3.607513,3.951112
-428.281165,154.178452,3.843635,3.716075
-429.827306,151.951365,3.720418,3.669393
-431.629602,149.877018,3.667222,3.706847
-433.636860,147.993894,3.720418,3.635739
-435.797887,146.340480,3.717704,3.681335
-438.065214,144.950224,3.598285,3.835493
-440.438284,143.793124,3.651481,3.768185
-442.948353,142.796197,3.488638,3.828437
-445.593044,141.936985,3.777955,3.541290
-448.302855,141.293683,3.793154,3.536405
-451.008371,140.943733,3.648767,3.620541
-453.689913,140.886053,3.678621,3.510893
-456.347153,141.089008,3.506008,3.785012
-458.979808,141.520894,3.593943,3.662880
-461.587593,142.150007,3.497323,3.752986
-464.170223,142.944644,3.561374,3.762757
-466.727414,143.873100,3.627054,3.767099
-469.258881,144.903673,3.722589,3.753529
-471.764342,146.004656,3.739416,3.715532
-474.243762,147.145623,3.716618,3.679707
-476.700144,148.311475,3.719332,3.672650
-479.138496,149.497266,3.722589,3.665594
-481.563865,150.698234,3.725846,3.658537
-483.981297,151.909613,3.729103,3.651481
-486.395835,153.126640,3.732359,3.644424
-488.812526,154.344548,3.735616,3.637368
-491.236416,155.558576,3.738873,3.630311
-493.672549,156.763957,3.742130,3.622712
-496.126083,157.954873,3.745387,3.615655
-498.605326,159.095797,3.748644,3.608599
-501.122091,160.118134,3.760585,3.554861
-503.688377,160.951560,3.718246,3.502751
-506.316179,161.525753,3.552147,3.567888
-509.005686,161.784743,3.512521,3.661251
-511.717745,161.720390,3.541833,3.589058
-514.405021,161.334499,3.544004,3.575487
-517.020177,160.628880,3.614027,3.355107
-519.516025,159.605475,3.624883,3.402874
-521.860784,158.280395,3.441413,3.659623
-524.051332,156.696109,3.558117,3.683507
-526.087677,154.897961,3.649309,3.606970
-527.969825,152.931292,3.729645,3.533148
-529.698555,150.837846,3.694906,3.591229
-531.279251,148.637952,3.670479,3.678078
-532.718991,146.344048,3.695448,3.729645
-534.024857,143.968561,3.764385,3.761671
-535.203928,141.523916,3.745387,3.723132
-536.258932,139.021449,3.637910,3.572773
-537.178489,136.468955,3.621626,3.559746
-537.958009,133.873345,3.664508,3.680792
-538.624111,131.240978,3.690563,3.716075
-539.201940,128.578371,3.748101,3.712818
-539.627872,125.895121,3.698162,3.723132
-539.782635,123.202758,3.837664,3.572231
-539.631534,120.509827,3.579287,3.809981
-539.296021,117.819367,3.794240,3.621083
-538.899052,115.133480,3.822466,3.640082
-538.475938,112.452223,3.821380,3.641167
-538.030500,109.774925,3.820295,3.642253
-537.566524,107.100908,3.819209,3.643881
-537.087792,104.429499,3.818123,3.644967
-536.598086,101.760021,3.817038,3.646053
-536.101190,99.091801,3.815952,3.647681
-535.600888,96.424163,3.814866,3.648767
-535.100960,93.756432,3.813781,3.649852
-534.604957,91.087975,3.812152,3.651481
-534.113804,88.418630,3.811067,3.652566
-533.626795,85.748526,3.809981,3.653652
-533.143200,83.077796,3.808896,3.654738
-532.662289,80.406576,3.807810,3.656366
-532.183330,77.734999,3.806724,3.657452
-531.705594,75.063200,3.805639,3.658537
-531.228349,72.391311,3.804553,3.660166
-530.750866,69.719468,3.803467,3.661251
-530.272428,67.047803,3.802382,3.662337
-529.792676,64.376379,3.801296,3.663965
-529.311631,61.705195,3.800211,3.665051
-528.829328,59.034244,3.799125,3.666137
-528.345804,56.363519,3.798039,3.667765
-527.861095,53.693013,3.796954,3.668851
-527.375237,51.022720,3.795325,3.669936
-526.888267,48.352633,3.794240,3.671022
-526.400222,45.682745,3.793154,3.672650
-525.911138,43.013050,3.792068,3.673736
-525.421051,40.343540,3.790983,3.674822
-524.929998,37.674211,3.789897,3.676450
-524.438015,35.005054,3.788812,3.677536
-523.945139,32.336063,3.787726,3.678621
-523.451406,29.667231,3.786640,3.680250
-522.956853,26.998552,3.785555,3.681335
-522.461515,24.330020,3.784469,3.682421
-521.965430,21.661626,3.786098,3.684049
-521.468634,18.993366,3.813238,3.689477
-520.971161,16.325231,3.840921,3.694906
-520.473041,13.657219,3.927228,3.798582
-519.974299,10.989321,4.019506,3.912029
-519.474964,8.321535,4.111783,4.026019
-518.975062,5.653854,4.204061,4.140009
-518.474622,2.986274,4.296339,4.253999
-517.973670,0.318789,4.388616,4.367447
-517.472234,-2.348606,4.481437,4.481437
-516.970341,-5.015916,4.573714,4.595427
-516.468018,-7.683146,4.665992,4.708874
-515.965293,-10.350301,4.758270,4.822864
-515.462192,-13.017387,4.804408,4.879859
-514.958744,-15.684408,4.791381,4.861946
-514.454975,-18.351369,4.777811,4.844034
-513.950913,-21.018278,4.764783,4.826121
-513.446585,-23.685136,4.751213,4.808208
-512.942019,-26.351952,4.737643,4.790295
-512.437241,-29.018728,4.724615,4.772383
-511.932279,-31.685471,4.711045,4.755013
-511.427161,-34.352185,4.698018,4.737100
-510.921912,-37.018877,4.684448,4.719187
-510.416563,-39.685550,4.670877,4.701275
-509.911138,-42.352210,4.657850,4.683362
-509.405665,-45.018863,4.644280,4.665449
-508.900173,-47.685514,4.631252,4.647537
-508.394688,-50.352166,4.617682,4.630167
-507.889237,-53.018826,4.604112,4.612254
-507.383847,-55.685500,4.591084,4.594341
-506.878547,-58.352191,4.577514,4.576428
-506.373364,-61.018906,4.563944,4.558516
-505.868323,-63.685648,4.550916,4.540603
-505.363454,-66.352424,4.537346,4.523233
-504.858783,-69.019239,4.524319,4.505320
-504.354337,-71.686097,4.510748,4.487408
-503.850144,-74.353005,4.497178,4.469495
-503.346232,-77.019967,4.484151,4.451582
-502.842626,-79.686988,4.470581,4.433669
-502.339338,-82.354069,4.457553,4.415757
-501.836350,-85.021209,4.443983,4.398387
-501.333641,-87.688402,4.430413,4.380474
-500.831188,-90.355643,4.417385,4.362561
-500.328972,-93.022930,4.403815,4.344649
-499.826970,-95.690258,4.390788,4.326736
-499.325164,-98.357622,4.377217,4.308823
-498.823530,-101.025019,4.363647,4.290911
-498.322048,-103.692444,4.350620,4.273541
-497.820696,-106.359894,4.337049,4.255628
-497.319455,-109.027363,4.324022,4.237715
-496.818302,-111.694848,4.310452,4.219802
-496.317217,-114.362345,4.296881,4.201890
-495.816178,-117.029849,4.283854,4.183977
-495.315165,-119.697356,4.270284,4.166064
-494.814157,-122.364863,4.257256,4.148694
-494.313130,-125.032365,4.243686,4.130782
-493.812067,-127.699858,4.230116,4.112869
-493.310945,-130.367336,4.217088,4.094956
-492.809743,-133.034799,4.203518,4.077044
-492.308439,-135.702238,4.189948,4.059131
-491.807014,-138.369652,4.176921,4.041218
-491.305445,-141.037037,4.163350,4.023848
-490.803712,-143.704387,4.150323,4.005935
-490.301793,-146.371698,4.136753,3.988023
-489.799668,-149.038967,4.123182,3.970110
-489.297316,-151.706190,4.110155,3.952197
-488.794715,-154.373361,4.096585,3.934285
-488.291845,-157.040477,4.083557,3.916372
-487.788683,-159.707535,4.069987,3.899002
-487.285209,-162.374529,4.056417,3.881089
-486.781403,-165.041455,4.043389,3.863177
-486.277243,-167.708310,4.029819,3.845264
-485.772707,-170.375089,4.016792,3.827351
-485.267775,-173.041788,4.003221,3.809438
-484.762427,-175.708403,3.989651,3.792068
-484.256648,-178.374932,3.976624,3.774156
-483.750651,-181.041420,3.963053,3.756243
-483.244861,-183.707964,3.950026,3.738330
-482.739720,-186.374660,3.936456,3.720418
-482.235664,-189.041605,3.922886,3.702505
-481.733133,-191.708897,3.909858,3.684592
-481.232564,-194.376633,3.896288,3.667222
-480.734395,-197.044907,3.883260,3.649309
-480.239067,-199.713821,3.869690,3.631397
-479.746976,-202.383459,3.856120,3.613484
-479.255310,-205.053157,3.843093,3.595571
-478.755854,-207.720987,3.829522,3.577659
-478.239876,-210.384894,3.815952,3.559746
-477.698637,-213.042829,3.802925,3.542376
-477.123403,-215.692738,3.789354,3.524463
-476.505440,-218.332571,3.682964,3.654738
-475.836012,-220.960275,3.598285,3.804010
-475.106384,-223.573797,3.685678,3.823551
-474.307782,-226.171062,3.739959,3.656909
-473.386244,-228.719853,3.824094,3.475068
-472.155189,-231.099505,3.659623,3.580915
-470.489686,-233.216687,3.614570,3.637910
-468.514473,-235.104502,3.592314,3.615655
-466.389966,-236.817182,3.661794,3.554318
-464.182072,-238.391693,3.639539,3.660166
-461.902239,-239.855028,3.698162,3.677536
-459.564515,-241.233010,3.741044,3.666679
-457.188318,-242.549714,3.732359,3.628683
-454.791064,-243.825973,3.713361,3.656366
-452.377017,-245.066481,3.712818,3.679164
-449.946147,-246.270661,3.747015,3.672108
-447.498423,-247.437933,3.781212,3.665051
-445.033812,-248.567718,3.815409,3.657994
-442.552281,-249.659436,3.849606,3.650938
-440.053801,-250.712506,3.836036,3.651481
-437.538336,-251.726350,3.768728,3.661251
-435.005857,-252.700388,3.741044,3.678078
-432.456414,-253.634071,3.757329,3.703048
-429.890893,-254.527179,3.771984,3.728017
-427.310653,-255.379674,3.732902,3.756786
-424.717060,-256.191523,3.694363,3.785555
-422.111478,-256.962690,3.700334,3.761671
-419.495274,-257.693141,3.713904,3.729103
-416.869812,-258.382843,3.738873,3.696534
-414.236457,-259.031759,3.780669,3.663965
-411.596575,-259.639856,3.814866,3.655280
-408.951439,-260.207310,3.817038,3.750272
-406.300323,-260.738822,3.819752,3.834950
-403.640584,-261.243453,3.826265,3.824637
-400.969498,-261.730441,3.846349,3.812695
-398.284344,-262.209002,3.883803,3.799125
-395.585299,-262.670858,3.840921,3.901716
-392.880780,-263.058023,3.809981,3.913658
-390.180652,-263.303744,3.806724,3.814324
-387.494782,-263.341269,3.849606,3.759500
-384.832853,-263.104780,3.912572,3.777413
-382.192166,-262.591700,4.069444,3.747558
-379.550646,-261.900559,3.912029,3.945684
-376.929490,-261.052925,3.768185,4.058045
-374.422558,-259.931338,3.777413,3.861005
-372.162483,-258.419543,3.977709,3.557032
-370.445995,-256.471641,3.883803,3.798039
-369.606900,-254.071951,3.991822,3.692734
-369.668755,-251.366377,3.692191,3.730188
-370.364036,-248.652314,3.766556,3.622169
-371.460133,-246.147859,3.735616,3.909315
-372.850958,-243.837764,4.031990,3.850692
-374.451899,-241.667168,4.168236,4.028191
-376.178344,-239.581210,4.137838,4.047732
-377.951014,-237.528429,4.136210,4.058045
-379.739346,-235.488415,4.134581,4.068359
-381.538873,-233.457395,4.132953,4.078672
-383.345377,-231.431751,4.131867,4.088985
-385.154637,-229.407868,4.130239,4.099299
-386.962989,-227.382642,4.128610,4.109069
-388.769441,-225.355468,4.126982,4.119383
-390.573809,-223.326492,4.125354,4.129696
-392.375909,-221.295860,4.124268,4.140009
-394.175559,-219.263719,4.122640,4.150323
-395.972574,-217.230215,4.121011,4.160093
-397.766771,-215.195495,4.119383,4.170407
-399.557967,-213.159707,4.118297,4.180720
-401.345978,-211.122995,4.116669,4.191034
-403.131277,-209.084670,4.130239,4.193205
-404.920275,-207.036474,4.216546,4.158465
-406.709008,-204.962031,4.250743,4.174206
-408.371311,-202.807920,4.182891,4.261056
-409.717444,-200.501698,4.113955,4.229573
-410.632851,-198.006430,4.074329,4.231201
-411.118564,-195.339626,4.166607,4.154665
-411.172986,-192.550359,4.188862,4.125354
-410.735541,-189.816529,4.188320,4.199719
-409.733477,-187.347567,4.024391,4.312623
-408.196341,-185.222696,4.136753,4.260513
-406.245042,-183.404861,4.210032,4.168778
-404.003698,-181.852918,4.160093,4.260513
-401.596364,-180.525725,4.201347,4.214917
-399.119401,-179.381475,4.076501,4.255085
-396.597850,-178.376664,4.261599,4.142181
-394.045433,-177.467511,4.252914,4.124811
-391.475873,-176.610240,4.244229,4.107441
-388.902785,-175.761415,4.235001,4.090071
-386.334203,-174.895512,4.226316,4.072701
-383.769924,-174.013450,4.217631,4.055331
-381.209081,-173.118278,4.208403,4.038504
-378.650806,-172.213042,4.199719,4.021134
-376.094232,-171.300787,4.191034,4.003764
-373.538493,-170.384559,4.181806,3.986394
-370.982721,-169.467406,4.173121,3.969024
-368.426048,-168.552373,4.164436,3.951654
-365.867611,-167.642504,4.155208,3.934285
-363.306863,-166.739776,4.146523,3.916915
-360.744078,-165.843442,4.137838,3.899545
-358.179659,-164.952332,4.128610,3.882718
-355.614006,-164.065276,4.119925,3.865348
-353.047522,-163.181103,4.111241,3.847978
-350.480609,-162.298642,4.102013,3.830608
-347.913670,-161.416724,4.093328,3.813238
-345.347105,-160.534178,4.084643,3.795868
-342.781317,-159.649832,4.075415,3.778498
-340.216707,-158.762516,4.066730,3.761128
-337.653678,-157.871060,4.058045,3.743758
-335.092632,-156.974293,4.048817,3.726931
-332.533971,-156.071045,4.040132,3.709561
-329.978095,-155.160144,4.031448,3.692191
-327.425408,-154.240421,4.022220,3.674822
-324.876311,-153.310705,4.013535,3.657452
-322.331207,-152.369825,4.004850,3.640082
-319.790496,-151.416611,3.995622,3.622712
-317.254775,-150.449538,3.976624,3.619455
-314.726279,-149.464085,3.851235,3.760043
-312.208070,-148.454217,3.743216,3.881632
-309.703219,-147.413885,3.788269,3.839293
-307.214794,-146.337042,3.833865,3.796954
-304.745866,-145.217643,3.839836,3.793154
-302.299503,-144.049638,3.824094,3.810524
-299.878775,-142.826982,3.825180,3.795325
-297.486753,-141.543626,3.857206,3.723674
-295.126923,-140.193355,3.783383,3.795868
-292.810149,-138.766987,3.667765,3.925057
-290.553588,-137.252803,3.763300,3.771984
-288.374601,-135.639006,3.834950,3.684592
-286.290523,-133.913820,3.883803,3.653652
-284.309126,-132.074491,3.822466,3.634654
-282.414421,-130.140672,3.680792,3.744844
-280.586788,-128.135441,3.679707,3.768728
-278.806609,-126.081874,3.744301,3.762214
-277.054578,-124.002758,3.807267,3.793697
-275.326586,-121.906879,3.732359,3.835493
-273.640243,-119.783015,3.755157,3.770356
-272.014825,-117.618406,3.875661,3.636825
-270.469607,-115.400292,3.926685,3.586886
-269.018836,-113.119421,3.774699,3.692734
-267.654402,-110.782112,3.672108,3.777413
-266.361998,-108.399006,3.597200,3.920714
-265.127312,-105.980747,3.679707,3.888689
-263.936037,-103.537970,3.711190,3.764928
-262.775629,-101.079582,3.741044,3.720960
-261.637862,-98.610233,3.762757,3.756786
-260.515163,-96.133934,3.740502,3.774699
-259.399956,-93.654695,3.718246,3.793154
-258.284670,-91.176527,3.695991,3.811610
-257.161729,-88.703441,3.674279,3.829522
-256.023560,-86.239447,3.652024,3.847978
-254.862590,-83.788556,3.629768,3.866433
-253.671242,-81.354779,3.607513,3.884889
-252.444114,-78.940884,3.585258,3.902802
-251.185341,-76.544184,3.643881,3.876204
-249.901687,-74.160487,3.733988,3.831151
-248.599915,-71.785603,3.824094,3.786640
-247.286789,-69.415340,3.856120,3.776870
-245.969071,-67.045507,3.811067,3.812695
-244.653525,-64.671913,3.766556,3.848521
-243.346913,-62.290367,3.745930,3.864805
-242.056000,-59.896678,3.739959,3.869690
-240.785843,-57.487841,3.778498,3.838207
-239.527617,-55.070503,3.903887,3.735073
-238.265736,-52.656015,3.931571,3.755700
-236.984571,-50.255756,3.910944,3.837122
-235.668490,-47.881109,3.952197,3.772527
-234.301863,-45.543453,3.951112,3.733445
-232.869058,-43.254170,3.772527,3.872947
-231.354445,-41.024641,3.684592,3.921257
-229.742393,-38.866246,3.636282,3.963053
-228.018513,-36.789516,3.659080,3.875661
-226.189182,-34.790756,3.754615,3.733445
-224.277944,-32.854518,3.785555,3.722589
-222.308856,-30.964995,3.780669,3.785012
-220.305883,-29.106522,3.814866,3.636825
-218.264636,-27.304928,3.909315,3.755700
-216.112739,-25.685549,3.684592,3.948398
-213.777982,-24.378317,3.763300,3.726931
-211.269493,-23.432885,3.511979,3.716075
-208.635600,-22.858193,3.421872,3.684049
-205.929400,-22.567982,3.471268,3.682421
-203.209585,-22.347455,3.520664,3.680250
-200.506702,-22.078275,3.570059,3.678621
-197.811917,-21.788121,3.619455,3.676450
-195.115488,-21.508642,3.668851,3.674822
-192.416062,-21.243014,3.665051,3.666679
-189.714524,-20.986820,3.661251,3.658537
-187.011760,-20.735641,3.657452,3.649852
-184.308656,-20.485066,3.653652,3.641710
-181.605851,-20.231914,3.650395,3.633568
-178.903406,-19.975933,3.646595,3.625426
-176.201299,-19.717291,3.642796,3.617284
-173.499508,-19.456159,3.638996,3.609142
-170.798009,-19.192703,3.635196,3.600999
-168.096781,-18.927093,3.631397,3.592857
-165.395800,-18.659498,3.628140,3.584715
-162.695045,-18.390086,3.626511,3.583087
-159.994494,-18.119028,3.625426,3.582544
-157.294122,-17.846490,3.624340,3.582001
-154.593908,-17.572643,3.623255,3.581458
-151.893830,-17.297655,3.622169,3.580915
-149.193866,-17.021695,3.621083,3.580373
-146.493991,-16.744931,3.619998,3.579830
-143.794186,-16.467533,3.618912,3.579287
-141.094425,-16.189669,3.617284,3.578744
-138.394688,-15.911508,3.616198,3.578201
-135.694951,-15.633219,3.615112,3.577116
-132.995195,-15.354958,3.614027,3.576573
-130.295413,-15.076771,3.612941,3.576030
-127.595607,-14.798655,3.611856,3.575487
-124.895778,-14.520610,3.610770,3.574945
-122.195928,-14.242630,3.609684,3.574402
-119.496058,-13.964713,3.608599,3.573859
-116.796170,-13.686857,3.607513,3.573316
-114.096264,-13.409057,3.606428,3.572773
-111.396343,-13.131311,3.605342,3.572231
-108.696407,-12.853617,3.603713,3.571688
-105.996459,-12.575971,3.602628,3.571145
-103.296500,-12.298369,3.601542,3.570059
-100.596530,-12.020810,3.600457,3.569516
-97.896552,-11.743290,3.599371,3.568974
-95.196565,-11.465805,3.598285,3.568431
-92.496575,-11.188354,3.597200,3.567888
-89.796579,-10.910933,3.596114,3.567345
-87.096580,-10.633539,3.595029,3.566802
-84.396580,-10.356169,3.593943,3.566260
-81.696580,-10.078820,3.592857,3.565717
-78.996581,-9.801488,3.591229,3.565174
-76.296585,-9.524172,3.590143,3.564631
-73.596592,-9.246868,3.589058,3.563546
-70.896605,-8.969574,3.587972,3.563003
-68.196626,-8.692284,3.586886,3.562460
-65.496654,-8.414998,3.585801,3.561917
-62.796693,-8.137713,3.584715,3.561374
-60.096742,-7.860424,3.583630,3.560832
-57.396804,-7.583129,3.582544,3.560289
-54.696880,-7.305825,3.581458,3.559746
-51.996972,-7.028509,3.580373,3.559203
-49.297080,-6.751179,3.579287,3.558660
-46.597206,-6.473829,3.577659,3.558117
-43.897352,-6.196460,3.576573,3.557032
-41.197519,-5.919065,3.575487,3.556489
-38.497708,-5.641645,3.574402,3.555946
-35.797922,-5.364194,3.573316,3.555403
-33.098159,-5.086709,3.572231,3.554861
-30.398415,-4.809183,3.571145,3.554318
-27.698684,-4.531606,3.570059,3.553775
-24.998958,-4.253972,3.568974,3.553232
-22.299231,-3.976270,3.567888,3.552689
-19.599497,-3.698493,3.566802,3.552147
-16.899750,-3.420632,3.565174,3.551604
-14.199982,-3.142679,3.564088,3.550518
-11.500188,-2.864624,3.563003,3.549975
-8.800360,-2.586461,3.561917,3.549433
-6.100493,-2.308179,3.560832,3.548890
-3.400579,-2.029771,3.559746,3.548347
-0.700613,-1.751228,3.558660,3.547804
