5.131692,-1.464393,6.437000,7.198000
10.127476,-1.252661,6.435000,7.198000
15.123099,-1.041753,6.432000,7.198000
20.118589,-0.831432,6.430000,7.198000
25.114102,-0.620590,6.428000,7.198000
30.109816,-0.407958,6.425000,7.198000
35.105909,-0.192268,6.423000,7.198000
40.102558,0.027751,6.421000,7.198000
45.099943,0.253366,6.418000,7.198000
50.098240,0.485849,6.416000,7.198000
55.097628,0.726466,6.414000,7.198000
60.098284,0.976490,6.411000,7.198000
65.099986,1.232508,6.409000,7.198000
70.100331,1.465670,6.407000,7.198000
75.096173,1.638517,6.404000,7.198000
80.084373,1.713582,6.402000,7.198000
85.056634,1.633662,6.400000,7.198000
89.888646,0.894238,6.387000,6.891000
94.553505,-0.853180,6.412000,6.675000
99.167255,-3.166932,6.504000,6.636000
103.252155,-6.142252,6.369000,6.764000
106.249575,-9.956108,5.963000,7.089000
107.931241,-14.451550,6.183000,6.950000
108.299896,-19.294119,6.296000,6.882000
107.760457,-24.288212,6.290000,6.899000
106.939546,-29.318493,6.283000,6.915000
106.222251,-34.316314,6.277000,6.931000
105.603179,-39.286279,6.271000,6.947000
105.041885,-44.239571,6.265000,6.963000
104.497927,-49.187374,6.259000,6.979000
103.936778,-54.139273,6.253000,6.995000
103.353811,-59.096808,6.247000,7.011000
102.753812,-64.058979,6.241000,7.027000
102.141569,-69.024787,6.235000,7.043000
101.521873,-73.993232,6.228000,7.060000
100.899513,-78.963316,6.222000,7.076000
100.279278,-83.934039,6.216000,7.092000
99.665959,-88.904403,6.210000,7.108000
99.064345,-93.873407,6.204000,7.124000
98.478208,-98.840130,6.198000,7.140000
97.901703,-103.804368,6.192000,7.156000
97.323675,-108.766319,6.186000,7.172000
96.732912,-113.726185,6.180000,7.188000
96.118407,-118.684186,6.173000,7.204000
95.481763,-123.641815,6.167000,7.221000
94.844541,-128.602571,6.161000,7.237000
94.230059,-133.570136,6.155000,7.253000
93.661639,-138.548186,6.149000,7.269000
93.157549,-143.539163,6.143000,7.285000
92.633457,-148.520353,6.137000,7.301000
91.884461,-153.433423,6.131000,7.317000
90.206358,-157.974199,6.257000,7.049000
87.091599,-161.733926,6.479000,6.364000
83.005824,-164.550280,5.846000,6.482000
78.345207,-166.437601,5.589000,6.324000
73.456923,-167.458676,5.546000,6.008000
68.491811,-167.871054,5.529000,5.831000
63.496037,-168.033454,5.545000,5.823000
58.497761,-168.170188,5.560000,5.815000
53.499188,-168.299423,5.575000,5.808000
48.500344,-168.422017,5.590000,5.800000
43.501253,-168.538827,5.605000,5.792000
38.501942,-168.650710,5.621000,5.784000
33.502437,-168.758523,5.636000,5.777000
28.502762,-168.863124,5.651000,5.769000
23.502944,-168.965370,5.666000,5.761000
18.503009,-169.066118,5.681000,5.754000
13.502982,-169.166226,5.697000,5.746000
8.502888,-169.266550,5.712000,5.738000
3.502753,-169.367947,5.727000,5.730000
-1.497396,-169.471276,5.742000,5.723000
-6.497534,-169.577394,5.757000,5.715000
-11.497638,-169.687156,5.773000,5.707000
-16.497678,-169.801422,5.788000,5.700000
-21.497631,-169.921047,5.803000,5.692000
-26.497471,-170.046882,5.818000,5.684000
-31.497180,-170.179340,5.833000,5.677000
-36.496752,-170.318181,5.849000,5.669000
-41.496182,-170.463107,5.864000,5.661000
-46.495464,-170.613826,5.879000,5.653000
-51.494594,-170.770039,5.888000,5.650000
-56.493566,-170.931453,5.881000,5.658000
-61.492375,-171.097772,5.874000,5.666000
-66.491016,-171.268700,5.867000,5.674000
-71.489484,-171.443942,5.859000,5.682000
-76.487773,-171.623201,5.852000,5.690000
-81.485879,-171.806185,5.845000,5.698000
-86.483795,-171.992595,5.837000,5.706000
-91.481518,-172.182137,5.830000,5.714000
-96.479041,-172.374517,5.823000,5.722000
-101.476361,-172.569436,5.816000,5.730000
-106.473469,-172.766602,5.808000,5.738000
-111.470364,-172.965717,5.801000,5.746000
-116.467038,-173.166488,5.794000,5.754000
-121.463496,-173.368613,5.787000,5.762000
-126.459781,-173.571772,5.779000,5.770000
-131.455947,-173.775641,5.772000,5.778000
-136.452049,-173.979890,5.765000,5.786000
-141.448141,-174.184196,5.757000,5.794000
-146.444281,-174.388230,5.750000,5.802000
-151.440520,-174.591668,5.743000,5.810000
-156.436913,-174.794184,5.736000,5.818000
-161.433516,-174.995448,5.728000,5.826000
-166.430386,-175.195138,5.721000,5.834000
-171.427574,-175.392926,5.714000,5.842000
-176.425136,-175.588485,5.707000,5.850000
-181.423127,-175.781490,5.699000,5.858000
-186.421602,-175.971614,5.692000,5.866000
-191.420615,-176.158531,5.685000,5.874000
-196.420221,-176.341914,5.677000,5.882000
-201.420476,-176.521438,5.670000,5.890000
-206.421433,-176.696777,5.663000,5.898000
-211.423046,-176.868257,5.656000,5.906000
-216.424793,-177.039228,5.648000,5.915000
-221.426019,-177.213898,5.641000,5.923000
-226.426070,-177.396481,5.634000,5.931000
-231.424287,-177.591189,5.627000,5.939000
-236.420016,-177.802235,5.619000,5.947000
-241.412601,-178.033829,5.612000,5.955000
-246.401386,-178.290186,5.605000,5.963000
-251.385717,-178.575516,5.597000,5.971000
-256.365330,-178.884895,5.590000,5.979000
-261.343344,-179.135363,5.583000,5.987000
-266.324582,-179.204395,5.576000,5.995000
-271.313885,-178.969159,5.551000,5.993000
-276.314715,-178.307387,5.392000,5.917000
-281.260559,-177.125463,5.267000,5.893000
-285.983139,-175.371441,5.266000,6.051000
-290.306158,-172.996653,5.272000,6.194000
-294.053321,-169.952436,5.406000,6.057000
-297.057083,-166.197598,5.532000,5.937000
-299.299393,-161.818600,5.543000,6.057000
-300.887611,-157.008995,5.568000,6.132000
-301.932976,-151.965653,5.650000,6.036000
-302.546727,-146.885222,5.732000,5.940000
-302.839373,-141.898184,5.918000,5.993000
-302.919673,-136.976134,6.104000,6.047000
-302.896126,-132.067299,6.290000,6.101000
-302.877233,-127.119910,6.477000,6.155000
-302.968593,-122.083864,6.663000,6.209000
-303.145179,-116.984108,6.849000,6.263000
-303.207484,-111.947608,7.035000,6.317000
-303.223985,-107.026861,7.222000,6.371000
-303.651803,-102.160930,7.408000,6.425000
-304.890113,-97.327860,6.922000,6.148000
-306.967902,-92.708294,6.215000,5.762000
-309.815048,-88.537118,5.868000,5.508000
-313.361428,-85.049216,6.047000,5.409000
-317.536745,-82.479944,6.121000,5.145000
-322.232002,-81.151697,6.175000,4.954000
-327.195396,-80.961368,6.171000,4.978000
-332.187092,-81.201030,6.166000,5.002000
-337.180766,-81.594595,6.162000,5.027000
-342.178190,-81.951211,6.157000,5.051000
-347.178542,-82.232328,6.153000,5.075000
-352.179875,-82.465248,6.148000,5.099000
-357.180238,-82.677531,6.144000,5.124000
-362.177684,-82.896740,6.139000,5.148000
-367.170817,-83.144304,6.135000,5.172000
-372.160389,-83.418120,6.131000,5.197000
-377.147662,-83.710449,6.126000,5.221000
-382.133899,-84.013544,6.122000,5.245000
-387.120363,-84.319668,6.117000,5.269000
-392.108317,-84.621075,6.113000,5.294000
-397.099024,-84.910025,6.108000,5.318000
-402.093747,-85.178775,6.104000,5.342000
-407.093748,-85.419583,6.099000,5.367000
-412.099795,-85.627744,6.095000,5.391000
-417.109176,-85.819852,6.090000,5.415000
-422.117689,-86.021626,6.086000,5.439000
-427.121129,-86.258816,6.081000,5.464000
-432.115286,-86.557174,6.077000,5.488000
-437.095956,-86.942453,6.072000,5.512000
-442.058930,-87.440403,6.068000,5.537000
-447.000002,-88.076775,6.093000,5.526000
-451.914965,-88.877323,6.121000,5.511000
-456.800869,-89.859482,6.150000,5.496000
-461.659507,-91.009298,6.179000,5.480000
-466.493792,-92.305403,6.209000,5.440000
-471.306639,-93.726433,6.240000,5.390000
-476.096774,-95.257395,6.271000,5.340000
-480.805246,-96.971085,6.302000,5.290000
-485.331448,-99.003794,6.333000,5.240000
-489.630480,-101.422880,6.323000,5.246000
-493.776415,-104.147908,6.283000,5.293000
-497.843117,-107.086871,6.242000,5.341000
-501.801183,-110.195734,6.201000,5.389000
-505.588591,-113.452671,6.160000,5.436000
-509.212988,-116.851305,6.120000,5.481000
-512.710924,-120.391032,6.081000,5.526000
-516.116653,-124.051288,6.041000,5.570000
-519.461544,-127.787423,6.002000,5.614000
-522.776799,-131.553359,5.963000,5.659000
-526.093615,-135.303013,5.944000,5.653000
-529.431406,-139.002779,5.976000,5.526000
-532.652548,-142.785219,6.008000,5.398000
-535.515895,-146.884903,6.044000,5.274000
-537.886733,-151.323598,6.223000,5.280000
-539.705869,-155.970378,6.402000,5.286000
-540.668852,-160.728331,6.569000,5.294000
-540.334129,-165.569031,6.427000,5.342000
-539.397093,-170.451062,6.285000,5.390000
-538.207599,-175.340723,6.144000,5.438000
-536.852806,-180.206956,6.052000,5.507000
-535.223118,-184.935581,6.357000,5.741000
-532.987571,-189.320199,6.662000,5.975000
-530.094912,-193.324939,6.674000,5.975000
-526.837324,-197.120425,6.626000,5.926000
-523.473756,-200.857146,6.578000,5.878000
-520.078534,-204.574039,6.529000,5.829000
-516.685655,-208.285678,6.481000,5.781000
-513.329116,-212.006636,6.433000,5.732000
-510.042664,-215.751390,6.385000,5.684000
-506.828758,-219.522677,6.337000,5.635000
-503.628432,-223.300183,6.288000,5.587000
-500.375571,-227.060907,6.240000,5.539000
-497.004062,-230.781853,6.192000,5.490000
-493.474307,-234.450173,6.144000,5.442000
-489.915493,-238.117631,6.096000,5.393000
-486.522988,-241.861330,5.930000,5.535000
-483.492318,-245.758429,5.575000,5.981000
-481.019077,-249.886081,5.926000,7.305000
-479.886836,-254.248879,6.570000,8.807000
-481.564191,-258.543354,6.874000,8.057000
-485.107767,-262.397168,7.160000,7.331000
-488.938063,-265.781583,7.058000,7.147000
-492.731512,-269.013420,6.956000,6.964000
-496.524307,-272.253877,6.854000,6.781000
-500.303977,-275.516441,6.752000,6.598000
-504.057485,-278.812876,6.650000,6.415000
-507.771794,-282.154945,6.548000,6.231000
-511.436731,-285.551616,6.487000,6.166000
-515.057024,-288.997354,6.438000,6.137000
-518.642207,-292.481933,6.389000,6.107000
-522.201819,-295.995129,6.340000,6.078000
-525.745402,-299.526714,6.291000,6.049000
-529.282492,-303.066461,6.243000,6.020000
-532.822629,-306.604144,6.194000,5.990000
-536.375354,-310.129534,6.145000,5.961000
-539.950205,-313.632407,6.096000,5.932000
-543.544878,-317.113192,6.047000,5.903000
-547.041466,-320.676331,6.004000,5.877000
-550.280942,-324.464272,6.127000,5.942000
-553.338654,-328.418345,6.250000,6.007000
-556.420756,-332.367508,6.373000,6.072000
-559.624713,-336.226348,6.496000,6.137000
-562.869905,-340.049923,6.619000,6.202000
-566.059507,-343.906074,6.742000,6.267000
-569.096692,-347.862644,6.865000,6.332000
-571.906024,-351.972916,6.965000,6.381000
-574.521349,-356.215800,6.951000,6.348000
-577.011316,-360.546511,6.938000,6.315000
-579.444593,-364.920263,6.925000,6.282000
-581.887264,-369.293766,6.912000,6.250000
-584.351440,-373.655215,6.898000,6.217000
-586.798062,-378.022644,6.885000,6.184000
-589.186057,-382.415265,6.872000,6.151000
-591.474350,-386.852288,6.859000,6.118000
-593.625926,-391.351066,6.834000,6.096000
-595.642612,-395.911176,6.777000,6.101000
-597.547849,-400.522304,6.720000,6.106000
-599.365306,-405.174031,6.664000,6.111000
-601.118653,-409.855937,6.607000,6.116000
-602.831565,-414.557603,6.550000,6.121000
-604.527710,-419.268608,6.494000,6.127000
-606.230761,-423.978533,6.437000,6.132000
-607.964387,-428.676959,6.380000,6.137000
-609.751257,-433.353881,6.323000,6.142000
-611.593400,-438.007813,6.294000,6.140000
-613.473491,-442.645265,6.348000,6.116000
-615.373452,-447.273057,6.402000,6.092000
-617.275210,-451.898005,6.457000,6.067000
-619.160691,-456.526926,6.511000,6.043000
-621.011817,-461.166641,6.566000,6.019000
-622.810515,-465.823966,6.620000,5.994000
-624.538710,-470.505719,6.675000,5.970000
-626.178274,-475.218735,6.729000,5.946000
-627.707736,-479.970889,6.710000,5.897000
-629.100656,-484.771540,6.628000,5.827000
-630.348666,-489.620276,6.545000,5.756000
-631.472590,-494.501074,6.463000,5.686000
-632.494464,-499.398670,6.380000,5.616000
-633.429590,-504.308406,6.298000,5.546000
-634.291178,-509.228911,6.215000,5.475000
-635.092442,-514.158809,6.168000,5.498000
-635.846588,-519.096729,6.128000,5.541000
-636.563563,-524.041546,6.089000,5.585000
-637.244414,-528.992808,6.050000,5.628000
-637.888686,-533.950176,6.010000,5.671000
-638.495928,-538.913312,5.971000,5.715000
-639.065685,-543.881878,5.931000,5.758000
-639.597504,-548.855536,5.892000,5.801000
-640.090931,-553.833946,5.865000,5.843000
-640.545512,-558.816770,5.839000,5.884000
-640.960794,-563.803670,5.812000,5.926000
-641.338476,-568.794114,5.786000,5.967000
-641.690824,-573.786612,5.760000,6.009000
-642.033341,-578.779384,5.734000,6.050000
-642.381530,-583.770650,5.708000,6.092000
-642.750899,-588.758629,5.682000,6.133000
-643.156949,-593.741541,5.656000,6.175000
-643.615185,-598.717604,5.630000,6.216000
-644.141112,-603.685038,5.604000,6.257000
-644.750234,-608.642063,5.578000,6.299000
-645.455578,-613.587165,5.585000,6.306000
-646.247445,-618.521291,5.676000,6.225000
-647.103914,-623.446708,5.768000,6.144000
-648.002944,-628.365700,5.859000,6.064000
-648.922519,-633.280554,5.950000,5.983000
-649.841761,-638.194027,6.042000,5.902000
-650.741561,-643.109599,6.133000,5.822000
-651.602959,-648.030809,6.224000,5.741000
-652.406995,-652.961198,6.299000,5.677000
-653.135693,-657.904132,6.228000,5.749000
-653.790253,-662.859580,6.157000,5.821000
-654.389284,-667.824435,6.086000,5.893000
-654.952020,-672.795474,6.014000,5.966000
-655.497703,-677.769475,5.943000,6.038000
-656.045568,-682.743217,5.872000,6.110000
-656.614854,-687.713478,5.801000,6.182000
-657.224799,-692.677037,5.762000,6.221000
-657.894640,-697.630671,5.786000,6.192000
-658.641293,-702.571563,5.811000,6.163000
-659.460705,-707.500529,5.835000,6.134000
-660.337708,-712.420317,5.859000,6.105000
-661.257031,-717.333691,5.883000,6.076000
-662.203402,-722.243414,5.908000,6.047000
-663.161551,-727.152250,5.932000,6.018000
-664.116206,-732.062964,5.956000,5.989000
-665.052098,-736.978319,5.980000,5.961000
-665.953953,-741.901079,6.005000,5.932000
-666.807402,-746.833824,6.029000,5.903000
-667.615259,-751.775606,6.053000,5.874000
-668.395754,-756.722317,6.077000,5.845000
-669.167664,-761.669733,6.102000,5.816000
-669.949768,-766.613632,6.126000,5.787000
-670.760844,-771.549792,5.997000,5.875000
-671.619667,-776.473990,5.864000,5.966000
-672.545017,-781.382004,5.731000,6.057000
-673.555670,-786.269613,5.598000,6.149000
-674.670175,-791.132645,5.465000,6.240000
-675.894182,-795.969860,5.413000,6.273000
-677.213912,-800.784427,5.476000,6.220000
-678.613977,-805.579883,5.540000,6.168000
-680.078986,-810.359765,5.604000,6.116000
-681.593550,-815.127608,5.667000,6.064000
-683.142279,-819.886950,5.731000,6.012000
-684.709785,-824.641324,5.795000,5.960000
-686.280677,-829.394269,5.858000,5.908000
-687.839563,-834.149321,5.922000,5.856000
-689.369775,-838.910595,5.986000,5.804000
-690.851326,-843.683700,6.050000,5.752000
-692.263704,-848.474483,6.113000,5.700000
-693.586394,-853.288795,6.128000,5.691000
-694.801674,-858.131750,6.063000,5.754000
-695.916260,-863.002070,5.999000,5.817000
-696.949501,-867.895170,5.934000,5.879000
-697.920849,-872.806435,5.869000,5.942000
-698.850051,-877.731151,5.805000,6.004000
-699.772291,-882.659140,5.740000,6.067000
-700.745681,-887.572122,5.675000,6.130000
-701.830187,-892.451159,5.611000,6.192000
-703.085777,-897.277314,5.546000,6.255000
-704.556569,-902.036645,5.510000,6.290000
-706.213152,-906.738399,5.540000,6.263000
-708.004811,-911.398539,5.571000,6.235000
-709.880827,-916.033028,5.601000,6.208000
-711.790515,-920.657821,5.632000,6.180000
-713.696859,-925.284458,5.662000,6.153000
-715.597643,-929.913248,5.692000,6.125000
-717.496114,-934.542736,5.723000,6.098000
-719.395513,-939.171465,5.753000,6.070000
-721.299084,-943.797983,5.784000,6.043000
-723.210071,-948.420834,5.814000,6.015000
-725.131718,-953.038564,5.844000,5.988000
-727.067269,-957.649717,5.922000,6.120000
-729.019966,-962.252839,6.001000,6.256000
-730.993055,-966.846477,6.080000,6.391000
-732.989778,-971.429175,6.159000,6.527000
-735.013378,-975.999478,6.237000,6.663000
-737.067102,-980.555931,6.316000,6.799000
-739.154190,-985.097082,6.395000,6.935000
-741.277887,-989.621473,6.474000,7.071000
-743.441437,-994.127650,6.549000,7.169000
-745.648084,-998.614160,6.624000,7.253000
-747.901070,-1003.079547,6.698000,7.338000
-750.203216,-1007.522389,6.772000,7.423000
-752.553745,-1011.941532,6.847000,7.508000
-754.950070,-1016.335953,6.921000,7.592000
-757.389593,-1020.704637,6.995000,7.677000
-759.869726,-1025.046588,7.069000,7.762000
-762.388459,-1029.362045,7.144000,7.847000
-764.944624,-1033.653028,7.189000,7.868000
-767.537120,-1037.921697,7.212000,7.843000
-770.164841,-1042.170212,7.236000,7.819000
-772.826577,-1046.400447,7.259000,7.794000
-775.520627,-1050.612996,7.282000,7.769000
-778.245149,-1054.808092,7.306000,7.744000
-780.998305,-1058.985968,7.329000,7.719000
-783.778256,-1063.146858,7.353000,7.694000
-786.583162,-1067.290995,7.376000,7.669000
-789.411184,-1071.418611,7.384000,7.653000
-792.260482,-1075.529940,7.371000,7.649000
-795.129217,-1079.625216,7.358000,7.644000
-798.014975,-1083.705384,7.345000,7.640000
-800.910550,-1087.777340,7.331000,7.636000
-803.806362,-1091.850931,7.318000,7.632000
-806.692809,-1095.936025,7.305000,7.627000
-809.561600,-1100.041317,7.292000,7.623000
-812.467972,-1104.118410,7.279000,7.619000
-815.557871,-1108.037391,7.266000,7.614000
-818.935221,-1111.705843,7.249000,7.609000
-822.486904,-1115.225220,7.233000,7.604000
-826.045968,-1118.744912,7.217000,7.599000
-829.552787,-1122.315924,7.200000,7.594000
-833.037940,-1125.906559,7.184000,7.589000
-836.534813,-1129.482548,7.168000,7.584000
-840.076757,-1133.009661,7.151000,7.579000
-843.685555,-1136.465626,7.135000,7.573000
-847.354704,-1139.857421,7.127000,7.577000
-851.073461,-1143.196408,7.136000,7.599000
-854.831083,-1146.493949,7.145000,7.621000
-858.616905,-1149.761318,7.154000,7.643000
-862.424074,-1153.005499,7.163000,7.665000
-866.251100,-1156.227441,7.172000,7.687000
-870.096898,-1159.427637,7.181000,7.709000
-873.960386,-1162.606578,7.189000,7.731000
-877.840478,-1165.764758,7.198000,7.754000
-881.736089,-1168.902670,7.207000,7.776000
-885.646137,-1172.020806,7.103000,7.688000
-889.569534,-1175.119659,6.944000,7.549000
-893.505201,-1178.199721,6.785000,7.409000
-897.452748,-1181.261272,6.627000,7.270000
-901.413464,-1184.304075,6.468000,7.130000
-905.388887,-1187.327822,6.309000,6.990000
-909.380551,-1190.332200,6.150000,6.851000
-913.389994,-1193.316899,5.992000,6.711000
-917.418753,-1196.281608,5.833000,6.571000
-921.468366,-1199.226015,5.674000,6.432000
-925.540367,-1202.149811,5.515000,6.292000
-929.636296,-1205.052683,5.357000,6.152000
-933.768392,-1207.904988,5.292000,6.076000
-937.995219,-1210.550156,5.401000,6.116000
-942.387863,-1212.797287,5.511000,6.156000
-947.017415,-1214.455483,5.579000,6.231000
-951.940985,-1215.334688,5.513000,6.418000
-956.990893,-1215.258372,5.448000,6.606000
-961.818362,-1214.061488,5.398000,6.509000
-966.136311,-1211.702122,5.351000,6.366000
-969.892601,-1208.473973,5.382000,6.198000
-973.365916,-1204.896694,5.498000,6.003000
-976.699098,-1201.179573,5.614000,5.808000
-979.936794,-1197.367735,5.725000,5.622000
-983.123211,-1193.505573,5.734000,5.616000
-986.302014,-1189.636933,5.742000,5.610000
-989.496440,-1185.785046,5.751000,5.604000
-992.703557,-1181.946733,5.760000,5.599000
-995.918718,-1178.117089,5.769000,5.593000
-999.137279,-1174.291208,5.777000,5.587000
-1002.354777,-1170.464375,5.786000,5.582000
-1005.569430,-1166.634697,5.795000,5.576000
-1008.781477,-1162.802408,5.803000,5.570000
-1011.991213,-1158.967797,5.812000,5.565000
-1015.198930,-1155.131156,5.821000,5.559000
-1018.404921,-1151.292774,5.830000,5.553000
-1021.609478,-1147.452939,5.838000,5.548000
-1024.812894,-1143.611942,5.847000,5.542000
-1028.015461,-1139.770071,5.856000,5.536000
-1031.217471,-1135.927616,5.865000,5.531000
-1034.419218,-1132.084867,5.873000,5.525000
-1037.620995,-1128.242112,5.882000,5.519000
-1040.823092,-1124.399642,5.891000,5.513000
-1044.025804,-1120.557745,5.899000,5.508000
-1047.229423,-1116.716712,5.908000,5.502000
-1050.434242,-1112.876831,5.917000,5.496000
-1053.640552,-1109.038393,5.926000,5.491000
-1056.848646,-1105.201685,5.934000,5.485000
-1060.058789,-1101.366970,5.943000,5.479000
-1063.270823,-1097.534098,5.952000,5.474000
-1066.484279,-1093.702615,5.961000,5.468000
-1069.698679,-1089.872055,5.969000,5.462000
-1072.913547,-1086.041957,5.978000,5.457000
-1076.128405,-1082.211858,5.987000,5.451000
-1079.342775,-1078.381295,5.995000,5.445000
-1082.556180,-1074.549805,6.004000,5.439000
-1085.768143,-1070.716924,6.013000,5.434000
-1088.978186,-1066.882191,6.022000,5.428000
-1092.185833,-1063.045141,6.030000,5.422000
-1095.390604,-1059.205313,6.039000,5.417000
-1098.592025,-1055.362243,6.048000,5.411000
-1101.789616,-1051.515467,6.057000,5.405000
-1104.982902,-1047.664524,6.065000,5.400000
-1108.171403,-1043.808949,6.074000,5.394000
-1111.354643,-1039.948281,6.083000,5.388000
-1114.532145,-1036.082056,6.091000,5.383000
-1117.703526,-1032.209907,6.100000,5.377000
-1120.885000,-1028.348151,6.109000,5.371000
-1124.128250,-1024.548767,6.118000,5.366000
-1127.489519,-1020.868318,6.126000,5.360000
-1131.025057,-1017.363371,6.119000,5.382000
-1134.783714,-1014.086535,6.075000,5.467000
-1138.762740,-1011.062799,6.031000,5.551000
-1142.937390,-1008.305388,5.978000,5.537000
-1147.282839,-1005.827478,5.925000,5.518000
-1151.774262,-1003.642244,5.871000,5.500000
-1156.386319,-1001.748424,5.813000,5.468000
-1161.091736,-1000.090433,5.750000,5.425000
-1165.862782,-998.599927,5.754000,5.473000
-1170.671729,-997.208558,5.763000,5.530000
-1175.491961,-995.850816,5.772000,5.586000
-1180.312131,-994.500055,5.781000,5.643000
-1185.131974,-993.157828,5.790000,5.699000
-1189.951469,-991.826326,5.799000,5.756000
-1194.770599,-990.507739,5.808000,5.812000
-1199.589232,-989.201639,5.818000,5.868000
-1204.406437,-987.889685,5.827000,5.925000
-1209.220951,-986.546018,5.836000,5.981000
-1214.031512,-985.144753,5.845000,6.038000
-1218.836959,-983.660524,5.885000,6.068000
-1223.639321,-982.088618,6.296000,5.789000
-1228.406746,-980.942514,6.706000,5.510000
-1233.032049,-981.447988,6.580000,5.525000
-1237.436871,-983.631732,6.116000,5.725000
-1241.700032,-986.437979,6.030000,5.643000
-1245.765848,-989.408551,6.020000,5.505000
-1249.450891,-992.745051,6.011000,5.367000
-1252.788306,-996.428343,6.009000,5.366000
-1255.966022,-1000.273586,6.007000,5.373000
-1259.117567,-1004.148927,6.005000,5.380000
-1262.259919,-1008.036691,6.004000,5.387000
-1265.396001,-1011.932962,6.002000,5.393000
-1268.528741,-1015.833828,6.000000,5.400000
-1271.661018,-1019.735432,5.999000,5.407000
-1274.794390,-1023.635685,5.997000,5.414000
-1277.928846,-1027.534593,5.995000,5.421000
-1281.064284,-1031.432275,5.993000,5.428000
-1284.200602,-1035.328856,5.992000,5.435000
-1287.337701,-1039.224457,5.990000,5.441000
-1290.475480,-1043.119203,5.988000,5.448000
-1293.613836,-1047.013215,5.987000,5.455000
-1296.752669,-1050.906615,5.985000,5.462000
-1299.891878,-1054.799528,5.983000,5.469000
-1303.031363,-1058.692074,5.982000,5.476000
-1306.171021,-1062.584377,5.980000,5.483000
-1309.310751,-1066.476562,5.978000,5.489000
-1312.450454,-1070.368748,5.977000,5.496000
-1315.590027,-1074.261058,5.975000,5.503000
-1318.729371,-1078.153617,5.973000,5.510000
-1321.868381,-1082.046547,5.972000,5.517000
-1325.006960,-1085.939969,5.970000,5.524000
-1328.145008,-1089.834004,5.968000,5.531000
-1331.282513,-1093.728670,5.967000,5.537000
-1334.419562,-1097.623871,5.965000,5.544000
-1337.556250,-1101.519501,5.963000,5.551000
-1340.692670,-1105.415458,5.962000,5.558000
-1343.828915,-1109.311634,5.960000,5.565000
-1346.965078,-1113.207927,5.958000,5.572000
-1350.101254,-1117.104233,5.957000,5.579000
-1353.237536,-1121.000446,5.955000,5.586000
-1356.374016,-1124.896464,5.953000,5.592000
-1359.510789,-1128.792180,5.952000,5.599000
-1362.647950,-1132.687492,5.950000,5.606000
-1365.785589,-1136.582294,5.948000,5.613000
-1368.923801,-1140.476481,5.946000,5.620000
-1372.062681,-1144.369951,5.945000,5.627000
-1375.202321,-1148.262599,5.943000,5.634000
-1378.342814,-1152.154320,5.941000,5.640000
-1381.484255,-1156.045010,5.940000,5.647000
-1384.626737,-1159.934564,5.938000,5.654000
-1387.770111,-1163.823129,5.936000,5.661000
-1390.913385,-1167.711726,5.935000,5.668000
-1394.055386,-1171.601568,5.933000,5.675000
-1397.194934,-1175.493866,5.931000,5.682000
-1400.330857,-1179.389833,5.930000,5.688000
-1403.461977,-1183.290679,5.928000,5.695000
-1406.587120,-1187.197619,5.926000,5.702000
-1409.705109,-1191.111862,5.925000,5.709000
-1412.814768,-1195.034622,5.923000,5.716000
-1415.908559,-1198.972118,5.846000,5.833000
-1418.938524,-1202.962373,5.647000,6.126000
-1421.945401,-1206.927590,5.449000,6.420000
-1425.574990,-1210.045629,5.313000,6.579000
-1430.017061,-1212.026901,5.377000,6.306000
-1434.948605,-1213.026699,5.442000,6.034000
-1440.003047,-1213.060129,5.422000,5.973000
-1444.901450,-1212.207959,5.389000,5.943000
-1449.670484,-1210.803120,5.389000,5.928000
-1454.397729,-1209.214413,5.399000,5.917000
-1459.119128,-1207.593735,5.408000,5.905000
-1463.836298,-1205.948770,5.418000,5.894000
-1468.550236,-1204.284602,5.428000,5.883000
-1473.261940,-1202.606311,5.438000,5.872000
-1477.972406,-1200.918981,5.448000,5.861000
-1482.682630,-1199.227691,5.458000,5.850000
-1487.393612,-1197.537527,5.468000,5.839000
-1492.106346,-1195.853568,5.478000,5.828000
-1496.821797,-1194.180749,5.488000,5.817000
-1501.539967,-1192.519840,5.498000,5.806000
-1506.259787,-1190.866952,5.507000,5.795000
-1510.980131,-1189.217954,5.517000,5.784000
-1515.699873,-1187.568713,5.527000,5.773000
-1520.417889,-1185.915099,5.537000,5.762000
-1525.133051,-1184.252979,5.547000,5.751000
-1529.844234,-1182.578222,5.557000,5.740000
-1534.550314,-1180.886694,5.567000,5.728000
-1539.250119,-1179.174182,5.577000,5.717000
-1543.937722,-1177.427323,5.538000,5.726000
-1548.598194,-1175.615467,5.445000,5.756000
-1553.215612,-1173.706043,5.351000,5.786000
-1557.774048,-1171.666477,5.304000,5.832000
-1562.259401,-1169.469151,5.309000,5.898000
-1566.668680,-1167.116552,5.315000,5.964000
-1571.003069,-1164.622492,5.320000,6.029000
-1575.263757,-1162.000798,5.326000,6.095000
-1579.451674,-1159.264892,5.329000,6.146000
-1583.560556,-1156.416883,5.321000,6.143000
-1587.576212,-1153.446425,5.314000,6.141000
-1591.484047,-1150.342531,5.306000,6.138000
-1595.269460,-1147.094213,5.299000,6.136000
-1598.912563,-1143.687614,5.292000,6.134000
-1602.376056,-1140.099444,5.448000,6.229000
-1605.627469,-1136.311496,5.604000,6.323000
-1608.731511,-1132.386800,5.760000,6.418000
-1611.814793,-1128.440102,5.916000,6.512000
-1614.949733,-1124.538339,6.072000,6.607000
-1618.106865,-1120.658647,6.228000,6.702000
-1621.245734,-1116.768478,6.384000,6.796000
-1624.325888,-1112.835282,6.540000,6.891000
-1627.314105,-1108.832210,6.507000,6.793000
-1630.220126,-1104.766235,6.399000,6.619000
-1633.069468,-1100.656760,6.292000,6.445000
-1635.887675,-1096.523203,6.185000,6.271000
-1638.700288,-1092.384984,6.078000,6.097000
-1641.527258,-1088.257275,5.971000,5.923000
-1644.370462,-1084.141527,5.868000,5.756000
-1647.228133,-1080.036421,5.858000,5.771000
-1650.098500,-1075.940638,5.847000,5.785000
-1652.979798,-1071.852860,5.836000,5.800000
-1655.870257,-1067.771767,5.826000,5.815000
-1658.768109,-1063.696040,5.815000,5.829000
-1661.671586,-1059.624361,5.805000,5.844000
-1664.578919,-1055.555411,5.794000,5.859000
-1667.488469,-1051.487971,5.784000,5.873000
-1670.399344,-1047.421398,5.773000,5.888000
-1673.310927,-1043.355262,5.763000,5.903000
-1676.222600,-1039.289132,5.752000,5.917000
-1679.133744,-1035.222578,5.742000,5.932000
-1682.043743,-1031.155169,5.731000,5.947000
-1684.951979,-1027.086475,5.721000,5.961000
-1687.857833,-1023.016066,5.710000,5.976000
-1690.760689,-1018.943510,5.700000,5.991000
-1693.659928,-1014.868377,5.689000,6.005000
-1696.554933,-1010.790236,5.679000,6.020000
-1699.445088,-1006.708658,5.668000,6.035000
-1702.329770,-1002.623212,5.658000,6.049000
-1705.208368,-998.533466,5.647000,6.064000
-1708.080260,-994.438991,5.637000,6.079000
-1710.944829,-990.339356,5.626000,6.093000
-1713.801457,-986.234131,5.615000,6.108000
-1716.649527,-982.122884,5.605000,6.123000
-1719.481504,-978.001106,5.594000,6.137000
-1722.249820,-973.840680,5.522000,6.177000
-1724.892550,-969.605020,5.445000,6.219000
-1727.347748,-965.257530,5.368000,6.261000
-1729.543047,-960.761371,5.292000,6.303000
-1731.146304,-956.074234,5.279000,6.320000
-1731.942335,-951.204894,5.375000,6.296000
-1732.286644,-946.242403,5.471000,6.271000
-1732.256777,-941.221913,5.542000,6.258000
-1731.834564,-936.187392,5.315000,6.385000
-1730.694390,-931.411571,5.088000,6.511000
-1728.390650,-927.251026,4.989000,6.562000
-1725.193383,-923.482169,5.125000,6.472000
-1721.559023,-919.958368,5.260000,6.383000
-1717.645525,-916.832109,5.396000,6.293000
-1713.520917,-914.033153,5.499000,6.221000
-1709.245592,-911.467718,5.511000,6.200000
-1704.879940,-909.042021,5.523000,6.180000
-1700.483085,-906.664247,5.534000,6.159000
-1696.085162,-904.287607,5.546000,6.138000
-1691.687431,-901.910160,5.557000,6.117000
-1687.289903,-899.531904,5.569000,6.097000
-1682.892592,-897.152833,5.581000,6.076000
-1678.495510,-894.772946,5.592000,6.055000
-1674.098668,-892.392239,5.604000,6.035000
-1669.702079,-890.010708,5.616000,6.014000
-1665.305756,-887.628351,5.627000,5.993000
-1660.909709,-885.245164,5.639000,5.973000
-1656.513952,-882.861143,5.650000,5.952000
-1652.118496,-880.476286,5.662000,5.931000
-1647.723355,-878.090589,5.674000,5.910000
-1643.328540,-875.704049,5.685000,5.890000
-1638.934064,-873.316662,5.697000,5.869000
-1634.539937,-870.928427,5.709000,5.848000
-1630.146174,-868.539337,5.720000,5.828000
-1625.752786,-866.149391,5.732000,5.807000
-1621.359786,-863.758586,5.743000,5.786000
-1616.967185,-861.366918,5.755000,5.765000
-1612.574995,-858.974383,5.767000,5.745000
-1608.183230,-856.580979,5.778000,5.724000
-1603.791901,-854.186702,5.790000,5.703000
-1599.401020,-851.791549,5.802000,5.683000
-1595.010601,-849.395516,5.813000,5.662000
-1590.620654,-846.998600,5.825000,5.641000
-1586.231192,-844.600800,5.834000,5.627000
-1581.842228,-842.202108,5.830000,5.644000
-1577.453773,-839.802526,5.826000,5.661000
-1573.065841,-837.402046,5.823000,5.678000
-1568.678442,-835.000667,5.819000,5.694000
-1564.291590,-832.598387,5.815000,5.711000
-1559.905295,-830.195200,5.812000,5.728000
-1555.519572,-827.791104,5.808000,5.745000
-1551.134432,-825.386096,5.804000,5.762000
-1546.749886,-822.980172,5.801000,5.778000
-1542.365949,-820.573329,5.797000,5.795000
-1537.982596,-818.165617,5.793000,5.812000
-1533.599702,-815.757243,5.790000,5.829000
-1529.217127,-813.348438,5.786000,5.846000
-1524.834728,-810.939436,5.782000,5.863000
-1520.452362,-808.530471,5.778000,5.879000
-1516.069886,-806.121776,5.775000,5.896000
-1511.687159,-803.713583,5.771000,5.913000
-1507.304039,-801.306126,5.767000,5.930000
-1502.920383,-798.899638,5.764000,5.947000
-1498.536049,-796.494352,5.760000,5.963000
-1494.150894,-794.090500,5.756000,5.967000
-1489.764775,-791.688318,5.751000,5.967000
-1485.377552,-789.288036,5.747000,5.967000
-1480.989080,-786.889889,5.742000,5.966000
-1476.599220,-784.494110,5.738000,5.966000
-1472.207827,-782.100931,5.733000,5.966000
-1467.814759,-779.710587,5.729000,5.965000
-1463.419874,-777.323309,5.724000,5.965000
-1459.023048,-774.939305,5.720000,5.965000
-1454.624338,-772.558514,5.715000,5.964000
-1450.223901,-770.180725,5.711000,5.964000
-1445.821895,-767.805725,5.706000,5.964000
-1441.418480,-765.433303,5.702000,5.963000
-1437.013816,-763.063244,5.697000,5.963000
-1432.608060,-760.695338,5.692000,5.963000
-1428.201373,-758.329371,5.688000,5.962000
-1423.793912,-755.965130,5.683000,5.962000
-1419.385837,-753.602405,5.679000,5.962000
-1414.977307,-751.240979,5.674000,5.961000
-1410.568481,-748.880643,5.670000,5.961000
-1406.159518,-746.521184,5.665000,5.961000
-1401.750577,-744.162389,5.661000,5.960000
-1397.341818,-741.804044,5.656000,5.960000
-1392.933398,-739.445939,5.652000,5.960000
-1388.525477,-737.087860,5.647000,5.959000
-1384.118215,-734.729593,5.643000,5.959000
-1379.711155,-732.371838,5.638000,5.994000
-1375.263051,-730.075684,5.628000,6.333000
-1370.668485,-728.003130,5.618000,6.672000
-1365.910889,-726.572997,5.608000,7.012000
-1361.116297,-726.432854,6.161000,7.427000
-1356.389177,-727.681856,7.052000,7.888000
-1351.787904,-729.810688,7.830000,8.407000
-1347.382704,-732.279495,8.371000,9.043000
-1343.359581,-735.153333,8.913000,9.680000
-1339.922589,-738.659447,9.175000,9.943000
-1336.968345,-742.685879,9.268000,9.980000
-1334.132465,-746.832763,9.360000,10.016000
-1331.252312,-750.924308,9.453000,10.052000
-1328.352050,-754.992129,9.545000,10.088000
-1325.455180,-759.065325,9.638000,10.124000
-1322.566800,-763.147950,9.731000,10.161000
-1319.689069,-767.240058,9.823000,10.197000
-1316.824148,-771.341702,9.916000,10.233000
-1313.974169,-775.452931,10.008000,10.269000
-1311.139946,-779.573559,10.045000,10.251000
-1308.320319,-783.703048,9.851000,10.011000
-1305.513973,-787.840832,9.657000,9.770000
-1302.719588,-791.986345,9.464000,9.530000
-1299.935846,-796.139020,9.270000,9.289000
-1297.161430,-800.298292,9.076000,9.048000
-1294.395020,-804.463594,8.882000,8.808000
-1291.635302,-808.634361,8.689000,8.567000
-1288.880953,-812.810024,8.495000,8.326000
-1286.130269,-816.989519,8.301000,8.086000
-1283.380548,-821.170506,8.107000,7.845000
-1280.628932,-825.350440,7.914000,7.605000
-1277.872563,-829.526780,7.720000,7.364000
-1275.108581,-833.696982,7.526000,7.123000
-1272.334130,-837.858505,7.332000,6.883000
-1269.546351,-842.008805,7.139000,6.642000
-1266.742386,-846.145340,6.945000,6.402000
-1263.919376,-850.265567,6.751000,6.161000
-1261.071054,-854.364972,6.557000,5.920000
-1258.175467,-858.429957,6.364000,5.680000
-1255.206147,-862.444320,6.348000,5.623000
-1252.136627,-866.391853,6.365000,5.600000
-1248.942303,-870.256790,6.381000,5.577000
-1245.632078,-874.031231,6.398000,5.554000
-1242.243849,-877.714098,6.415000,5.532000
-1238.797435,-881.303362,6.432000,5.509000
-1235.264487,-884.794017,6.423000,5.518000
-1231.612792,-888.180923,6.392000,5.555000
-1227.841131,-891.461756,6.360000,5.591000
-1223.963971,-894.635619,6.329000,5.628000
-1219.995901,-897.701622,6.298000,5.665000
-1215.951370,-900.658820,6.266000,5.701000
-1211.837880,-903.503457,6.245000,5.738000
-1207.652830,-906.227688,6.227000,5.775000
-1203.392826,-908.823346,6.209000,5.811000
-1199.054471,-911.282265,6.197000,5.836000
-1194.634712,-913.596696,6.207000,5.812000
-1190.136544,-915.766268,6.218000,5.788000
-1185.568127,-917.796909,6.228000,5.764000
-1180.937789,-919.694753,6.240000,5.740000
-1176.253857,-921.465934,6.269000,5.711000
-1171.524659,-923.116586,6.299000,5.683000
-1166.758523,-924.652843,6.328000,5.654000
-1161.963778,-926.080836,6.357000,5.626000
-1157.148749,-927.406701,6.387000,5.597000
-1152.321331,-928.635350,6.408000,5.578000
-1147.468239,-929.711983,6.379000,5.612000
-1142.546776,-930.499908,6.351000,5.647000
-1137.556747,-931.030428,6.322000,5.682000
-1132.561803,-931.583507,6.294000,5.717000
-1127.612390,-932.353959,6.265000,5.752000
-1122.678766,-933.074769,6.237000,5.786000
-1117.711859,-933.370065,6.217000,5.817000
-1112.712218,-933.191559,6.230000,5.831000
-1107.722037,-932.766388,6.243000,5.844000
-1102.758567,-932.303914,6.256000,5.858000
-1097.775012,-931.948766,6.269000,5.872000
-1092.749104,-931.722336,6.282000,5.885000
-1087.741937,-931.368776,6.296000,5.899000
-1082.818509,-930.625088,6.309000,5.908000
-1077.973664,-929.509287,6.327000,5.883000
-1073.167943,-928.176798,6.345000,5.858000
-1068.361655,-926.783977,6.363000,5.833000
-1063.515904,-925.484627,6.381000,5.808000
-1058.628671,-924.314278,6.399000,5.783000
-1053.749566,-923.142846,6.416000,5.759000
-1048.932054,-921.827889,6.434000,5.734000
-1044.229601,-920.226966,6.452000,5.709000
-1039.673770,-918.251008,6.449000,5.697000
-1035.201017,-916.042713,6.435000,5.692000
-1030.726271,-913.798972,6.421000,5.687000
-1026.235533,-911.572305,6.406000,5.683000
-1021.773262,-909.296450,6.392000,5.678000
-1017.371404,-906.923159,6.377000,5.674000
-1013.027781,-904.455780,6.363000,5.669000
-1008.735209,-901.905222,6.348000,5.664000
-1004.486509,-899.282391,6.357000,5.668000
-1000.274500,-896.598195,6.369000,5.674000
-996.092001,-893.863541,6.382000,5.679000
-991.931834,-891.089337,6.394000,5.685000
-987.786815,-888.286490,6.407000,5.690000
-983.649766,-885.465909,6.419000,5.696000
-979.551430,-882.597292,6.432000,5.701000
-975.684704,-879.474162,6.445000,5.707000
-972.213358,-875.920893,6.461000,5.722000
-968.994254,-872.091946,6.477000,5.737000
-965.812118,-868.219767,6.493000,5.752000
-962.598387,-864.385359,6.510000,5.767000
-959.403059,-860.547349,6.526000,5.782000
-956.279527,-856.660861,6.542000,5.796000
-953.281183,-852.681020,6.558000,5.811000
-950.455152,-848.568784,6.536000,5.780000
-947.799792,-844.330557,6.509000,5.742000
-945.290598,-839.994034,6.482000,5.704000
-942.902942,-835.587036,6.455000,5.667000
-940.612439,-831.137067,6.428000,5.629000
-938.405414,-826.658223,6.401000,5.591000
-936.282646,-822.146482,6.368000,5.623000
-934.245947,-817.596537,6.334000,5.665000
-932.297122,-813.003086,6.300000,5.707000
-930.438245,-808.361225,6.266000,5.749000
-928.675591,-803.672417,6.231000,5.791000
-927.018779,-798.943192,6.198000,5.833000
-925.477524,-794.180224,6.218000,5.802000
-924.061360,-789.390198,6.239000,5.771000
-922.736163,-784.583087,6.259000,5.741000
-921.367181,-779.776431,6.280000,5.710000
-919.857703,-774.982613,6.300000,5.679000
-918.510463,-770.166327,6.321000,5.648000
-917.803106,-765.271446,6.337000,5.640000
-917.813390,-760.291965,6.343000,5.693000
-918.089699,-755.288228,6.348000,5.747000
-918.375240,-750.296340,6.353000,5.800000
-918.718738,-745.314351,6.359000,5.853000
-919.176036,-740.338812,6.365000,5.903000
-919.747397,-735.370698,6.384000,5.884000
-920.419003,-730.412107,6.403000,5.865000
-921.177032,-725.465139,6.421000,5.846000
-922.007696,-720.531892,6.440000,5.827000
-922.903490,-715.614281,6.459000,5.808000
-923.871045,-710.713812,6.478000,5.789000
-924.918924,-705.831935,6.478000,5.815000
-926.055685,-700.970096,6.433000,5.944000
-927.286046,-696.128901,6.388000,6.073000
-928.586203,-691.302680,6.343000,6.202000
-929.919530,-686.482936,6.298000,6.331000
-931.249335,-681.661164,6.253000,6.461000
-932.538928,-676.828858,6.209000,6.590000
-933.760582,-671.979641,6.233000,6.503000
-934.922425,-667.115668,6.256000,6.416000
-936.041541,-662.241223,6.280000,6.330000
-937.135019,-657.360594,6.304000,6.243000
-938.219945,-652.478066,6.328000,6.156000
-939.313410,-647.597924,6.352000,6.070000
-940.432499,-642.724454,6.352000,6.014000
-941.594300,-637.861942,6.302000,6.021000
-942.815845,-633.014659,6.253000,6.029000
-944.102411,-628.183862,6.203000,6.036000
-945.433229,-623.364126,6.154000,6.044000
-946.784027,-618.549133,6.104000,6.051000
-948.130535,-613.732557,6.055000,6.059000
-949.448482,-608.908079,6.005000,6.066000
-950.713596,-604.069376,5.965000,6.101000
-951.901608,-599.210127,5.932000,6.160000
-952.988247,-594.324010,5.900000,6.219000
-953.949241,-589.404705,5.867000,6.278000
-954.808237,-584.459410,5.835000,6.337000
-955.777926,-579.548677,5.969000,6.263000
-957.097542,-574.753478,6.523000,5.857000
-958.927266,-570.183415,6.810000,5.629000
-961.394959,-565.946916,6.374000,5.880000
-964.446587,-562.036106,5.999000,6.113000
-967.893278,-558.356894,6.000000,6.230000
-971.542978,-554.813154,6.001000,6.347000
-975.203633,-551.308762,6.002000,6.464000
-978.690107,-547.745847,6.003000,6.582000
-981.865796,-544.014298,6.004000,6.699000
-984.614871,-539.998764,5.906000,6.567000
-986.821580,-535.583875,5.747000,6.287000
-988.366167,-530.663629,6.336000,6.386000
-988.993807,-525.447676,6.819000,6.715000
-988.285381,-520.529642,7.043000,7.242000
-986.022816,-516.346481,6.678000,7.544000
-982.756614,-512.679849,6.702000,7.608000
-979.181384,-509.177825,6.836000,7.606000
-975.587904,-505.692676,6.969000,7.604000
-971.983271,-502.220104,7.102000,7.602000
-968.368694,-498.758785,7.236000,7.600000
-964.745386,-495.307395,7.369000,7.598000
-961.114559,-491.864611,7.502000,7.595000
-957.477421,-488.429110,7.636000,7.593000
-953.835185,-484.999569,7.769000,7.591000
-950.189064,-481.574663,7.755000,7.522000
-946.540266,-478.153070,7.657000,7.415000
-942.890004,-474.733467,7.559000,7.308000
-939.239488,-471.314528,7.460000,7.200000
-935.589931,-467.894932,7.362000,7.093000
-931.942543,-464.473356,7.264000,6.986000
-928.298535,-461.048475,7.166000,6.878000
-924.659119,-457.618966,7.067000,6.771000
-921.025505,-454.183506,6.969000,6.664000
-917.398905,-450.740772,6.871000,6.556000
-913.780458,-447.289518,6.773000,6.449000
-910.170364,-443.829514,6.674000,6.342000
-906.568175,-440.361232,6.576000,6.235000
-902.973430,-436.885158,6.478000,6.127000
-899.385664,-433.401780,6.379000,6.020000
-895.804418,-429.911582,6.281000,5.913000
-892.229230,-426.415052,6.183000,5.805000
-888.659636,-422.912677,6.155000,5.779000
-885.095175,-419.404943,6.168000,5.800000
-881.535386,-415.892336,6.181000,5.821000
-877.979805,-412.375342,6.194000,5.841000
-874.427972,-408.854449,6.207000,5.862000
-870.879423,-405.330143,6.219000,5.882000
-867.333699,-401.802909,6.232000,5.903000
-863.790335,-398.273235,6.245000,5.924000
-860.248870,-394.741608,6.258000,5.944000
-856.708843,-391.208513,6.271000,5.965000
-853.169791,-387.674438,6.283000,5.985000
-849.631254,-384.139867,6.296000,6.006000
-846.092911,-380.605135,6.309000,6.027000
-842.554727,-377.070280,6.322000,6.047000
-839.016696,-373.535306,6.335000,6.068000
-835.478814,-370.000214,6.347000,6.088000
-831.941076,-366.465010,6.360000,6.109000
-828.403476,-362.929695,6.373000,6.129000
-824.866011,-359.394272,6.386000,6.150000
-821.328675,-355.858745,6.399000,6.171000
-817.791465,-352.323116,6.411000,6.191000
-814.254374,-348.787388,6.424000,6.212000
-810.717398,-345.251565,6.437000,6.232000
-807.180534,-341.715649,6.450000,6.253000
-803.643776,-338.179645,6.463000,6.274000
-800.107118,-334.643553,6.475000,6.294000
-796.570557,-331.107378,6.488000,6.315000
-793.034087,-327.571122,6.501000,6.335000
-789.497704,-324.034789,6.514000,6.356000
-785.961403,-320.498383,6.527000,6.377000
-782.425181,-316.961904,6.539000,6.397000
-778.889030,-313.425357,6.552000,6.418000
-775.352947,-309.888745,6.565000,6.438000
-771.816929,-306.352071,6.578000,6.459000
-768.280968,-302.815337,6.591000,6.480000
-764.745060,-299.278547,6.603000,6.500000
-761.209202,-295.741703,6.616000,6.521000
-757.673389,-292.204810,6.629000,6.541000
-754.137615,-288.667870,6.642000,6.562000
-750.601875,-285.130884,6.655000,6.583000
-747.066166,-281.593858,6.667000,6.603000
-743.530482,-278.056795,6.680000,6.624000
-739.994819,-274.519696,6.693000,6.644000
-736.459171,-270.982564,6.706000,6.665000
-732.923536,-267.445404,6.719000,6.686000
-729.387906,-263.908217,6.732000,6.706000
-725.852277,-260.371008,6.744000,6.727000
-722.316645,-256.833779,6.757000,6.747000
-718.780982,-253.296557,6.770000,6.768000
-715.245113,-249.759523,6.783000,6.789000
-711.708801,-246.222915,6.796000,6.809000
-708.171816,-242.686976,6.808000,6.830000
-704.633924,-239.151941,6.821000,6.850000
-701.094891,-235.618052,6.834000,6.871000
-697.554485,-232.085548,6.847000,6.892000
-694.012471,-228.554669,6.860000,6.912000
-690.468617,-225.025654,6.872000,6.933000
-686.922690,-221.498742,6.885000,6.953000
-683.374455,-217.974173,6.898000,6.974000
-679.823681,-214.452186,6.906000,6.986000
-676.270133,-210.933023,6.911000,6.991000
-672.713580,-207.416919,6.916000,6.996000
-669.153786,-203.904117,6.921000,7.002000
-665.590518,-200.394855,6.926000,7.007000
-662.023545,-196.889373,6.930000,7.012000
-658.452631,-193.387910,6.935000,7.017000
-654.877556,-189.890695,6.940000,7.022000
-651.298377,-186.397668,6.945000,7.028000
-647.715476,-182.908442,6.950000,7.033000
-644.129248,-179.422613,6.939000,7.036000
-640.540086,-175.939779,6.924000,7.038000
-636.948388,-172.459537,6.910000,7.041000
-633.354550,-168.981480,6.895000,7.044000
-629.758966,-165.505210,6.880000,7.046000
-626.162033,-162.030320,6.866000,7.049000
-622.564144,-158.556409,6.851000,7.051000
-618.965698,-155.083072,6.837000,7.054000
-615.367086,-151.609907,6.822000,7.057000
-611.768708,-148.136509,6.807000,7.059000
-608.170957,-144.662476,6.793000,7.062000
-604.574231,-141.187404,6.778000,7.064000
-600.978921,-137.710890,6.764000,7.067000
-597.385428,-134.232531,6.749000,7.070000
-593.794144,-130.751924,6.734000,7.072000
-590.205464,-127.268665,6.720000,7.075000
-586.619129,-123.783039,6.705000,7.077000
-583.032683,-120.297626,6.691000,7.080000
-579.443224,-116.815476,6.676000,7.083000
-575.847844,-113.339643,6.661000,7.085000
-572.243638,-109.873180,6.647000,7.088000
-568.627701,-106.419140,6.632000,7.090000
-564.997125,-102.980575,6.618000,7.093000
-561.349007,-99.560539,6.603000,7.096000
-557.680440,-96.162086,6.588000,7.098000
-553.988598,-92.788543,6.594000,7.107000
-550.270806,-89.443740,6.613000,7.120000
-546.524404,-86.131565,6.632000,7.132000
-542.746730,-82.855903,6.652000,7.145000
-538.935124,-79.620641,6.671000,7.158000
-535.086927,-76.429665,6.690000,7.170000
-531.199477,-73.286862,6.709000,7.183000
-527.270114,-70.196119,6.728000,7.195000
-523.296178,-67.161321,6.713000,7.185000
-519.275289,-64.186767,6.688000,7.168000
-515.205974,-61.278109,6.663000,7.152000
-511.086954,-58.441273,6.638000,7.135000
-506.916947,-55.682187,6.613000,7.118000
-502.694668,-53.006778,6.624000,7.104000
-498.418838,-50.420973,6.670000,7.091000
-494.088174,-47.930699,6.715000,7.079000
-489.701393,-45.541884,6.761000,7.067000
-485.257214,-43.260454,6.807000,7.054000
-480.756550,-41.087448,6.853000,7.057000
-476.213359,-38.994873,6.898000,7.065000
-471.646395,-36.944057,6.943000,7.074000
-467.074419,-34.896309,6.988000,7.083000
-462.515279,-32.815341,7.009000,7.097000
-457.962589,-30.728328,6.908000,7.141000
-453.383820,-28.730920,6.807000,7.184000
-448.745145,-26.922169,6.705000,7.228000
-444.012738,-25.401125,6.654000,7.245000
-439.159205,-24.246902,6.650000,7.238000
-434.230322,-23.311979,6.647000,7.230000
-429.311731,-22.329555,6.643000,7.222000
-424.415422,-21.308946,6.639000,7.215000
-419.506390,-20.435054,6.635000,7.207000
-414.563595,-19.812687,6.632000,7.203000
-409.592754,-19.395866,6.630000,7.203000
-404.602423,-19.122629,6.628000,7.203000
-399.601155,-18.931019,6.625000,7.203000
-394.597348,-18.760211,6.623000,7.203000
-389.595314,-18.578819,6.621000,7.203000
-384.595013,-18.386819,6.618000,7.203000
-379.596193,-18.185717,6.616000,7.203000
-374.598601,-17.977016,6.614000,7.203000
-369.601986,-17.762221,6.611000,7.202000
-364.606097,-17.542836,6.609000,7.202000
-359.610679,-17.320364,6.607000,7.202000
-354.615483,-17.096310,6.604000,7.202000
-349.620257,-16.872172,6.602000,7.202000
-344.624837,-16.648927,6.600000,7.202000
-339.629223,-16.426614,6.597000,7.202000
-334.633428,-16.205173,6.595000,7.202000
-329.637465,-15.984544,6.593000,7.202000
-324.641350,-15.764670,6.591000,7.202000
-319.645096,-15.545491,6.588000,7.202000
-314.648716,-15.326947,6.586000,7.202000
-309.652226,-15.108977,6.584000,7.202000
-304.655639,-14.891526,6.581000,7.202000
-299.658969,-14.674530,6.579000,7.202000
-294.662231,-14.457932,6.577000,7.202000
-289.665437,-14.241673,6.574000,7.202000
-284.668604,-14.025692,6.572000,7.202000
-279.671744,-13.809931,6.570000,7.202000
-274.674870,-13.594331,6.567000,7.201000
-269.677999,-13.378831,6.565000,7.201000
-264.681143,-13.163373,6.563000,7.201000
-259.684317,-12.947898,6.560000,7.201000
-254.687533,-12.732351,6.558000,7.201000
-249.690791,-12.516722,6.556000,7.201000
-244.694091,-12.301010,6.553000,7.201000
-239.697429,-12.085217,6.551000,7.201000
-234.700802,-11.869342,6.549000,7.201000
-229.704210,-11.653387,6.546000,7.201000
-224.707649,-11.437352,6.544000,7.201000
-219.711116,-11.221239,6.542000,7.201000
-214.714609,-11.005047,6.539000,7.201000
-209.718126,-10.788779,6.537000,7.201000
-204.721666,-10.572435,6.535000,7.201000
-199.725223,-10.356014,6.532000,7.201000
-194.728798,-10.139519,6.530000,7.201000
-189.732387,-9.922950,6.528000,7.201000
-184.735987,-9.706308,6.525000,7.200000
-179.739598,-9.489594,6.523000,7.200000
-174.743215,-9.272807,6.521000,7.200000
-169.746836,-9.055949,6.518000,7.200000
-164.750461,-8.839022,6.516000,7.200000
-159.754085,-8.622025,6.514000,7.200000
-154.757706,-8.404959,6.511000,7.200000
-149.761322,-8.187827,6.509000,7.200000
-144.764931,-7.970626,6.507000,7.200000
-139.768530,-7.753359,6.504000,7.200000
-134.772117,-7.536028,6.502000,7.200000
-129.775689,-7.318631,6.500000,7.200000
-124.779243,-7.101171,6.497000,7.200000
-119.782779,-6.883647,6.495000,7.200000
-114.786293,-6.666061,6.493000,7.200000
-109.789782,-6.448415,6.491000,7.200000
-104.793245,-6.230706,6.488000,7.200000
-99.796678,-6.012938,6.486000,7.200000
-94.800080,-5.795111,6.484000,7.200000
-89.803448,-5.577226,6.481000,7.199000
-84.806779,-5.359282,6.479000,7.199000
-79.810072,-5.141282,6.477000,7.199000
-74.813324,-4.923228,6.474000,7.199000
-69.816540,-4.705142,6.472000,7.199000
-64.819729,-4.487077,6.470000,7.199000
-59.822907,-4.269081,6.467000,7.199000
-54.826083,-4.051205,6.465000,7.199000
-49.829268,-3.833500,6.463000,7.199000
-44.832476,-3.616015,6.460000,7.199000
-39.835716,-3.398802,6.458000,7.199000
-34.839001,-3.181910,6.456000,7.199000
-29.842344,-2.965391,6.453000,7.199000
-24.845755,-2.749293,6.451000,7.199000
-19.849246,-2.533668,6.449000,7.199000
-14.852828,-2.318566,6.446000,7.199000
-9.856514,-2.104037,6.444000,7.199000
-4.860314,-1.890131,6.442000,7.199000
0.135758,-1.676900,6.439000,7.198000
