-2.441321,-2.153490,6.673000,6.844000
-5.107525,-6.381822,6.654000,6.829000
-7.775288,-10.609189,6.636000,6.814000
-10.444678,-14.835551,6.617000,6.799000
-13.115760,-19.060866,6.598000,6.785000
-15.788596,-23.285096,6.580000,6.770000
-18.463132,-27.508269,6.561000,6.755000
-21.139188,-31.730489,6.543000,6.740000
-23.816573,-35.951862,6.524000,6.726000
-26.495101,-40.172496,6.506000,6.711000
-29.174583,-44.392498,6.487000,6.696000
-31.854830,-48.611975,6.468000,6.681000
-34.535654,-52.831034,6.450000,6.667000
-37.216867,-57.049782,6.431000,6.652000
-39.898280,-61.268327,6.413000,6.637000
-42.579704,-65.486776,6.394000,6.622000
-45.260953,-69.705235,6.375000,6.608000
-47.941836,-73.923812,6.357000,6.593000
-50.622166,-78.142614,6.338000,6.578000
-53.301754,-82.361748,6.320000,6.563000
-55.980413,-86.581322,6.301000,6.549000
-58.657953,-90.801441,6.283000,6.534000
-61.334186,-95.022214,6.264000,6.519000
-64.008924,-99.243748,6.245000,6.504000
-66.681979,-103.466150,6.227000,6.490000
-69.353161,-107.689526,6.208000,6.475000
-72.022284,-111.913985,6.190000,6.460000
-74.689407,-116.139504,6.171000,6.445000
-77.361516,-120.362491,6.153000,6.431000
-80.053264,-124.575402,6.134000,6.416000
-82.779697,-128.770488,6.115000,6.401000
-85.555865,-132.939998,6.097000,6.386000
-88.395565,-137.076782,5.865000,6.070000
-91.176812,-141.238612,5.619000,5.679000
-93.521937,-145.605513,5.813000,5.392000
-95.012988,-150.354115,5.671000,5.364000
-94.910961,-155.200845,5.610000,5.351000
-92.895436,-159.704226,5.318000,5.434000
-90.011156,-164.002595,5.266000,5.512000
-86.644644,-167.734895,5.654000,5.019000
-82.656470,-170.172579,5.515000,4.866000
-77.961176,-170.769234,5.060000,5.082000
-72.840365,-170.080726,5.055000,5.271000
-67.708812,-169.062900,5.230000,5.446000
-62.836903,-168.437400,5.406000,5.621000
-58.032417,-168.174696,5.541000,5.639000
-53.013998,-168.098349,5.664000,5.612000
-47.803887,-168.318271,5.370000,5.686000
-42.974042,-169.462864,5.313000,5.515000
-39.141051,-172.186719,5.194000,5.608000
-36.586802,-176.428414,5.253000,5.278000
-35.241552,-181.374509,5.061000,5.455000
-34.947192,-186.366385,5.282000,5.294000
-35.328668,-191.321865,5.327000,5.341000
-35.971874,-196.267263,5.345000,5.420000
-36.608979,-201.219124,5.360000,5.472000
-37.223055,-206.177231,5.367000,5.463000
-37.821850,-211.139719,5.375000,5.454000
-38.413117,-216.104724,5.382000,5.445000
-39.004605,-221.070380,5.390000,5.437000
-39.603523,-226.034943,5.397000,5.428000
-40.211404,-230.997941,5.405000,5.419000
-40.826395,-235.959660,5.412000,5.410000
-41.446595,-240.920396,5.420000,5.402000
-42.070105,-245.880444,5.427000,5.393000
-42.695027,-250.840101,5.435000,5.384000
-43.319459,-255.799663,5.437000,5.384000
-43.941503,-260.759427,5.437000,5.387000
-44.559260,-265.719687,5.438000,5.389000
-45.170829,-270.680741,5.438000,5.391000
-45.774312,-275.642884,5.439000,5.394000
-46.368328,-280.606335,5.439000,5.396000
-46.954346,-285.570881,5.440000,5.399000
-47.534806,-290.536166,5.440000,5.401000
-48.112147,-295.501831,5.441000,5.404000
-48.688809,-300.467521,5.441000,5.406000
-49.267233,-305.432875,5.442000,5.409000
-49.849858,-310.397539,5.442000,5.411000
-50.439124,-315.361153,5.436000,5.429000
-51.037471,-320.323360,5.429000,5.449000
-51.647340,-325.283802,5.422000,5.470000
-52.271170,-330.242123,5.415000,5.491000
-52.911401,-335.197964,5.408000,5.511000
-53.570473,-340.150968,5.400000,5.532000
-54.250827,-345.100777,5.393000,5.552000
-54.954901,-350.047035,5.386000,5.573000
-55.685137,-354.989382,5.379000,5.594000
-56.443974,-359.927462,5.351000,5.622000
-57.233853,-364.860917,5.321000,5.650000
-58.057212,-369.789390,5.290000,5.679000
-58.916493,-374.712523,5.260000,5.708000
-59.814135,-379.629958,5.273000,5.701000
-60.752578,-384.541338,5.332000,5.657000
-61.734271,-389.446139,5.391000,5.613000
-62.761718,-394.342920,5.448000,5.566000
-63.837438,-399.229933,5.493000,5.488000
-64.963952,-404.105426,5.537000,5.411000
-66.143779,-408.967648,5.582000,5.333000
-67.379440,-413.814848,5.451000,5.293000
-68.673456,-418.645277,5.309000,5.255000
-70.028346,-423.457182,5.167000,5.218000
-71.446632,-428.248814,5.025000,5.180000
-72.930832,-433.018421,4.883000,5.142000
-74.483466,-437.764254,4.806000,5.114000
-76.105068,-442.485461,4.732000,5.087000
-77.790206,-447.183897,4.658000,5.059000
-79.532331,-451.861920,4.584000,5.032000
-81.324898,-456.521888,4.510000,5.004000
-83.161357,-461.166161,4.489000,4.988000
-85.035162,-465.797097,4.496000,4.977000
-86.939765,-470.417056,4.503000,4.965000
-88.868619,-475.028395,4.510000,4.954000
-90.815175,-479.633474,4.517000,4.943000
-92.772886,-484.234651,4.524000,4.932000
-94.735205,-488.834286,4.531000,4.921000
-96.696405,-493.434437,4.538000,4.910000
-98.655249,-498.035519,4.545000,4.898000
-100.612025,-502.637388,4.552000,4.887000
-102.567024,-507.239901,4.559000,4.876000
-104.520538,-511.842915,4.566000,4.865000
-106.472857,-516.446284,4.573000,4.854000
-108.424272,-521.049865,4.580000,4.843000
-110.375074,-525.653515,4.587000,4.832000
-112.325553,-530.257089,4.594000,4.820000
-114.276001,-534.860443,4.601000,4.809000
-116.226708,-539.463434,4.608000,4.798000
-118.177965,-544.065918,4.615000,4.787000
-120.130063,-548.667750,4.622000,4.776000
-122.083292,-553.268787,4.629000,4.765000
-124.037944,-557.868885,4.636000,4.753000
-125.994309,-562.467900,4.643000,4.742000
-127.952678,-567.065688,4.650000,4.731000
-129.913342,-571.662105,4.657000,4.720000
-131.876591,-576.257008,4.664000,4.709000
-133.842717,-580.850252,4.671000,4.698000
-135.812010,-585.441693,4.678000,4.686000
-137.784761,-590.031188,4.685000,4.675000
-139.760955,-594.618770,4.692000,4.664000
-141.738909,-599.205447,4.699000,4.653000
-143.716369,-603.792554,4.706000,4.642000
-145.691083,-608.381428,4.713000,4.631000
-147.660800,-612.973408,4.720000,4.619000
-149.623265,-617.569830,4.727000,4.608000
-151.576226,-622.172031,4.734000,4.597000
-153.517432,-626.781348,4.741000,4.586000
-155.444629,-631.399119,4.748000,4.575000
-157.355564,-636.026681,4.755000,4.564000
-159.247983,-640.665371,4.762000,4.552000
-161.115452,-645.316992,4.795000,4.526000
-162.939007,-649.984745,4.867000,4.474000
-164.697338,-654.672090,4.939000,4.423000
-166.369136,-659.382489,5.011000,4.372000
-167.933093,-664.119403,4.949000,4.381000
-169.367900,-668.886294,4.868000,4.398000
-170.652249,-673.686623,4.787000,4.415000
-171.764830,-678.523851,4.703000,4.512000
-172.684336,-683.401439,4.618000,4.608000
-173.389458,-688.322848,4.563000,4.680000
-173.859083,-693.291445,4.541000,4.723000
-174.087521,-698.303029,4.521000,4.721000
-174.095405,-703.340491,4.506000,4.642000
-173.905941,-708.385462,4.546000,4.607000
-173.542332,-713.419571,4.611000,4.595000
-173.027779,-718.424449,4.719000,4.478000
-172.377970,-723.386022,4.850000,4.306000
-171.586151,-728.303034,4.827000,4.292000
-170.641397,-733.176615,4.676000,4.411000
-169.532778,-738.007896,4.600000,4.493000
-168.249368,-742.798006,4.623000,4.527000
-166.781287,-747.548194,4.646000,4.560000
-165.142911,-752.262441,4.645000,4.620000
-163.372975,-756.947477,4.636000,4.688000
-161.511281,-761.610150,4.636000,4.702000
-159.597631,-766.257308,4.639000,4.705000
-157.671827,-770.895800,4.641000,4.709000
-155.767955,-775.531658,4.643000,4.712000
-153.889056,-780.166483,4.645000,4.715000
-152.027689,-784.800379,4.648000,4.719000
-150.176400,-789.433447,4.650000,4.722000
-148.327739,-794.065789,4.652000,4.726000
-146.474293,-798.697510,4.654000,4.729000
-144.611867,-803.328777,4.654000,4.727000
-142.741724,-807.959872,4.652000,4.720000
-140.865662,-812.591084,4.650000,4.714000
-138.985479,-817.222706,4.647000,4.708000
-137.102971,-821.855028,4.645000,4.702000
-135.219936,-826.488342,4.643000,4.696000
-133.338171,-831.122940,4.641000,4.690000
-131.459474,-835.759111,4.639000,4.684000
-129.585640,-840.397148,4.637000,4.677000
-127.718469,-845.037341,4.635000,4.671000
-125.859627,-849.679942,4.633000,4.665000
-124.007815,-854.324269,4.631000,4.659000
-122.158751,-858.968706,4.628000,4.653000
-120.308025,-863.611598,4.626000,4.647000
-118.451226,-868.251286,4.624000,4.641000
-116.583944,-872.886113,4.622000,4.634000
-114.701767,-877.514424,4.620000,4.628000
-112.800285,-882.134561,4.641000,4.621000
-110.875087,-886.744868,4.726000,4.610000
-108.921763,-891.343687,4.810000,4.600000
-106.935901,-895.929362,4.895000,4.589000
-104.913049,-900.500204,4.980000,4.578000
-102.845411,-905.052031,5.064000,4.567000
-100.719515,-909.576423,5.115000,4.565000
-98.521333,-914.064547,4.932000,4.620000
-96.236839,-918.507571,4.750000,4.674000
-93.852012,-922.896664,4.622000,4.710000
-91.357738,-927.225379,4.571000,4.721000
-88.759518,-931.494356,4.521000,4.731000
-86.065561,-935.705550,4.624000,4.631000
-83.284073,-939.860918,4.735000,4.525000
-80.423263,-943.962412,4.825000,4.457000
-77.491195,-948.011946,4.850000,4.505000
-74.492620,-952.010419,4.876000,4.553000
-71.428978,-955.957719,4.898000,4.597000
-68.301561,-959.853690,4.905000,4.623000
-65.111663,-963.698176,4.912000,4.648000
-61.860577,-967.491023,4.919000,4.673000
-58.549596,-971.232073,4.926000,4.698000
-55.180015,-974.921171,4.924000,4.717000
-51.753126,-978.558161,4.894000,4.719000
-48.270223,-982.142887,4.864000,4.720000
-44.732600,-985.675193,4.834000,4.721000
-41.141542,-989.154910,4.804000,4.722000
-37.497757,-992.580767,4.855000,4.678000
-33.800973,-995.949625,4.935000,4.619000
-30.050824,-999.258166,5.015000,4.559000
-26.246943,-1002.503071,5.000000,4.587000
-22.388963,-1005.681023,4.843000,4.748000
-18.476518,-1008.788702,4.686000,4.909000
-14.509240,-1011.822790,4.704000,4.852000
-10.486762,-1014.779968,4.828000,4.661000
-6.408718,-1017.656918,4.952000,4.470000
-2.274741,-1020.450321,5.040000,4.326000
1.915377,-1023.157166,4.940000,4.417000
6.158224,-1025.781487,4.840000,4.509000
10.446772,-1028.334341,4.740000,4.601000
14.773840,-1030.827089,4.727000,4.693000
19.132246,-1033.271092,4.781000,4.785000
23.514806,-1035.677712,4.836000,4.878000
27.914341,-1038.058310,4.891000,4.970000
32.323666,-1040.424247,4.945000,5.063000
36.735600,-1042.786884,5.000000,5.155000
41.142960,-1045.157583,5.054000,5.248000
45.538565,-1047.547704,5.080000,5.296000
49.915803,-1049.967701,5.051000,5.259000
54.273929,-1052.418675,5.021000,5.222000
58.615648,-1054.896234,4.992000,5.186000
62.943707,-1057.395913,4.963000,5.149000
67.260855,-1059.913250,4.934000,5.113000
71.569841,-1062.443779,4.905000,5.076000
75.873412,-1064.983039,4.876000,5.040000
80.174319,-1067.526564,4.846000,5.003000
84.475308,-1070.069891,4.817000,4.967000
88.779128,-1072.608557,4.788000,4.930000
93.088528,-1075.138097,4.759000,4.894000
97.405819,-1077.654765,4.730000,4.857000
101.730958,-1080.158668,4.701000,4.821000
106.063114,-1082.651209,4.688000,4.798000
110.401455,-1085.133791,4.690000,4.785000
114.745148,-1087.607817,4.691000,4.773000
119.093361,-1090.074690,4.693000,4.761000
123.445262,-1092.535812,4.694000,4.748000
127.800019,-1094.992586,4.695000,4.736000
132.156798,-1097.446416,4.697000,4.724000
136.514769,-1099.898705,4.698000,4.711000
140.873098,-1102.350854,4.700000,4.699000
145.230783,-1104.804521,4.701000,4.687000
149.585062,-1107.263967,4.703000,4.674000
153.932143,-1109.734984,4.704000,4.662000
158.268220,-1112.223383,4.705000,4.650000
162.589485,-1114.734975,4.707000,4.637000
166.892133,-1117.275573,4.638000,4.701000
171.172357,-1119.850987,4.542000,4.794000
175.426350,-1122.467029,4.446000,4.888000
179.650307,-1125.129511,4.349000,4.981000
183.840421,-1127.844244,4.311000,5.011000
187.992886,-1130.617039,4.419000,4.884000
192.104219,-1133.452892,4.527000,4.756000
196.172688,-1136.352407,4.635000,4.628000
200.197143,-1139.314719,4.659000,4.618000
204.176435,-1142.338963,4.613000,4.704000
208.109416,-1145.424273,4.568000,4.790000
211.994937,-1148.569783,4.523000,4.877000
215.831849,-1151.774628,4.478000,4.963000
219.619003,-1155.037942,4.433000,5.050000
223.355251,-1158.358860,4.425000,5.071000
227.039443,-1161.736516,4.462000,5.013000
230.670433,-1165.170043,4.500000,4.955000
234.248676,-1168.657372,4.537000,4.896000
237.779361,-1172.192890,4.574000,4.838000
241.268545,-1175.770329,4.612000,4.780000
244.722284,-1179.383423,4.608000,4.761000
248.146635,-1183.025907,4.587000,4.757000
251.547656,-1186.691514,4.566000,4.754000
254.931403,-1190.373978,4.545000,4.750000
258.303933,-1194.067033,4.525000,4.747000
261.671302,-1197.764413,4.504000,4.743000
265.039569,-1201.459851,4.483000,4.740000
268.414742,-1205.147130,4.447000,4.722000
271.799337,-1208.823609,4.411000,4.703000
275.189975,-1212.492677,4.375000,4.684000
278.582716,-1216.158300,4.338000,4.665000
281.973618,-1219.824444,4.302000,4.647000
285.358739,-1223.495076,4.266000,4.628000
288.734138,-1227.174163,4.229000,4.609000
292.095874,-1230.865671,4.193000,4.591000
295.440004,-1234.573565,4.157000,4.572000
298.762588,-1238.301814,4.121000,4.553000
302.059683,-1242.054383,4.084000,4.534000
305.327349,-1245.835237,4.048000,4.516000
308.562113,-1249.647501,4.012000,4.497000
311.761889,-1253.491813,4.027000,4.501000
314.924841,-1257.368357,4.043000,4.505000
318.049137,-1261.277315,4.059000,4.509000
321.132941,-1265.218872,4.075000,4.513000
324.174422,-1269.193210,4.106000,4.502000
327.171743,-1273.200513,4.161000,4.463000
330.123072,-1277.240964,4.216000,4.425000
333.026575,-1281.314747,4.272000,4.387000
335.880417,-1285.422045,4.327000,4.349000
338.682766,-1289.563041,4.364000,4.369000
341.431786,-1293.737918,4.398000,4.397000
344.125644,-1297.946861,4.433000,4.425000
346.762506,-1302.190051,4.468000,4.453000
349.340539,-1306.467673,4.464000,4.470000
351.857908,-1310.779910,4.423000,4.478000
354.312779,-1315.126945,4.383000,4.485000
356.703319,-1319.508962,4.403000,4.480000
359.027694,-1323.926143,4.439000,4.471000
361.284069,-1328.378673,4.476000,4.462000
363.470611,-1332.866734,4.497000,4.472000
365.585613,-1337.390445,4.422000,4.604000
367.630245,-1341.948453,4.347000,4.735000
369.608527,-1346.537948,4.294000,4.818000
371.524601,-1351.156057,4.292000,4.789000
373.382611,-1355.799907,4.289000,4.761000
375.186699,-1360.466625,4.287000,4.732000
376.941007,-1365.153339,4.280000,4.709000
378.649678,-1369.857174,4.263000,4.697000
380.316855,-1374.575259,4.246000,4.686000
381.946679,-1379.304721,4.229000,4.675000
383.543294,-1384.042686,4.212000,4.664000
385.110971,-1388.786433,4.195000,4.653000
386.655288,-1393.534772,4.178000,4.642000
388.182588,-1398.287411,4.161000,4.631000
389.699223,-1403.044066,4.144000,4.619000
391.211545,-1407.804456,4.127000,4.608000
392.725894,-1412.568300,4.109000,4.597000
394.234480,-1417.337691,4.092000,4.586000
395.688010,-1422.121690,4.079000,4.569000
397.029604,-1426.930631,4.111000,4.484000
398.202388,-1431.774850,4.143000,4.400000
399.149482,-1436.664679,4.219000,4.383000
399.815436,-1441.609707,4.302000,4.377000
400.176888,-1446.602677,4.346000,4.417000
400.242194,-1451.619692,4.365000,4.486000
400.021056,-1456.636142,4.378000,4.556000
399.523179,-1461.627422,4.278000,4.622000
398.758286,-1466.569042,4.178000,4.689000
397.737482,-1471.445266,4.147000,4.711000
396.474178,-1476.254956,4.233000,4.659000
394.982008,-1480.998358,4.320000,4.606000
393.274600,-1485.675718,4.359000,4.596000
391.365587,-1490.287283,4.338000,4.639000
389.267258,-1494.831770,4.316000,4.683000
386.978426,-1499.292537,4.377000,4.665000
384.490125,-1503.644074,4.521000,4.583000
381.793293,-1507.860764,4.636000,4.523000
378.878869,-1511.916989,4.463000,4.673000
375.737799,-1515.787140,4.310000,4.805000
372.369353,-1519.454609,4.365000,4.752000
368.796952,-1522.928904,4.420000,4.699000
365.048371,-1526.224241,4.434000,4.684000
361.151386,-1529.354839,4.379000,4.731000
357.133773,-1532.334915,4.324000,4.778000
353.023168,-1535.179165,4.343000,4.722000
348.844153,-1537.912823,4.456000,4.534000
344.618321,-1540.571425,4.570000,4.346000
340.367143,-1543.190934,4.643000,4.223000
336.112089,-1545.807315,4.635000,4.228000
331.874484,-1548.456283,4.627000,4.234000
327.665330,-1551.155720,4.620000,4.240000
323.478567,-1553.894038,4.612000,4.245000
319.306535,-1556.656886,4.604000,4.251000
315.141576,-1559.429915,4.597000,4.257000
310.976030,-1562.198774,4.589000,4.262000
306.802826,-1564.950279,4.582000,4.268000
302.620771,-1567.682899,4.574000,4.274000
298.432052,-1570.401805,4.566000,4.279000
294.238895,-1573.112246,4.559000,4.285000
290.043528,-1575.819471,4.551000,4.291000
285.848176,-1578.528732,4.543000,4.296000
281.655068,-1581.245277,4.536000,4.302000
277.466431,-1583.974357,4.528000,4.308000
273.284490,-1586.721221,4.520000,4.313000
269.111473,-1589.491120,4.513000,4.319000
264.949607,-1592.289304,4.505000,4.325000
260.798251,-1595.114330,4.359000,4.444000
256.593674,-1597.817551,4.222000,4.564000
252.210654,-1600.106830,4.215000,4.628000
247.568415,-1601.788059,4.216000,4.685000
242.721376,-1602.966245,4.292000,4.676000
237.748070,-1603.798338,4.378000,4.630000
232.723623,-1604.336799,4.504000,4.437000
227.717604,-1604.463451,4.467000,4.459000
222.797336,-1604.048220,4.194000,4.790000
217.992874,-1603.043509,4.174000,4.869000
213.298427,-1601.481054,4.261000,4.841000
208.717345,-1599.394756,4.341000,4.760000
204.356608,-1596.808207,4.415000,4.629000
200.380316,-1593.739722,4.470000,4.521000
196.852682,-1590.244190,4.243000,4.759000
193.675946,-1586.435516,4.040000,4.968000
190.739485,-1582.430753,4.147000,4.771000
187.970303,-1578.301243,4.330000,4.510000
185.330888,-1574.075218,4.548000,4.219000
182.785116,-1569.779228,4.520000,4.240000
180.296862,-1565.439822,4.492000,4.260000
177.830000,-1561.083548,4.463000,4.280000
175.353347,-1556.733342,4.435000,4.301000
172.860669,-1552.393901,4.407000,4.321000
170.353588,-1548.064174,4.378000,4.341000
167.833732,-1543.743110,4.371000,4.370000
165.302726,-1539.429657,4.419000,4.420000
162.762197,-1535.122763,4.467000,4.470000
160.213772,-1530.821376,4.516000,4.521000
157.659076,-1526.524445,4.564000,4.571000
155.099737,-1522.230917,4.612000,4.621000
152.537381,-1517.939742,4.660000,4.671000
149.973634,-1513.649866,4.708000,4.722000
147.410123,-1509.360239,4.699000,4.728000
144.848473,-1505.069809,4.649000,4.705000
142.290312,-1500.777524,4.600000,4.681000
139.737266,-1496.482331,4.550000,4.658000
137.190961,-1492.183180,4.500000,4.634000
134.653024,-1487.879018,4.451000,4.611000
132.125082,-1483.568794,4.410000,4.588000
129.608759,-1479.251456,4.416000,4.573000
127.105684,-1474.925952,4.423000,4.557000
124.617482,-1470.591231,4.430000,4.542000
122.145780,-1466.246240,4.437000,4.526000
119.691386,-1461.890446,4.444000,4.511000
117.250976,-1457.525934,4.450000,4.495000
114.819927,-1453.155614,4.457000,4.480000
112.393615,-1448.782392,4.464000,4.464000
109.967415,-1444.409179,4.471000,4.449000
107.536705,-1440.038884,4.478000,4.433000
105.096859,-1435.674415,4.484000,4.418000
102.643254,-1431.318681,4.491000,4.402000
100.171265,-1426.974592,4.498000,4.387000
97.676269,-1422.645055,4.505000,4.371000
95.153608,-1418.333003,4.512000,4.356000
92.574065,-1414.058822,4.594000,4.299000
89.840129,-1409.891416,4.691000,4.234000
86.843431,-1405.907657,4.632000,4.288000
83.533631,-1402.158804,4.425000,4.454000
79.952392,-1398.655524,4.400000,4.425000
76.148707,-1395.404730,4.553000,4.206000
72.154652,-1392.410250,4.597000,4.112000
67.986459,-1389.673021,4.491000,4.190000
63.659749,-1387.193868,4.399000,4.235000
59.190143,-1384.973617,4.330000,4.227000
54.593265,-1383.013095,4.316000,4.199000
49.884427,-1381.327293,4.540000,4.083000
45.077422,-1380.001737,4.763000,3.968000
40.185857,-1379.138548,4.658000,4.127000
35.229167,-1378.734069,4.443000,4.380000
30.232153,-1378.687209,4.344000,4.478000
25.220211,-1378.902191,4.429000,4.334000
20.222403,-1379.366065,4.519000,4.210000
15.269770,-1380.110714,4.620000,4.134000
10.393375,-1381.168458,4.579000,4.193000
5.624282,-1382.571620,4.544000,4.272000
0.993522,-1384.352463,4.578000,4.323000
-3.486916,-1386.507442,4.612000,4.374000
-7.856339,-1388.936560,4.622000,4.407000
-12.162601,-1391.523740,4.615000,4.429000
-16.453561,-1394.152909,4.608000,4.450000
-20.777073,-1396.707989,4.560000,4.487000
-25.179426,-1399.076723,4.435000,4.552000
-29.676069,-1401.221915,4.312000,4.586000
-34.254258,-1403.174998,4.192000,4.564000
-38.900213,-1404.969929,4.115000,4.476000
-43.600152,-1406.640662,4.145000,4.227000
-48.340294,-1408.221155,4.174000,3.978000
-53.112809,-1409.714474,3.980000,4.099000
-57.938829,-1410.973314,3.738000,4.296000
-62.846285,-1411.811130,3.544000,4.460000
-67.823750,-1412.168106,3.708000,4.359000
-72.823844,-1412.100188,3.873000,4.259000
-77.799707,-1411.663719,3.997000,4.172000
-82.721289,-1410.879858,3.907000,4.155000
-87.567536,-1409.750919,3.816000,4.139000
-92.317482,-1408.279040,3.684000,4.224000
-96.950162,-1406.466359,3.546000,4.324000
-101.444608,-1404.315021,3.729000,4.203000
-105.779861,-1401.832376,4.146000,3.920000
-109.934979,-1399.039584,4.169000,3.926000
-113.889023,-1395.960071,4.026000,4.055000
-117.621053,-1392.617262,3.884000,4.179000
-121.110132,-1389.034584,3.743000,4.299000
-124.339838,-1385.235378,3.688000,4.360000
-127.315461,-1381.242573,3.785000,4.317000
-130.048796,-1377.078978,3.882000,4.274000
-132.551642,-1372.767402,3.986000,4.266000
-134.835796,-1368.330651,4.114000,4.387000
-136.913281,-1363.791518,4.242000,4.481000
-138.808792,-1359.171858,4.366000,4.465000
-140.566217,-1354.492109,4.476000,4.368000
-142.231042,-1349.772592,4.479000,4.249000
-143.848752,-1345.033627,4.465000,4.374000
-145.464810,-1340.295523,4.452000,4.487000
-147.111395,-1335.572550,4.449000,4.487000
-148.785850,-1330.863137,4.447000,4.486000
-150.479874,-1326.163148,4.445000,4.485000
-152.185164,-1321.468445,4.442000,4.484000
-153.893419,-1316.774893,4.440000,4.483000
-155.596593,-1312.078483,4.438000,4.482000
-157.291487,-1307.377651,4.435000,4.481000
-158.979235,-1302.673020,4.433000,4.480000
-160.661122,-1297.965287,4.431000,4.479000
-162.338436,-1293.255153,4.428000,4.478000
-164.012462,-1288.543315,4.426000,4.478000
-165.684487,-1283.830471,4.423000,4.477000
-167.355797,-1279.117322,4.421000,4.476000
-169.027677,-1274.404564,4.419000,4.475000
-170.701415,-1269.692897,4.416000,4.474000
-172.378297,-1264.983020,4.414000,4.473000
-174.059592,-1260.275623,4.412000,4.472000
-175.745688,-1255.570904,4.409000,4.471000
-177.435637,-1250.868325,4.407000,4.470000
-179.128380,-1246.167282,4.404000,4.469000
-180.822857,-1241.467175,4.402000,4.469000
-182.518011,-1236.767401,4.400000,4.468000
-184.212781,-1232.067359,4.397000,4.467000
-185.906110,-1227.366447,4.395000,4.466000
-187.596939,-1222.664063,4.393000,4.465000
-189.284208,-1217.959605,4.390000,4.464000
-190.966859,-1213.252471,4.388000,4.463000
-192.643898,-1208.542098,4.386000,4.462000
-194.315576,-1203.828644,4.383000,4.461000
-195.983257,-1199.112913,4.381000,4.460000
-197.648342,-1194.395730,4.378000,4.460000
-199.312232,-1189.677921,4.376000,4.459000
-200.976329,-1184.960313,4.374000,4.458000
-202.642036,-1180.243732,4.371000,4.457000
-204.310753,-1175.529003,4.369000,4.456000
-205.983882,-1170.816953,4.367000,4.455000
-207.662826,-1166.108408,4.364000,4.454000
-209.348986,-1161.404194,4.362000,4.453000
-211.043731,-1156.705119,4.359000,4.452000
-212.746631,-1152.010978,4.357000,4.451000
-214.454536,-1147.320041,4.359000,4.448000
-216.164071,-1142.630447,4.364000,4.442000
-217.871862,-1137.940337,4.368000,4.437000
-219.574534,-1133.247854,4.372000,4.432000
-221.268711,-1128.551137,4.376000,4.427000
-222.951020,-1123.848327,4.380000,4.422000
-224.618084,-1119.137567,4.384000,4.417000
-226.266530,-1114.416996,4.389000,4.411000
-227.892983,-1109.684757,4.393000,4.406000
-229.494552,-1104.939230,4.397000,4.401000
-231.077527,-1100.183357,4.401000,4.396000
-232.656396,-1095.424154,4.405000,4.391000
-234.245934,-1090.668776,4.410000,4.386000
-235.860919,-1085.924382,4.414000,4.380000
-237.516125,-1081.198129,4.418000,4.375000
-239.226329,-1076.497174,4.422000,4.370000
-241.006307,-1071.828676,4.426000,4.365000
-242.870835,-1067.199791,4.444000,4.335000
-244.834690,-1062.617676,4.498000,4.239000
-246.912646,-1058.089490,4.553000,4.142000
-249.119368,-1053.622375,4.607000,4.046000
-251.463273,-1049.222686,4.645000,4.086000
-253.943357,-1044.895589,4.681000,4.151000
-256.557833,-1040.646150,4.710000,4.206000
-259.304916,-1036.479436,4.688000,4.177000
-262.182821,-1032.400513,4.667000,4.147000
-265.189763,-1028.414449,4.634000,4.148000
-268.323955,-1024.526309,4.546000,4.302000
-271.583612,-1020.741161,4.459000,4.456000
-274.966949,-1017.064072,4.387000,4.576000
-278.472181,-1013.500107,4.324000,4.680000
-282.097355,-1010.054204,4.309000,4.710000
-285.837405,-1006.728875,4.530000,4.393000
-289.684494,-1003.524473,4.643000,4.209000
-293.630689,-1000.441276,4.467000,4.382000
-297.668058,-997.479562,4.332000,4.504000
-301.788726,-994.639692,4.387000,4.395000
-305.988041,-991.926424,4.442000,4.287000
-310.266177,-989.351114,4.544000,4.154000
-314.623705,-986.925655,4.675000,4.006000
-319.061196,-984.661942,4.797000,3.868000
-323.579221,-982.571872,4.691000,3.976000
-328.177759,-980.666131,4.585000,4.084000
-332.851604,-978.944820,4.479000,4.192000
-337.592863,-977.402549,4.373000,4.300000
-342.393619,-976.033881,4.361000,4.298000
-347.245956,-974.833381,4.348000,4.295000
-352.141956,-973.795610,4.345000,4.274000
-357.073703,-972.915134,4.375000,4.181000
-362.033281,-972.186515,4.405000,4.088000
-367.012772,-971.604318,4.447000,4.102000
-372.004261,-971.163104,4.494000,4.164000
-376.999830,-970.857439,4.541000,4.227000
-381.992822,-970.680191,4.588000,4.290000
-386.982459,-970.616303,4.451000,3.990000
-391.969684,-970.648408,4.446000,4.038000
-396.955436,-970.759140,4.441000,4.087000
-401.940656,-970.931130,4.437000,4.135000
-406.926285,-971.147011,4.432000,4.184000
-411.913263,-971.389416,4.427000,4.232000
-416.902531,-971.640975,4.423000,4.281000
-421.895030,-971.884323,4.418000,4.329000
-426.891700,-972.102090,4.413000,4.377000
-431.893482,-972.276910,4.408000,4.426000
-436.900288,-972.403739,4.404000,4.474000
-441.903030,-972.585327,4.399000,4.523000
-446.887807,-972.979235,4.515000,4.304000
-451.832016,-973.694153,4.567000,4.154000
-456.700161,-974.765327,4.434000,4.283000
-461.457746,-976.218032,4.411000,4.308000
-466.107913,-978.004185,4.482000,4.244000
-470.686806,-980.011372,4.547000,4.209000
-475.225549,-982.137618,4.593000,4.262000
-479.701962,-984.390516,4.638000,4.315000
-484.066473,-986.833958,4.505000,4.474000
-488.275668,-989.520859,4.260000,4.700000
-492.315640,-992.451244,4.491000,4.525000
-496.181006,-995.609859,4.770000,4.308000
-499.866385,-998.981449,4.705000,4.365000
-503.366394,-1002.550757,4.641000,4.423000
-506.675652,-1006.302530,4.620000,4.417000
-509.788776,-1010.221510,4.628000,4.373000
-512.700384,-1014.292444,4.635000,4.328000
-515.405095,-1018.500075,4.609000,4.207000
-517.897526,-1022.829148,4.580000,4.082000
-520.172296,-1027.264408,4.617000,4.072000
-522.226006,-1031.791047,4.671000,4.092000
-524.072274,-1036.398084,4.665000,4.129000
-525.733369,-1041.076488,4.527000,4.201000
-527.231628,-1045.817244,4.390000,4.274000
-528.589389,-1050.611335,4.292000,4.371000
-529.828988,-1055.449746,4.246000,4.501000
-530.972763,-1060.323459,4.200000,4.631000
-532.043052,-1065.223459,4.205000,4.651000
-533.062192,-1070.140729,4.221000,4.650000
-534.052519,-1075.066254,4.236000,4.648000
-535.036372,-1079.991017,4.252000,4.647000
-536.032628,-1084.907464,4.267000,4.645000
-537.044358,-1089.814719,4.283000,4.644000
-538.070115,-1094.713813,4.298000,4.642000
-539.108457,-1099.605779,4.314000,4.641000
-540.157940,-1104.491648,4.329000,4.640000
-541.217118,-1109.372451,4.345000,4.638000
-542.284547,-1114.249220,4.360000,4.637000
-543.358783,-1119.122986,4.375000,4.635000
-544.438383,-1123.994782,4.391000,4.634000
-545.521900,-1128.865637,4.406000,4.632000
-546.607892,-1133.736585,4.422000,4.631000
-547.695012,-1138.608576,4.437000,4.630000
-548.782754,-1143.481871,4.453000,4.628000
-549.871038,-1148.356380,4.468000,4.627000
-550.959787,-1153.232012,4.470000,4.619000
-552.048925,-1158.108675,4.466000,4.610000
-553.138374,-1162.986277,4.463000,4.600000
-554.228058,-1167.864728,4.459000,4.591000
-555.317899,-1172.743934,4.456000,4.581000
-556.407822,-1177.623805,4.452000,4.572000
-557.497748,-1182.504248,4.449000,4.562000
-558.587602,-1187.385172,4.445000,4.552000
-559.677306,-1192.266485,4.441000,4.543000
-560.766784,-1197.148096,4.438000,4.533000
-561.855958,-1202.029913,4.434000,4.524000
-562.944752,-1206.911843,4.431000,4.514000
-564.033089,-1211.793796,4.427000,4.504000
-565.120892,-1216.675679,4.424000,4.495000
-566.208085,-1221.557401,4.420000,4.485000
-567.294589,-1226.438871,4.417000,4.476000
-568.380330,-1231.319996,4.413000,4.466000
-569.465229,-1236.200684,4.409000,4.457000
-570.549211,-1241.080844,4.406000,4.447000
-571.632887,-1245.960282,4.402000,4.437000
-572.718596,-1250.838544,4.399000,4.428000
-573.808951,-1255.715138,4.395000,4.418000
-574.906559,-1260.589569,4.392000,4.409000
-576.014032,-1265.461346,4.388000,4.399000
-577.133981,-1270.329973,4.384000,4.389000
-578.269014,-1275.194960,4.445000,4.490000
-579.421743,-1280.055811,4.557000,4.682000
-580.594777,-1284.912035,4.669000,4.873000
-581.790727,-1289.763137,4.781000,5.064000
-583.012192,-1294.608623,4.893000,5.255000
-584.261216,-1299.447912,5.005000,5.446000
-585.539030,-1304.280299,5.117000,5.637000
-586.846803,-1309.105067,5.229000,5.828000
-588.185701,-1313.921501,5.294000,5.878000
-589.556893,-1318.728885,5.338000,5.871000
-590.961547,-1323.526504,5.382000,5.864000
-592.400829,-1328.313640,5.427000,5.856000
-593.875908,-1333.089580,5.471000,5.849000
-595.387952,-1337.853607,5.516000,5.842000
-596.938129,-1342.605005,5.560000,5.835000
-598.527602,-1347.343059,5.605000,5.827000
-600.156146,-1352.067613,5.600000,5.802000
-601.820031,-1356.779910,5.563000,5.765000
-603.514976,-1361.481417,5.527000,5.728000
-605.236703,-1366.173597,5.490000,5.691000
-606.980936,-1370.857914,5.454000,5.654000
-608.743394,-1375.535833,5.417000,5.617000
-610.519801,-1380.208819,5.381000,5.581000
-612.305877,-1384.878335,5.344000,5.544000
-614.097345,-1389.545846,5.296000,5.490000
-615.889927,-1394.212816,5.243000,5.430000
-617.679393,-1398.880693,5.191000,5.369000
-619.464050,-1403.550044,5.138000,5.309000
-621.245900,-1408.220157,5.086000,5.249000
-623.027237,-1412.890218,5.033000,5.189000
-624.810354,-1417.559411,4.981000,5.129000
-626.597546,-1422.226922,4.928000,5.068000
-628.391107,-1426.891937,4.876000,5.008000
-630.193330,-1431.553643,4.823000,4.948000
-632.006509,-1436.211223,4.770000,4.888000
-633.832939,-1440.863864,4.718000,4.828000
-635.674914,-1445.510752,4.665000,4.767000
-637.534700,-1450.151081,4.613000,4.707000
-639.404221,-1454.787961,4.560000,4.647000
-641.249282,-1459.434376,4.508000,4.587000
-643.031634,-1464.104846,4.455000,4.526000
-644.713027,-1468.813888,4.425000,4.473000
-646.255210,-1473.576023,4.495000,4.447000
-647.615681,-1478.401337,4.614000,4.382000
-648.732543,-1483.279712,4.806000,4.260000
-649.538379,-1488.195278,4.852000,4.302000
-649.965772,-1493.132161,4.758000,4.389000
-649.947303,-1498.074491,4.569000,4.402000
-649.416341,-1503.006036,4.467000,4.465000
-648.345875,-1507.892385,4.411000,4.534000
-646.766318,-1512.672787,4.417000,4.604000
-644.712579,-1517.284425,4.547000,4.406000
-642.219572,-1521.664482,4.664000,4.242000
-639.322207,-1525.750142,4.704000,4.266000
-636.057710,-1529.488175,4.668000,4.221000
-632.482680,-1532.905671,4.591000,4.179000
-628.663383,-1536.069786,4.475000,4.345000
-624.666155,-1539.047969,4.359000,4.511000
-620.557331,-1541.907668,4.377000,4.549000
-616.403198,-1544.716282,4.439000,4.545000
-612.252105,-1547.522955,4.500000,4.541000
-608.107931,-1550.331563,4.548000,4.526000
-603.967778,-1553.139091,4.573000,4.492000
-599.828749,-1555.942523,4.598000,4.458000
-595.687949,-1558.738843,4.623000,4.423000
-591.542480,-1561.525033,4.648000,4.389000
-587.389446,-1564.298077,4.672000,4.355000
-583.225950,-1567.054960,4.690000,4.325000
-579.049095,-1569.792664,4.677000,4.320000
-574.855986,-1572.508175,4.663000,4.314000
-570.643766,-1575.198511,4.650000,4.309000
-566.411612,-1577.862532,4.636000,4.303000
-562.161612,-1580.501724,4.622000,4.297000
-557.896076,-1583.117780,4.609000,4.292000
-553.617319,-1585.712389,4.595000,4.286000
-549.327671,-1588.287276,4.582000,4.280000
-545.036886,-1590.855498,4.568000,4.275000
-540.773112,-1593.458212,4.557000,4.267000
-536.567294,-1596.140849,4.657000,4.170000
-532.450380,-1598.948843,4.551000,4.309000
-528.453317,-1601.927626,4.145000,4.790000
-524.607857,-1605.121366,4.136000,4.755000
-520.959676,-1608.552376,4.298000,4.503000
-517.566194,-1612.224534,4.279000,4.497000
-514.485203,-1616.141141,4.265000,4.482000
-511.774490,-1620.305495,4.265000,4.445000
-509.491487,-1624.720394,4.342000,4.368000
-507.676529,-1629.364622,4.419000,4.303000
-506.345712,-1634.182926,4.190000,4.517000
-505.513288,-1639.117463,4.179000,4.583000
-505.193511,-1644.110389,4.236000,4.570000
-505.400636,-1649.103865,4.307000,4.499000
-506.145958,-1654.040629,4.291000,4.485000
-507.416697,-1658.868171,4.255000,4.484000
-509.188343,-1663.536289,4.196000,4.547000
-511.436308,-1667.994800,4.129000,4.629000
-514.136005,-1672.193518,4.289000,4.499000
-517.262820,-1676.082286,4.462000,4.355000
-520.784122,-1679.619404,4.471000,4.351000
-524.647899,-1682.783625,4.285000,4.533000
-528.799269,-1685.556728,4.136000,4.765000
-533.183347,-1687.920493,4.064000,4.971000
-537.745250,-1689.856700,4.485000,4.516000
-542.433009,-1691.352017,4.782000,4.191000
-547.242761,-1692.473813,4.478000,4.495000
-552.209940,-1693.355328,4.308000,4.663000
-557.317110,-1694.025405,4.311000,4.656000
-562.418057,-1694.259438,4.282000,4.744000
-567.349672,-1693.799568,4.228000,4.904000
-572.032662,-1692.553238,4.490000,4.618000
-576.503393,-1690.655975,4.696000,4.372000
-580.806682,-1688.259974,4.327000,4.657000
-584.987344,-1685.517426,4.095000,4.837000
-589.090195,-1682.580527,4.106000,4.830000
-593.156678,-1679.589431,4.118000,4.823000
-597.201759,-1676.589896,4.129000,4.816000
-601.227917,-1673.583145,4.141000,4.809000
-605.237558,-1670.570135,4.152000,4.802000
-609.233087,-1667.551827,4.164000,4.795000
-613.216908,-1664.529179,4.175000,4.788000
-617.191428,-1661.503150,4.187000,4.781000
-621.159051,-1658.474699,4.198000,4.774000
-625.122183,-1655.444786,4.210000,4.767000
-629.083228,-1652.414370,4.221000,4.760000
-633.044592,-1649.384410,4.233000,4.753000
-637.008591,-1646.355827,4.244000,4.746000
-640.976126,-1643.328954,4.256000,4.738000
-644.946951,-1640.303644,4.267000,4.731000
-648.920786,-1637.279738,4.279000,4.724000
-652.897353,-1634.257074,4.290000,4.717000
-656.876374,-1631.235493,4.302000,4.710000
-660.857570,-1628.214836,4.313000,4.703000
-664.840661,-1625.194942,4.325000,4.696000
-668.825371,-1622.175652,4.337000,4.689000
-672.811419,-1619.156804,4.348000,4.682000
-676.798528,-1616.138240,4.360000,4.675000
-680.786419,-1613.119800,4.371000,4.668000
-684.774812,-1610.101323,4.383000,4.661000
-688.763430,-1607.082650,4.394000,4.654000
-692.751994,-1604.063620,4.406000,4.647000
-696.740226,-1601.044073,4.417000,4.639000
-700.727846,-1598.023851,4.429000,4.632000
-704.714576,-1595.002792,4.440000,4.625000
-708.700137,-1591.980737,4.452000,4.618000
-712.684251,-1588.957526,4.463000,4.611000
-716.666640,-1585.932998,4.475000,4.604000
-720.647024,-1582.906995,4.486000,4.597000
-724.625149,-1579.879374,4.498000,4.590000
-728.601151,-1576.850303,4.509000,4.583000
-732.575484,-1573.820195,4.521000,4.576000
-736.548607,-1570.789473,4.532000,4.569000
-740.520981,-1567.758557,4.544000,4.562000
-744.493068,-1564.727869,4.555000,4.555000
-748.465329,-1561.697830,4.567000,4.548000
-752.438224,-1558.668862,4.578000,4.540000
-756.412214,-1555.641386,4.590000,4.533000
-760.387761,-1552.615823,4.601000,4.526000
-764.365325,-1549.592596,4.613000,4.519000
-768.345368,-1546.572125,4.624000,4.512000
-772.328349,-1543.554831,4.636000,4.505000
-776.314731,-1540.541137,4.647000,4.498000
-780.304975,-1537.531464,4.659000,4.491000
-784.299540,-1534.526232,4.670000,4.484000
-788.298889,-1531.525864,4.682000,4.477000
-792.303481,-1528.530781,4.693000,4.470000
-796.313779,-1525.541404,4.705000,4.463000
-800.330243,-1522.558154,4.700000,4.487000
-804.353334,-1519.581454,4.688000,4.525000
-808.383513,-1516.611724,4.675000,4.564000
-812.416515,-1513.644879,4.625000,4.604000
-816.428121,-1510.657810,4.506000,4.649000
-820.385450,-1507.619009,4.388000,4.693000
-824.200907,-1504.442635,4.200000,4.715000
-827.742752,-1500.999002,3.987000,4.557000
-830.888449,-1497.173566,4.192000,4.251000
-833.596978,-1492.979517,4.417000,4.195000
-835.865575,-1488.489981,4.420000,4.172000
-837.691692,-1483.778428,4.371000,4.355000
-839.072784,-1478.918329,4.432000,4.465000
-840.006355,-1473.983087,4.470000,4.410000
-840.502765,-1469.028642,4.338000,4.474000
-840.602241,-1464.070368,4.335000,4.661000
-840.349240,-1459.117895,4.282000,4.792000
-839.788218,-1454.180851,4.187000,4.879000
-838.963632,-1449.268866,4.271000,4.778000
-837.919876,-1444.390985,4.439000,4.591000
-836.700334,-1439.547104,4.606000,4.404000
-835.347591,-1434.729839,4.614000,4.365000
-833.904208,-1429.931604,4.594000,4.353000
-832.412746,-1425.144812,4.573000,4.341000
-830.915768,-1420.361876,4.553000,4.329000
-829.447978,-1415.576495,4.532000,4.317000
-828.011458,-1410.787692,4.512000,4.305000
-826.599823,-1405.995875,4.491000,4.293000
-825.206691,-1401.201452,4.471000,4.281000
-823.825676,-1396.404831,4.450000,4.270000
-822.450396,-1391.606418,4.430000,4.258000
-821.074466,-1386.806622,4.409000,4.246000
-819.691503,-1382.005850,4.389000,4.234000
-818.295122,-1377.204510,4.368000,4.222000
-816.878940,-1372.403009,4.348000,4.210000
-815.436842,-1367.601716,4.322000,4.212000
-814.030066,-1362.791345,4.273000,4.273000
-812.875421,-1357.940311,4.260000,4.289000
-812.208713,-1353.014940,4.448000,4.242000
-812.144556,-1348.025517,4.282000,4.308000
-812.635098,-1343.041248,4.377000,4.290000
-813.621756,-1338.133730,4.463000,4.291000
-815.056061,-1333.347396,4.414000,4.322000
-816.897552,-1328.705184,4.379000,4.349000
-819.109862,-1324.231207,4.457000,4.352000
-821.686168,-1319.963035,4.622000,4.247000
-824.633247,-1315.944439,4.605000,4.249000
-827.959070,-1312.227449,4.281000,4.433000
-831.676217,-1308.897905,4.449000,4.328000
-835.788849,-1306.036657,4.600000,4.237000
-840.152603,-1303.513231,4.528000,4.295000
-844.506252,-1301.030871,4.439000,4.409000
-848.614056,-1298.313270,4.294000,4.704000
-852.457604,-1295.273334,4.379000,4.584000
-856.118122,-1291.910719,4.587000,4.818000
-859.627491,-1288.227723,4.795000,4.943000
-862.814155,-1284.235561,5.002000,4.899000
-865.455053,-1279.947787,5.095000,5.014000
-867.408134,-1275.392239,5.076000,5.130000
-868.714509,-1270.629052,4.991000,5.220000
-869.440451,-1265.722793,4.880000,5.214000
-869.652230,-1260.738034,4.759000,5.362000
-869.416120,-1255.739342,4.704000,5.298000
-868.798293,-1250.788480,4.675000,5.192000
-867.863435,-1245.905080,4.620000,5.050000
-866.675083,-1241.076296,4.571000,4.842000
-865.296748,-1236.288448,4.710000,4.853000
-863.791938,-1231.527852,4.850000,4.865000
-862.224162,-1226.780825,4.989000,4.877000
-860.646342,-1222.035965,4.983000,4.830000
-859.069056,-1217.290995,4.977000,4.783000
-857.492292,-1212.545916,4.970000,4.735000
-855.916041,-1207.800732,4.970000,4.732000
-854.340291,-1203.055443,4.973000,4.760000
-852.765032,-1198.310053,4.977000,4.789000
-851.190255,-1193.564565,4.981000,4.817000
-849.615948,-1188.818980,4.983000,4.836000
-848.042101,-1184.073300,4.982000,4.837000
-846.468704,-1179.327530,4.981000,4.838000
-844.895746,-1174.581669,4.979000,4.838000
-843.323217,-1169.835722,4.978000,4.839000
-841.751107,-1165.089691,4.977000,4.840000
-840.179405,-1160.343577,4.976000,4.841000
-838.608101,-1155.597384,4.974000,4.842000
-837.037185,-1150.851114,4.973000,4.843000
-835.466646,-1146.104768,4.972000,4.844000
-833.896473,-1141.358351,4.971000,4.845000
-832.326656,-1136.611863,4.970000,4.846000
-830.757186,-1131.865307,4.968000,4.847000
-829.188051,-1127.118686,4.967000,4.847000
-827.619241,-1122.372003,4.966000,4.848000
-826.050746,-1117.625259,4.965000,4.849000
-824.482555,-1112.878457,4.963000,4.850000
-822.914658,-1108.131599,4.962000,4.851000
-821.347045,-1103.384688,4.961000,4.852000
-819.779705,-1098.637726,4.960000,4.853000
-818.212627,-1093.890715,4.958000,4.854000
-816.645802,-1089.143659,4.957000,4.855000
-815.079219,-1084.396559,4.956000,4.856000
-813.512868,-1079.649417,4.955000,4.856000
-811.946738,-1074.902237,4.953000,4.857000
-810.380819,-1070.155020,4.952000,4.858000
-808.815100,-1065.407770,4.951000,4.859000
-807.249571,-1060.660487,4.950000,4.860000
-805.684222,-1055.913176,4.949000,4.861000
-804.119043,-1051.165837,4.947000,4.862000
-802.554022,-1046.418474,4.946000,4.863000
-800.989150,-1041.671089,4.945000,4.864000
-799.424415,-1036.923685,4.944000,4.865000
-797.859809,-1032.176263,4.942000,4.866000
-796.295320,-1027.428826,4.941000,4.866000
-794.730938,-1022.681377,4.940000,4.867000
-793.166652,-1017.933918,4.939000,4.868000
-791.602453,-1013.186451,4.937000,4.869000
-790.038329,-1008.438979,4.936000,4.870000
-788.474271,-1003.691504,4.935000,4.871000
-786.910268,-998.944029,4.934000,4.872000
-785.346310,-994.196555,4.932000,4.873000
-783.782385,-989.449086,4.931000,4.874000
-782.218485,-984.701624,4.930000,4.875000
-780.654598,-979.954171,4.929000,4.875000
-779.090714,-975.206729,4.928000,4.876000
-777.526823,-970.459302,4.926000,4.877000
-775.962914,-965.711891,4.925000,4.878000
-774.398977,-960.964498,4.924000,4.879000
-772.835001,-956.217127,4.923000,4.880000
-771.270977,-951.469779,4.921000,4.881000
-769.706893,-946.722458,4.920000,4.882000
-768.142740,-941.975164,4.919000,4.883000
-766.578507,-937.227902,4.918000,4.884000
-765.014183,-932.480672,4.916000,4.884000
-763.449758,-927.733478,4.915000,4.885000
-761.885222,-922.986323,4.914000,4.886000
-760.320565,-918.239207,4.913000,4.887000
-758.755776,-913.492134,4.911000,4.888000
-757.190844,-908.745107,4.910000,4.889000
-755.625759,-903.998127,4.909000,4.890000
-754.060512,-899.251197,4.908000,4.891000
-752.495090,-894.504319,4.907000,4.892000
-750.929485,-889.757497,4.905000,4.893000
-749.363686,-885.010731,4.904000,4.893000
-747.797682,-880.264025,4.903000,4.894000
-746.231462,-875.517381,4.902000,4.895000
-744.665018,-870.770801,4.900000,4.896000
-743.098337,-866.024288,4.898000,4.895000
-741.531410,-861.277845,4.895000,4.892000
-739.964227,-856.531473,4.892000,4.889000
-738.396776,-851.785174,4.889000,4.886000
-736.829048,-847.038953,4.886000,4.883000
-735.261032,-842.292810,4.883000,4.880000
-733.692718,-837.546748,4.880000,4.877000
-732.124096,-832.800770,4.876000,4.874000
-730.555154,-828.054878,4.873000,4.871000
-728.985883,-823.309074,4.870000,4.868000
-727.416272,-818.563361,4.867000,4.865000
-725.846312,-813.817741,4.864000,4.862000
-724.275991,-809.072217,4.861000,4.859000
-722.705314,-804.326787,4.858000,4.856000
-721.134304,-799.581443,4.855000,4.853000
-719.562986,-794.836181,4.852000,4.850000
-717.991384,-790.090991,4.849000,4.847000
-716.419522,-785.345867,4.846000,4.844000
-714.847424,-780.600803,4.842000,4.841000
-713.275115,-775.855791,4.839000,4.838000
-711.702618,-771.110824,4.836000,4.835000
-710.129960,-766.365896,4.833000,4.832000
-708.557162,-761.620998,4.830000,4.829000
-706.984250,-756.876125,4.827000,4.826000
-705.411249,-752.131269,4.824000,4.823000
-703.838181,-747.386423,4.821000,4.820000
-702.265073,-742.641580,4.818000,4.817000
-700.691947,-737.896734,4.815000,4.814000
-699.118828,-733.151877,4.811000,4.811000
-697.545741,-728.407002,4.808000,4.808000
-695.972710,-723.662102,4.805000,4.805000
-694.399759,-718.917170,4.802000,4.802000
-692.826912,-714.172200,4.799000,4.799000
-691.254193,-709.427183,4.796000,4.796000
-689.681628,-704.682114,4.793000,4.793000
-688.109240,-699.936985,4.790000,4.790000
-686.537053,-695.191789,4.787000,4.787000
-684.965092,-690.446520,4.784000,4.784000
-683.393381,-685.701169,4.780000,4.781000
-681.821944,-680.955731,4.777000,4.778000
-680.250806,-676.210198,4.774000,4.775000
-678.679990,-671.464563,4.771000,4.772000
-677.109522,-666.718819,4.768000,4.769000
-675.539425,-661.972959,4.765000,4.766000
-673.969724,-657.226977,4.762000,4.763000
-672.400443,-652.480865,4.759000,4.760000
-670.831606,-647.734615,4.756000,4.757000
-669.263238,-642.988222,4.753000,4.754000
-667.695362,-638.241678,4.750000,4.751000
-666.128004,-633.494977,4.746000,4.748000
-664.561187,-628.748110,4.743000,4.745000
-662.994936,-624.001071,4.740000,4.742000
-661.429275,-619.253854,4.737000,4.739000
-659.864228,-614.506451,4.725000,4.730000
-658.299819,-609.758855,4.706000,4.716000
-656.736073,-605.011059,4.687000,4.703000
-655.172959,-600.263076,4.668000,4.689000
-653.610028,-595.515068,4.649000,4.675000
-652.046651,-590.767263,4.630000,4.661000
-650.482194,-586.019890,4.611000,4.647000
-648.916025,-581.273177,4.592000,4.633000
-647.347512,-576.527352,4.573000,4.619000
-645.776021,-571.782643,4.554000,4.605000
-644.200922,-567.039280,4.535000,4.592000
-642.621581,-562.297490,4.516000,4.578000
-641.037365,-557.557502,4.497000,4.564000
-639.447643,-552.819545,4.478000,4.550000
-637.850740,-548.084252,4.459000,4.536000
-636.240826,-543.353874,4.440000,4.522000
-634.611038,-538.631068,4.365000,4.590000
-632.954510,-533.918487,4.273000,4.684000
-631.264377,-529.218786,4.180000,4.778000
-629.533775,-524.534620,4.087000,4.873000
-627.755839,-519.868644,4.145000,4.830000
-625.923705,-515.223513,4.274000,4.721000
-624.030506,-510.601881,4.403000,4.613000
-622.069380,-506.006403,4.533000,4.504000
-620.033460,-501.439734,4.654000,4.400000
-617.916575,-496.904638,4.592000,4.409000
-615.717649,-492.404675,4.531000,4.417000
-613.437881,-487.943765,4.469000,4.425000
-611.078480,-483.525827,4.408000,4.434000
-608.640655,-479.154780,4.342000,4.489000
-606.125953,-474.834128,4.271000,4.591000
-603.540924,-470.561158,4.200000,4.693000
-600.895951,-466.328397,4.130000,4.795000
-598.201518,-462.128250,4.134000,4.721000
-595.468107,-457.953120,4.182000,4.548000
-592.706202,-453.795413,4.221000,4.429000
-589.924806,-449.648663,4.241000,4.427000
-587.127053,-445.510895,4.262000,4.426000
-584.314613,-441.381253,4.282000,4.424000
-581.489157,-437.258878,4.302000,4.423000
-578.652358,-433.142912,4.322000,4.422000
-575.805885,-429.032499,4.343000,4.420000
-572.951411,-424.926780,4.363000,4.419000
-570.090607,-420.824897,4.383000,4.417000
-567.225144,-416.725993,4.403000,4.416000
-564.356693,-412.629210,4.424000,4.415000
-561.486926,-408.533690,4.426000,4.407000
-558.617371,-404.438644,4.421000,4.396000
-555.748501,-400.343782,4.415000,4.385000
-552.880317,-396.249036,4.409000,4.374000
-550.012822,-392.154342,4.404000,4.363000
-547.146015,-388.059632,4.398000,4.352000
-544.279897,-383.964840,4.392000,4.342000
-541.414469,-379.869902,4.387000,4.331000
-538.549732,-375.774749,4.381000,4.320000
-535.685686,-371.679318,4.375000,4.309000
-532.822331,-367.583541,4.369000,4.298000
-529.959670,-363.487352,4.364000,4.287000
-527.097701,-359.390685,4.358000,4.276000
-524.236426,-355.293475,4.352000,4.266000
-521.375846,-351.195656,4.347000,4.255000
-518.515961,-347.097160,4.341000,4.244000
-515.656771,-342.997923,4.335000,4.233000
-512.798278,-338.897878,4.330000,4.222000
-509.940483,-334.796958,4.324000,4.211000
-507.083384,-330.695099,4.318000,4.200000
-504.226985,-326.592234,4.313000,4.190000
-501.371284,-322.488297,4.307000,4.179000
-498.516282,-318.383223,4.301000,4.168000
-495.661800,-314.277179,4.296000,4.157000
-492.807262,-310.170842,4.290000,4.146000
-489.952039,-306.064961,4.284000,4.135000
-487.095502,-301.960283,4.278000,4.125000
-484.237021,-297.857556,4.266000,4.134000
-481.375967,-293.757527,4.246000,4.164000
-478.511712,-289.660945,4.227000,4.195000
-475.643627,-285.568556,4.207000,4.226000
-472.771081,-281.481109,4.187000,4.257000
-469.893447,-277.399350,4.168000,4.288000
-467.010236,-273.323898,4.148000,4.319000
-464.126402,-269.250386,4.128000,4.349000
-461.253919,-265.168010,4.108000,4.380000
-458.405230,-261.065539,4.128000,4.382000
-455.592776,-256.931744,4.209000,4.340000
-452.828999,-252.755395,4.290000,4.298000
-450.128381,-248.525708,4.380000,4.239000
-447.520385,-244.235174,4.508000,4.103000
-445.041147,-239.877744,4.636000,3.968000
-442.726829,-235.447375,4.515000,3.902000
-440.613596,-230.938023,4.264000,3.888000
-438.737514,-226.343670,4.248000,3.951000
-437.114223,-221.663331,4.240000,4.075000
-435.714130,-216.907171,4.238000,4.245000
-434.501570,-212.086851,4.251000,4.390000
-433.440877,-207.214034,4.270000,4.524000
-432.496387,-202.300381,4.290000,4.658000
-431.632435,-197.357552,4.285000,4.525000
-430.813356,-192.397210,4.276000,4.342000
-430.003485,-187.431016,4.261000,4.258000
-429.167156,-182.470632,4.241000,4.272000
-428.268706,-177.527719,4.221000,4.286000
-427.272840,-172.613833,4.201000,4.301000
-426.158463,-167.736532,4.180000,4.315000
-424.922757,-162.898223,4.173000,4.423000
-423.564108,-158.100972,4.167000,4.546000
-422.080904,-153.346848,4.161000,4.669000
-420.471534,-148.637917,4.155000,4.793000
-418.734384,-143.976248,4.194000,4.819000
-416.867843,-139.363906,4.254000,4.799000
-414.870297,-134.802960,4.314000,4.778000
-412.740136,-130.295477,4.374000,4.758000
-410.475746,-125.843524,4.457000,4.724000
-408.075513,-121.449190,4.546000,4.687000
-405.537471,-117.118926,4.635000,4.649000
-402.858882,-112.868798,4.625000,4.632000
-400.036902,-108.716150,4.522000,4.635000
-397.068689,-104.678331,4.419000,4.638000
-393.951399,-100.772686,4.455000,4.576000
-390.681295,-97.015950,4.508000,4.506000
-387.251114,-93.422450,4.308000,4.695000
-383.652723,-90.005917,4.100000,4.892000
-379.877993,-86.780085,4.333000,4.633000
-375.918792,-83.758686,4.487000,4.459000
-371.768308,-80.954098,4.576000,4.355000
-367.469239,-78.327853,4.620000,4.318000
-363.127608,-75.776447,4.539000,4.463000
-358.845902,-73.199899,4.459000,4.607000
-354.614559,-70.611707,4.378000,4.752000
-350.339098,-68.111367,4.339000,4.833000
-345.937092,-65.783721,4.462000,4.658000
-341.428783,-63.591867,4.586000,4.484000
-336.879661,-61.445242,4.710000,4.310000
-332.355417,-59.253052,4.667000,4.226000
-327.921741,-56.924500,4.498000,4.209000
-323.644182,-54.368996,4.329000,4.193000
-319.560927,-51.535867,4.204000,4.175000
-315.650167,-48.461973,4.591000,4.144000
-311.882136,-45.195784,4.977000,4.113000
-308.227066,-41.785767,4.886000,4.437000
-304.655191,-38.280392,4.766000,4.783000
-301.140254,-34.721223,4.764000,4.856000
-297.669722,-31.122816,4.801000,4.839000
-294.234420,-27.493121,4.838000,4.821000
-290.825175,-23.840087,4.875000,4.804000
-287.432813,-20.171664,4.912000,4.786000
-284.048261,-16.495713,4.938000,4.774000
-280.666232,-12.816847,4.933000,4.776000
-277.286266,-9.135541,4.928000,4.777000
-273.908214,-5.451998,4.922000,4.779000
-270.531927,-1.766424,4.917000,4.781000
-267.157258,1.920977,4.912000,4.783000
-263.784058,5.610000,4.906000,4.785000
-260.412179,9.300440,4.901000,4.786000
-257.041473,12.992094,4.896000,4.788000
-253.671791,16.684755,4.891000,4.790000
-250.302984,20.378219,4.885000,4.792000
-246.934907,24.072285,4.880000,4.794000
-243.567432,27.766813,4.875000,4.795000
-240.200448,31.461705,4.869000,4.797000
-236.833844,35.156865,4.864000,4.799000
-233.467509,38.852198,4.859000,4.801000
-230.101332,42.547608,4.854000,4.803000
-226.735202,46.242999,4.848000,4.804000
-223.369007,49.938275,4.843000,4.806000
-220.002637,53.633342,4.838000,4.808000
-216.635981,57.328102,4.832000,4.810000
-213.268928,61.022460,4.827000,4.812000
-209.901367,64.716321,4.822000,4.813000
-206.533186,68.409589,4.817000,4.815000
-203.164275,72.102167,4.811000,4.817000
-199.794522,75.793961,4.806000,4.819000
-196.423817,79.484874,4.801000,4.821000
-193.052049,83.174811,4.795000,4.822000
-189.679106,86.863676,4.790000,4.824000
-186.304877,90.551373,4.785000,4.826000
-182.929253,94.237807,4.779000,4.829000
-179.552120,97.922881,4.773000,4.833000
-176.173369,101.606501,4.767000,4.837000
-172.792906,105.288586,4.760000,4.840000
-169.410891,108.969286,4.754000,4.844000
-166.027675,112.648929,4.748000,4.848000
-162.643613,116.327842,4.742000,4.852000
-159.259063,120.006356,4.736000,4.855000
-155.874378,123.684800,4.729000,4.859000
-152.489916,127.363504,4.723000,4.863000
-149.106033,131.042797,4.717000,4.867000
-145.723083,134.723008,4.711000,4.871000
-142.341424,138.404468,4.705000,4.874000
-138.961410,142.087506,4.698000,4.878000
-135.583074,145.772140,4.692000,4.882000
-132.204111,149.456143,4.686000,4.886000
-128.821192,153.136305,4.680000,4.890000
-125.430985,156.809411,4.674000,4.893000
-122.030156,160.472244,4.667000,4.897000
-118.615370,164.121590,4.661000,4.901000
-115.183296,167.754234,4.655000,4.905000
-111.730600,171.366959,4.631000,4.898000
-108.253948,174.956552,4.607000,4.891000
-104.750006,178.519797,4.582000,4.884000
-101.215443,182.053478,4.558000,4.877000
-97.646766,185.554100,4.534000,4.870000
-94.038209,189.014090,4.509000,4.864000
-90.382277,192.422798,4.538000,4.904000
-86.670385,195.768500,4.629000,4.998000
-82.891651,199.037298,4.719000,5.093000
-79.035395,202.215583,4.809000,5.188000
-75.109553,205.311118,4.900000,5.282000
-71.145738,208.358841,4.936000,5.194000
-67.175583,211.393869,4.956000,5.054000
-63.208871,214.428469,4.976000,4.913000
-59.238922,217.457698,4.916000,4.764000
-55.259189,220.476473,4.828000,4.611000
-51.266993,223.481770,4.739000,4.459000
-47.261347,226.471462,4.718000,4.551000
-43.241270,229.443428,4.733000,4.778000
-39.205782,232.395544,4.749000,5.005000
-35.153904,235.325689,4.765000,5.232000
-31.084655,238.231741,4.844000,5.310000
-26.997055,241.111577,4.935000,5.361000
-22.890123,243.963076,5.026000,5.413000
-18.762881,246.784115,5.118000,5.464000
-14.614348,249.572572,5.209000,5.515000
-10.443598,252.326420,5.300000,5.567000
-6.250504,255.045010,5.386000,5.594000
-2.035539,257.728732,5.465000,5.584000
2.200810,260.377998,5.543000,5.574000
6.458057,262.993223,5.622000,5.564000
10.735713,265.574820,5.701000,5.555000
15.033291,268.123205,5.732000,5.595000
19.350305,270.638791,5.732000,5.666000
23.686267,273.121992,5.733000,5.738000
28.040690,275.573221,5.734000,5.809000
32.413086,277.992894,5.734000,5.881000
36.802969,280.381423,5.814000,6.039000
41.209851,282.739224,5.919000,6.224000
45.633244,285.066709,6.024000,6.410000
50.072663,287.364294,6.129000,6.596000
54.527619,289.632391,6.279000,6.784000
58.997625,291.871416,6.550000,6.981000
63.482194,294.081781,6.822000,7.177000
67.980839,296.263902,7.094000,7.373000
72.493072,298.418192,7.366000,7.570000
77.018407,300.545065,7.638000,7.766000
81.556355,302.644935,7.910000,7.963000
86.106240,304.718669,8.046000,8.073000
90.666637,306.768902,8.042000,8.093000
95.235941,308.798697,8.037000,8.113000
99.812549,310.811119,8.033000,8.134000
104.394856,312.809231,8.029000,8.154000
108.981256,314.796098,8.024000,8.175000
113.570145,316.774783,8.020000,8.195000
118.159918,318.748351,8.015000,8.216000
122.748972,320.719866,8.011000,8.236000
127.335701,322.692391,8.007000,8.256000
131.918503,324.668997,8.002000,8.277000
136.496393,326.653766,7.998000,8.297000
141.069721,328.652988,7.994000,8.318000
145.639017,330.673243,7.989000,8.338000
150.204807,332.721111,7.985000,8.359000
154.767620,334.803172,7.981000,8.379000
159.328467,336.922726,7.976000,8.400000
163.895343,339.035686,7.972000,8.420000
168.481499,341.062327,7.967000,8.440000
173.100311,342.922055,7.963000,8.461000
177.765157,344.534279,7.900000,8.488000
182.489413,345.818403,7.324000,8.571000
187.186341,345.857194,6.825000,8.270000
191.172018,343.143369,6.408000,7.569000
194.440500,339.147093,6.494000,6.606000
197.110146,334.714672,6.676000,6.604000
198.760494,330.012830,6.654000,6.326000
199.039419,325.193187,6.647000,7.229000
198.100430,320.393967,6.707000,7.606000
196.293844,315.748165,6.849000,7.026000
193.943862,311.340440,6.877000,6.943000
191.285772,307.093652,6.884000,6.945000
188.535594,302.897192,6.891000,6.948000
185.834633,298.678510,6.899000,6.950000
183.183182,294.436888,6.906000,6.952000
180.565892,290.179577,6.914000,6.955000
177.967414,285.913829,6.921000,6.957000
175.372396,281.646895,6.928000,6.959000
172.766361,277.385614,6.936000,6.962000
170.145205,273.131907,6.943000,6.964000
167.511624,268.884474,6.947000,6.963000
164.868435,264.641958,6.944000,6.958000
162.218453,260.403001,6.940000,6.952000
159.564495,256.166245,6.937000,6.946000
156.908840,251.930590,6.934000,6.940000
154.251971,247.695783,6.930000,6.934000
151.593997,243.461751,6.927000,6.928000
148.935031,239.228423,6.924000,6.923000
146.275180,234.995724,6.921000,6.917000
143.614556,230.763581,6.917000,6.911000
140.953268,226.531921,6.914000,6.905000
138.291427,222.300671,6.911000,6.899000
135.629143,218.069758,6.907000,6.893000
132.966525,213.839108,6.904000,6.888000
130.303683,209.608648,6.901000,6.882000
127.640729,205.378306,6.898000,6.876000
124.977771,201.148008,6.894000,6.870000
122.314920,196.917680,6.891000,6.864000
119.652285,192.687250,6.888000,6.859000
116.989978,188.456645,6.884000,6.853000
114.328108,184.225791,6.881000,6.847000
111.666784,179.994615,6.878000,6.841000
109.006118,175.763043,6.875000,6.835000
106.346219,171.531004,6.871000,6.829000
103.687196,167.298423,6.868000,6.824000
101.029161,163.065227,6.865000,6.818000
98.372189,158.831366,6.861000,6.812000
95.716236,154.596866,6.858000,6.806000
93.061238,150.361767,6.855000,6.800000
90.407128,146.126110,6.852000,6.795000
87.753840,141.889937,6.848000,6.789000
85.101307,137.653289,6.845000,6.783000
82.449465,133.416206,6.842000,6.777000
79.798245,129.178731,6.838000,6.771000
77.147583,124.940904,6.835000,6.765000
74.497412,120.702766,6.832000,6.760000
71.847666,116.464359,6.829000,6.754000
69.198278,112.225723,6.825000,6.748000
66.549183,107.986900,6.822000,6.742000
63.900315,103.747931,6.818000,6.741000
61.251607,99.508857,6.812000,6.745000
58.602993,95.269718,6.807000,6.750000
55.954407,91.030557,6.802000,6.755000
53.305783,86.791415,6.796000,6.759000
50.657054,82.552332,6.791000,6.764000
48.008155,78.313349,6.785000,6.769000
45.359020,74.074509,6.780000,6.773000
42.709581,69.835851,6.774000,6.778000
40.059773,65.597417,6.769000,6.783000
37.409531,61.359249,6.763000,6.787000
34.758786,57.121386,6.758000,6.792000
32.107475,52.883872,6.753000,6.797000
29.455530,48.646745,6.747000,6.801000
26.802885,44.410049,6.742000,6.806000
24.149473,40.173823,6.736000,6.811000
21.495230,35.938109,6.731000,6.815000
18.840089,31.702949,6.725000,6.820000
16.183983,27.468382,6.720000,6.825000
13.526846,23.234451,6.715000,6.829000
10.868613,19.001196,6.709000,6.834000
8.209217,14.768659,6.704000,6.839000
5.548591,10.536881,6.698000,6.843000
2.886670,6.305903,6.693000,6.848000
0.223388,2.075766,6.687000,6.853000
