-3.534088,0.334256,3.425878,3.505216
-6.090877,0.237104,3.428437,3.502657
-8.647688,0.140730,3.431508,3.500609
-11.204521,0.045096,3.434067,3.498050
-13.761375,-0.049838,3.437138,3.495491
-16.318248,-0.144114,3.439698,3.493443
-18.875139,-0.237770,3.442257,3.490884
-21.432045,-0.330846,3.445328,3.488324
-23.988968,-0.423383,3.447888,3.486277
-26.545905,-0.515420,3.450959,3.483718
-29.102854,-0.606997,3.453518,3.481158
-31.659815,-0.698153,3.456589,3.479111
-34.216785,-0.788929,3.459148,3.476552
-36.773765,-0.879365,3.461708,3.473992
-39.330752,-0.969500,3.464779,3.471945
-41.887745,-1.059374,3.467338,3.469386
-44.444743,-1.149027,3.470409,3.466826
-47.001744,-1.238500,3.472969,3.464779
-49.558748,-1.327831,3.476040,3.462220
-52.115753,-1.417061,3.478599,3.459660
-54.672757,-1.506229,3.481670,3.457613
-57.229760,-1.595376,3.484230,3.455054
-59.786760,-1.684540,3.486789,3.452494
-62.343755,-1.773764,3.489860,3.450447
-64.900745,-1.863084,3.491907,3.450959
-67.457729,-1.952543,3.493443,3.454030
-70.014704,-2.042179,3.495491,3.457101
-72.571670,-2.132033,3.497026,3.460172
-75.128624,-2.222145,3.498562,3.462731
-77.685567,-2.312553,3.500097,3.465803
-80.242497,-2.403298,3.502145,3.468874
-82.799412,-2.494420,3.503680,3.471945
-85.356311,-2.585960,3.505216,3.475016
-87.913192,-2.677956,3.507263,3.478087
-90.470056,-2.770448,3.508799,3.480647
-93.026899,-2.863476,3.510334,3.483718
-95.583721,-2.957082,3.511870,3.486789
-98.140521,-3.051302,3.513917,3.489860
-100.697297,-3.146164,3.515453,3.492931
-103.254055,-3.241621,3.516989,3.495491
-105.810796,-3.337605,3.519036,3.498562
-108.367526,-3.434049,3.520572,3.501633
-110.924249,-3.530886,3.522107,3.504704
-113.480970,-3.628047,3.523643,3.507775
-116.037691,-3.725466,3.525690,3.510846
-118.594419,-3.823075,3.527226,3.513406
-121.151157,-3.920806,3.528761,3.516477
-123.707910,-4.018591,3.530809,3.519548
-126.264681,-4.116364,3.532344,3.522619
-128.821475,-4.214057,3.533880,3.525690
-131.378296,-4.311602,3.535416,3.528250
-133.935148,-4.408931,3.537463,3.531321
-136.492036,-4.505979,3.538999,3.534392
-139.048965,-4.602675,3.540534,3.537463
-141.605938,-4.698955,3.542582,3.540534
-144.162959,-4.794749,3.544117,3.543605
-146.720033,-4.889990,3.545653,3.546165
-149.277165,-4.984610,3.547188,3.549236
-151.834358,-5.078543,3.549236,3.552307
-154.391615,-5.171721,3.550771,3.555378
-156.948927,-5.263864,3.552307,3.558449
-159.506197,-5.353682,3.554354,3.561520
-162.063305,-5.439578,3.555890,3.564080
-164.620135,-5.519955,3.553843,3.564592
-167.176566,-5.593220,3.550260,3.563568
-169.732484,-5.657844,3.546165,3.562032
-172.288088,-5.716136,3.542582,3.561009
-174.844052,-5.776267,3.538999,3.559985
-177.401091,-5.846895,3.534904,3.558449
-179.959918,-5.936682,3.531321,3.557426
-182.521247,-6.054287,3.527226,3.556402
-185.085322,-6.199396,3.523643,3.554866
-187.648138,-6.290803,3.520060,3.553843
-190.203441,-6.204443,3.505728,3.596327
-192.725208,-5.816274,3.433044,3.893206
-195.092939,-5.004248,3.402332,3.700234
-197.158022,-3.647115,3.405915,3.238025
-198.819898,-1.712201,3.417176,3.380322
-200.101475,0.605599,3.324017,3.381346
-201.036457,3.077229,3.279998,3.874267
-201.219397,5.538564,3.493443,4.233080
-200.000117,7.610707,3.748861,4.387150
-198.221808,9.376247,4.043692,4.344666
-196.313262,11.031480,4.075940,4.330846
-194.306783,12.602963,4.077987,4.320097
-192.234671,14.117253,4.080546,4.309859
-190.129231,15.600904,4.082594,4.299622
-188.022410,17.080196,4.085153,4.288873
-185.931707,18.569954,4.087200,4.278636
-183.855398,20.069783,4.089248,4.267887
-181.790433,21.578234,4.091807,4.257650
-179.733759,23.093854,4.093855,4.246901
-177.682325,24.615196,4.095902,4.236663
-175.633252,26.140804,4.098461,4.225914
-173.584983,27.669198,4.100509,4.215677
-171.536566,29.198881,4.102556,4.205440
-169.487056,30.728357,4.105116,4.194691
-167.435504,32.256131,4.107163,4.184454
-165.380961,33.780708,4.109722,4.173705
-163.322481,35.300593,4.111770,4.163468
-161.259117,36.814289,4.113817,4.152718
-159.189921,38.320301,4.116376,4.142481
-157.113944,39.817135,4.118424,4.132244
-155.030241,41.303293,4.048811,4.075940
-152.938006,42.777472,3.909585,3.975103
-150.837029,44.239148,3.770359,3.874779
-148.727253,45.687999,3.631133,3.773942
-146.608617,47.123705,3.491907,3.673618
-144.481063,48.545942,3.352682,3.573293
-142.344532,49.954389,3.213968,3.472457
-140.198965,51.348724,3.137189,3.376227
-138.044304,52.728625,3.083443,3.281021
-135.880489,54.093770,3.029698,3.185815
-133.707462,55.443836,2.975953,3.091121
-131.525164,56.778503,2.935004,3.010247
-129.333536,58.097448,2.935004,2.973394
-127.132519,59.400350,2.934492,2.937051
-124.922055,60.686885,2.933980,2.900198
-122.702083,61.956733,2.933980,2.863856
-120.472547,63.209571,2.918113,2.843381
-118.233388,64.445077,2.877676,2.847988
-115.984545,65.662931,2.837239,2.853106
-113.725961,66.862808,2.797314,2.858225
-111.457575,68.044388,2.756877,2.863344
-109.179331,69.207350,2.712857,2.849523
-106.891175,70.351383,2.666278,2.822907
-104.593364,71.476710,2.619698,2.796802
-102.286560,72.584260,2.572607,2.770697
-99.971450,73.675012,2.526028,2.744080
-97.648727,74.749942,2.479449,2.717975
-95.319080,75.810027,2.439012,2.678050
-92.983198,76.856247,2.430822,2.561858
-90.641771,77.889578,2.422632,2.445666
-88.295489,78.910997,2.414954,2.329474
-85.945044,79.921482,2.425704,2.282383
-83.591122,80.922012,2.471259,2.360185
-81.234416,81.913567,2.516303,2.438500
-78.875580,82.898111,2.547014,2.514767
-76.515191,83.879844,2.536777,2.586939
-74.153732,84.862994,2.526540,2.658600
-71.788268,85.840085,2.508113,2.703643
-69.411327,86.788106,2.461534,2.655529
-67.015515,87.684103,2.415466,2.606902
-64.599420,88.522570,2.369399,2.558275
-62.166341,89.311726,2.322820,2.510160
-59.719654,90.059951,2.307976,2.489686
-57.262359,90.774050,2.320772,2.492757
-54.797260,91.460072,2.333057,2.496340
-52.326237,92.122511,2.345342,2.499923
-49.849946,92.763810,2.358138,2.503506
-47.368959,93.386268,2.370423,2.507089
-44.883849,93.992187,2.382707,2.510672
-42.395187,94.583868,2.385778,2.508625
-39.903546,95.163609,2.388850,2.506577
-37.409499,95.733713,2.392433,2.504530
-34.913615,96.296478,2.395504,2.502994
-32.416470,96.854207,2.398575,2.500947
-29.918634,97.409199,2.401646,2.498900
-27.420680,97.963752,2.404717,2.496852
-24.923002,98.519457,2.408300,2.494805
-22.425604,99.076296,2.411371,2.493269
-19.928429,99.634026,2.414443,2.491222
-17.431422,100.192405,2.417514,2.489174
-14.934528,100.751191,2.420585,2.487127
-12.437692,101.310142,2.424168,2.485079
-9.940860,101.869016,2.427239,2.483544
-7.443975,102.427571,2.430310,2.481496
-4.946984,102.985565,2.433381,2.479449
-2.449831,103.542755,2.436453,2.477401
0.047538,104.098904,2.440036,2.475866
2.545150,104.653900,2.443107,2.473818
5.042992,105.207807,2.446178,2.471771
7.541051,105.760697,2.449249,2.470235
10.039312,106.312645,2.451808,2.469212
12.537762,106.863724,2.454368,2.468188
15.036387,107.414009,2.457439,2.467676
17.535172,107.963572,2.459998,2.466652
20.034105,108.512488,2.462557,2.465629
22.533169,109.060829,2.465629,2.464605
25.032352,109.608671,2.468188,2.463581
27.531640,110.156086,2.470747,2.463069
30.031018,110.703149,2.473307,2.462046
32.530472,111.249933,2.476378,2.461022
35.029989,111.796511,2.478937,2.459998
37.529554,112.342958,2.481496,2.458974
40.029154,112.889348,2.484567,2.458463
42.528774,113.435753,2.487127,2.457439
45.028400,113.982248,2.489686,2.456415
47.528018,114.528906,2.492245,2.455391
50.027615,115.075801,2.495316,2.454368
52.527176,115.623008,2.497876,2.453856
55.026687,116.170599,2.500435,2.452832
57.526117,116.718668,2.503506,2.451808
60.025415,117.267330,2.506066,2.450785
62.524529,117.816704,2.508625,2.449761
65.023405,118.366909,2.511184,2.449249
67.521992,118.918062,2.514255,2.448225
70.020235,119.470281,2.516815,2.447202
72.518082,120.023685,2.519374,2.446178
75.015481,120.578391,2.522445,2.445154
77.512377,121.134518,2.525004,2.444642
80.008721,121.692184,2.527564,2.443619
82.504417,122.251715,2.514255,2.449761
84.998776,122.816634,2.495316,2.458974
87.490633,123.392976,2.476378,2.467676
89.978814,123.986842,2.457439,2.476890
92.462142,124.604332,2.438500,2.485591
94.939440,125.251548,2.439524,2.448225
97.407465,125.937771,2.500947,2.271122
99.854512,126.685278,2.547526,2.105279
102.266711,127.519669,2.349948,2.121147
104.630199,128.466543,2.151859,2.137015
106.931105,129.551501,2.215841,2.146228
109.158673,130.793643,2.302345,2.154418
111.325592,132.163072,2.388850,2.163119
113.455243,133.607548,2.410860,2.206116
115.571064,135.074714,2.347389,2.295179
117.696488,136.512212,2.283918,2.384243
119.854900,137.867835,2.220960,2.473818
122.057478,139.123165,2.240922,2.432358
124.287708,140.336455,2.282383,2.358138
126.525666,141.575049,2.323332,2.284430
128.767815,142.846642,2.364792,2.210211
131.032247,144.080214,2.342270,2.229149
133.337708,145.202277,2.296715,2.282383
135.690322,146.184060,2.217888,2.371446
138.086347,147.031749,2.098625,2.504018
140.521776,147.752463,2.205092,2.403182
142.992601,148.353322,2.307464,2.306440
145.494818,148.841444,2.280335,2.342270
148.023934,149.223717,2.261908,2.374006
150.573487,149.506078,2.314630,2.372470
153.136517,149.694229,2.367352,2.370935
155.706060,149.793868,2.372470,2.379636
158.275155,149.810697,2.326915,2.399087
160.837383,149.750039,2.281359,2.418026
163.390386,149.614418,2.238875,2.435429
165.933651,149.405084,2.208163,2.445666
168.466675,149.123281,2.177452,2.456415
170.988954,148.770252,2.146740,2.466652
173.499984,148.347242,2.126777,2.453344
175.999262,147.855492,2.129849,2.389873
178.486283,147.296250,2.132920,2.326915
180.960545,146.670757,2.135991,2.263956
183.421542,145.980257,2.139574,2.208675
185.868771,145.225995,2.150323,2.201509
188.301889,144.409836,2.160560,2.193831
190.722941,143.543065,2.170797,2.186665
193.135839,142.644285,2.181035,2.179499
195.544542,141.732290,2.188712,2.222495
197.953007,140.825875,2.193319,2.316166
200.365193,139.943833,2.195879,2.384243
202.785058,139.104959,2.185641,2.315654
205.216561,138.328047,2.175916,2.247064
207.663659,137.631891,2.169262,2.172845
210.130313,137.035286,2.170286,2.085829
212.620479,136.557025,2.174380,2.022358
215.137226,136.212829,2.182570,1.990111
217.676987,135.995513,2.311047,1.997277
220.233200,135.887548,2.372982,2.031060
222.799289,135.871357,2.307464,2.100161
225.368676,135.929363,2.241946,2.169774
227.934796,136.043999,2.195879,2.199973
230.493435,136.200284,2.154418,2.221471
233.045670,136.389036,2.112957,2.242970
235.593293,136.601868,2.102720,2.241946
238.138097,136.830391,2.112957,2.226078
240.681878,137.066214,2.123194,2.210722
243.226359,137.301264,2.133432,2.194855
245.772208,137.532228,2.143157,2.178987
248.319277,137.759480,2.153394,2.163119
250.867394,137.983490,2.163631,2.147252
253.416390,138.204730,2.173357,2.131384
255.966095,138.423668,2.183594,2.116028
258.516337,138.640775,2.189736,2.111422
261.066947,138.856522,2.192807,2.116540
263.617753,139.071377,2.195879,2.122171
266.168587,139.285813,2.198950,2.127801
268.719276,139.500298,2.201509,2.133432
271.269668,139.715263,2.204580,2.139062
273.819735,139.930828,2.207651,2.144693
276.369506,140.146977,2.210211,2.149811
278.919009,140.363694,2.213282,2.155442
281.468275,140.580959,2.216353,2.161072
284.017332,140.798758,2.218912,2.166702
286.566209,141.017073,2.221983,2.172333
289.114935,141.235885,2.225055,2.177963
291.663538,141.455179,2.227614,2.183594
294.212050,141.674937,2.230685,2.188712
296.760499,141.895141,2.233756,2.194343
299.308913,142.115774,2.236315,2.199973
301.857321,142.336821,2.239387,2.205604
304.405754,142.558262,2.242458,2.211234
306.954240,142.780081,2.245529,2.216865
309.502807,143.002261,2.248088,2.222495
312.051486,143.224785,2.251159,2.227614
314.600306,143.447634,2.254231,2.233244
317.149294,143.670793,2.256790,2.238875
319.698482,143.894244,2.259861,2.244505
322.247896,144.117969,2.262932,2.250136
324.797568,144.341952,2.265491,2.255766
327.347504,144.565906,2.264468,2.259861
329.897663,144.788954,2.253719,2.260373
332.447998,145.010135,2.243481,2.260885
334.998460,145.228488,2.233244,2.261908
337.549003,145.443053,2.223007,2.262420
340.099579,145.652870,2.212258,2.263444
342.650141,145.856978,2.202021,2.263956
345.200641,146.054417,2.191784,2.264468
347.751031,146.244227,2.181546,2.265491
350.301264,146.425446,2.170797,2.266003
352.851293,146.597116,2.160560,2.267027
355.401190,146.757342,2.140598,2.327938
357.951518,146.900477,2.116028,2.416490
360.502961,147.019932,2.113981,2.454368
363.056202,147.109115,2.149811,2.402158
365.611925,147.161435,2.186153,2.349948
368.170787,147.170377,2.222495,2.297739
370.732313,147.132343,2.256278,2.269586
373.294553,147.047545,2.287501,2.264980
375.855462,146.916448,2.319237,2.260885
378.412993,146.739521,2.350460,2.256790
380.965100,146.517235,2.382195,2.252183
383.510482,146.250977,2.320260,2.305417
386.049493,145.944192,2.253719,2.361209
388.582713,145.600602,2.187689,2.416490
391.110721,145.223929,2.121659,2.472283
393.634099,144.817897,2.091971,2.494293
396.153425,144.386226,2.139574,2.445666
398.669281,143.932640,2.187177,2.397551
401.182246,143.460861,2.234268,2.349436
403.692900,142.974612,2.272657,2.314630
406.201824,142.477616,2.282383,2.321796
408.709597,141.973594,2.292108,2.328962
411.216713,141.465706,2.301833,2.336128
413.723320,140.954859,2.311559,2.343294
416.229478,140.441389,2.321284,2.350460
418.735248,139.925636,2.331009,2.357114
421.240691,139.407939,2.340735,2.364280
423.745867,138.888637,2.350460,2.371446
426.250836,138.368068,2.360185,2.378612
428.755660,137.846572,2.369911,2.385778
431.260399,137.324485,2.379636,2.392945
433.765114,136.802150,2.389362,2.400111
436.269864,136.279902,2.399087,2.407277
438.774694,135.757982,2.408812,2.413931
441.279604,135.236407,2.418538,2.421097
443.784592,134.715164,2.424680,2.425704
446.289655,134.194242,2.426215,2.427239
448.794790,133.673625,2.427751,2.428775
451.299993,133.153305,2.429287,2.430310
453.805262,132.633266,2.431334,2.431846
456.310593,132.113497,2.432870,2.433381
458.815984,131.593985,2.434405,2.434917
461.321431,131.074718,2.435941,2.436453
463.826930,130.555682,2.437476,2.437988
466.332480,130.036866,2.439012,2.439524
468.838076,129.518257,2.440547,2.441059
471.343716,128.999842,2.442083,2.442595
473.849397,128.481609,2.443619,2.444131
476.355115,127.963545,2.445154,2.445666
478.860867,127.445637,2.446690,2.447202
481.366651,126.927874,2.448737,2.448737
483.872463,126.410242,2.450273,2.450273
486.378300,125.892730,2.451808,2.451808
488.884159,125.375323,2.453344,2.453344
491.390037,124.858010,2.454880,2.454880
493.895931,124.340779,2.456415,2.456415
496.401837,123.823617,2.457951,2.457951
498.907752,123.306510,2.459486,2.459486
501.413674,122.789447,2.461022,2.461022
503.919599,122.272415,2.462557,2.462557
506.425525,121.755402,2.464605,2.464093
508.931447,121.238395,2.466140,2.465629
511.437363,120.721381,2.467676,2.467164
513.943271,120.204348,2.469212,2.468700
516.449166,119.687283,2.470747,2.470235
518.955045,119.170174,2.472283,2.471771
521.460907,118.653009,2.473818,2.473307
523.966745,118.135773,2.475354,2.474842
526.472560,117.618457,2.476890,2.476378
528.978347,117.101045,2.478425,2.477913
531.484103,116.583526,2.480473,2.479449
533.989825,116.065888,2.482008,2.480984
536.495510,115.548117,2.483544,2.482520
539.001154,115.030202,2.485079,2.484056
541.506755,114.512130,2.486615,2.485591
544.012310,113.993888,2.488150,2.487127
546.517815,113.475464,2.489686,2.488662
549.023270,112.956855,2.491222,2.490198
551.528677,112.438069,2.492757,2.491733
554.034037,111.919107,2.494293,2.493269
556.539352,111.399978,2.495828,2.494805
559.044624,110.880684,2.497876,2.496340
561.549854,110.361233,2.499411,2.497876
564.055043,109.841629,2.500947,2.499411
566.560193,109.321877,2.502483,2.500947
569.065307,108.801983,2.504018,2.502483
571.570385,108.281951,2.505554,2.504018
574.075429,107.761787,2.507089,2.505554
576.580441,107.241496,2.508113,2.506066
579.085421,106.721084,2.509137,2.505554
581.590373,106.200555,2.509649,2.505042
584.095298,105.679915,2.510160,2.504530
586.600196,105.159169,2.510672,2.504530
589.105069,104.638322,2.511696,2.504018
591.609920,104.117380,2.512208,2.503506
594.114750,103.596347,2.512720,2.502994
596.619560,103.075230,2.513232,2.502483
599.124352,102.554032,2.513743,2.501971
601.629128,102.032760,2.514767,2.501459
604.133889,101.511418,2.515279,2.500947
606.638637,100.990012,2.515791,2.500435
609.143373,100.468547,2.516303,2.499923
611.648099,99.947028,2.517326,2.499923
614.152817,99.425460,2.517838,2.499411
616.657527,98.903849,2.518350,2.498900
619.162233,98.382201,2.518862,2.498388
621.666935,97.860518,2.519886,2.497876
624.171635,97.338809,2.520398,2.497364
626.676334,96.817077,2.520909,2.496852
629.181035,96.295328,2.521421,2.496340
631.685738,95.773567,2.522445,2.495828
634.190446,95.251798,2.522957,2.495316
636.695159,94.730028,2.523469,2.495316
639.199880,94.208262,2.523981,2.494805
641.704610,93.686505,2.524492,2.494293
644.209351,93.164762,2.525516,2.493781
646.714104,92.643038,2.526028,2.493269
649.218870,92.121338,2.526540,2.492757
651.723653,91.599668,2.527052,2.492245
654.228452,91.078034,2.528076,2.491733
656.733270,90.556439,2.528587,2.491222
659.238109,90.034890,2.529099,2.490710
661.742969,89.513391,2.529611,2.490710
664.247853,88.991948,2.530635,2.490198
666.752761,88.470567,2.531147,2.489686
669.257697,87.949251,2.531659,2.489174
671.762661,87.428007,2.532170,2.488662
674.267655,86.906839,2.533194,2.488150
676.772679,86.385754,2.533706,2.487639
679.277737,85.864756,2.534218,2.487127
681.782830,85.343850,2.534730,2.486615
684.287958,84.823041,2.535242,2.486103
686.793125,84.302336,2.536265,2.485591
689.298331,83.781738,2.536777,2.485591
691.803578,83.261254,2.537289,2.485079
694.308867,82.740888,2.537801,2.484567
696.814202,82.220646,2.538825,2.484056
699.319581,81.700532,2.539336,2.483544
701.825007,81.180553,2.539848,2.483032
704.330484,80.660713,2.540360,2.482520
706.836010,80.141018,2.541384,2.482008
709.341589,79.621473,2.541896,2.481496
711.847221,79.102082,2.542408,2.480984
714.352908,78.582852,2.542919,2.480984
716.858653,78.063786,2.543943,2.480473
719.364456,77.544892,2.544455,2.479961
721.870319,77.026174,2.544967,2.479449
724.376244,76.507636,2.545479,2.478937
726.882232,75.989285,2.545991,2.478425
729.388285,75.471126,2.547014,2.477913
731.894405,74.953163,2.547526,2.477401
734.400593,74.435403,2.548038,2.476890
736.906850,73.917849,2.548550,2.476378
739.413179,73.400508,2.549574,2.476378
741.919581,72.883385,2.550085,2.475866
744.426057,72.366483,2.550597,2.475354
746.932610,71.849811,2.549574,2.465629
749.439239,71.333372,2.547526,2.451297
751.945948,70.817171,2.545479,2.436453
754.452738,70.301214,2.543943,2.422121
756.959611,69.785505,2.543943,2.423656
759.466567,69.270052,2.547526,2.448225
761.973609,68.754857,2.550597,2.472283
764.480739,68.239927,2.553668,2.496340
766.986259,67.719990,2.482520,2.490198
769.481678,67.168669,2.410860,2.484056
771.956810,66.554309,2.339711,2.478425
774.401465,65.845256,2.364792,2.584892
776.805455,65.009855,2.392945,2.657576
779.158211,64.016653,2.407788,2.711833
781.434477,62.842003,2.435941,2.744592
783.589938,61.472375,2.497876,2.668837
785.579012,59.894919,2.554692,2.671908
787.356114,58.096782,2.598200,2.625841
788.875662,56.065113,2.607926,2.566465
790.100477,53.797076,2.560323,2.507601
791.054574,51.362767,2.454368,2.530123
791.789033,48.864533,2.347901,2.466140
792.342789,46.381292,2.241434,2.346365
792.706664,43.899499,2.197926,2.407788
792.860022,41.383062,2.272146,2.256790
792.846183,38.817851,2.317701,2.198438
792.847961,36.237650,2.354555,2.168750
793.063760,33.682309,2.277264,2.215329
793.588363,31.182428,2.191272,2.269074
794.384866,28.756857,2.357114,2.174892
795.411998,26.421986,2.365816,2.173869
796.644655,24.187599,2.281359,2.227614
798.061699,22.061894,2.241434,2.226078
799.648223,20.057511,2.259349,2.212258
801.402845,18.196741,2.284430,2.196390
803.325752,16.503391,2.240410,2.195879
805.409652,15.010319,2.191784,2.205092
807.637801,13.761816,2.276752,2.171309
809.991768,12.796807,2.180523,2.195367
812.437660,12.067117,2.187177,2.187177
814.930054,11.459600,2.212258,2.155953
817.427464,10.870064,2.225566,2.154930
819.918334,10.268986,2.235804,2.161072
822.404065,9.659173,2.246553,2.167214
824.886110,9.043557,2.256790,2.173357
827.365922,8.425072,2.267539,2.179499
829.844956,7.806654,2.277776,2.185641
832.324662,7.191237,2.288525,2.191272
834.806495,6.581753,2.298762,2.197414
837.291909,5.981138,2.309511,2.203556
839.782355,5.392327,2.319749,2.209699
842.279287,4.818251,2.330498,2.215841
844.782605,4.257741,2.340735,2.221983
847.286221,3.693798,2.351484,2.228126
849.782605,3.105615,2.361721,2.234268
852.264227,2.472382,2.357626,2.254231
854.723557,1.773290,2.272146,2.349948
857.152970,0.987575,2.186153,2.445666
859.541408,0.095976,2.143157,2.497364
861.873501,-0.918869,2.191784,2.452832
864.133602,-2.074204,2.218912,2.385778
866.306064,-3.387271,2.220448,2.290061
868.375242,-4.875311,2.288013,2.257302
870.324025,-6.552224,2.268563,2.285454
872.124964,-8.408284,2.237339,2.229149
873.746161,-10.423599,2.262420,2.135479
875.155696,-12.578237,2.260885,2.147252
876.321656,-14.852266,2.145716,2.175916
877.212331,-17.225746,2.040785,2.332545
877.832373,-19.677116,2.149811,2.413419
878.263918,-22.181374,2.246041,2.402158
878.598170,-24.713313,2.306440,2.379636
878.895599,-27.256073,2.367352,2.356602
879.178586,-29.803141,2.392945,2.336128
879.463576,-32.349695,2.399599,2.316166
879.753469,-34.894892,2.405741,2.296715
880.047961,-37.438828,2.408300,2.284430
880.346748,-39.981598,2.402158,2.288013
880.649524,-42.523299,2.396528,2.291596
880.955985,-45.064029,2.390385,2.295179
881.265826,-47.603882,2.384755,2.298762
881.578742,-50.142957,2.378612,2.302345
881.894429,-52.681349,2.372982,2.305928
882.212582,-55.219155,2.366840,2.309511
882.532895,-57.756472,2.361209,2.313094
882.855065,-60.293395,2.355067,2.316677
883.178785,-62.830022,2.349436,2.320260
883.503753,-65.366448,2.343294,2.323843
883.829662,-67.902770,2.337664,2.327938
884.156209,-70.439086,2.331521,2.331521
884.483087,-72.975491,2.325891,2.335104
884.809993,-75.512081,2.319749,2.338687
885.136622,-78.048953,2.314118,2.342270
885.462668,-80.586205,2.307976,2.345853
885.787827,-83.123931,2.302345,2.349436
886.111801,-85.662228,2.296203,2.353019
886.434479,-88.201111,2.290573,2.356602
886.755991,-90.740506,2.284430,2.360185
887.076476,-93.280328,2.278800,2.363769
887.396080,-95.820496,2.272657,2.367352
887.714942,-98.360928,2.267027,2.370935
888.033206,-100.901539,2.260885,2.374518
888.351013,-103.442249,2.255254,2.378612
888.668507,-105.982974,2.249112,2.382195
888.985829,-108.523632,2.243481,2.385778
889.303121,-111.064140,2.237339,2.389362
889.620526,-113.604415,2.231709,2.392945
889.938185,-116.144376,2.225566,2.396528
890.256242,-118.683939,2.219936,2.400111
890.574837,-121.223022,2.213794,2.403694
890.894115,-123.761542,2.207651,2.407277
891.214215,-126.299417,2.202021,2.410860
891.535282,-128.836565,2.195879,2.414443
891.857457,-131.372902,2.190248,2.418026
892.180882,-133.908345,2.184106,2.421609
892.505699,-136.442815,2.178475,2.425192
892.832051,-138.976225,2.172333,2.429287
893.160067,-141.508506,2.166702,2.432870
893.489367,-144.039970,2.160560,2.436453
893.818951,-146.571411,2.154930,2.440036
894.147777,-149.103648,2.148787,2.443619
894.474806,-151.637500,2.143157,2.447202
894.798997,-154.173791,2.137015,2.450785
895.119308,-156.713340,2.131384,2.454368
895.434699,-159.256967,2.125242,2.457951
895.744130,-161.805495,2.119611,2.461534
896.046559,-164.359742,2.113469,2.465117
896.340947,-166.920531,2.107839,2.468700
896.626116,-169.488647,2.101696,2.472283
896.877953,-172.059013,2.096066,2.475866
897.023723,-174.614132,2.214817,2.383731
896.984491,-177.134918,2.403694,2.237851
896.681322,-179.602286,2.298250,2.363769
896.035283,-181.997152,2.164143,2.510160
894.976988,-184.300950,2.191784,2.428263
893.567760,-186.502220,2.206628,2.383219
891.963649,-188.594652,2.205092,2.386802
890.301638,-190.570915,2.292108,2.300810
888.573405,-192.415898,2.447714,2.145204
886.710818,-194.111208,2.295691,2.311559
884.685001,-195.637891,2.080198,2.544455
882.515166,-196.976323,2.117052,2.439012
880.223436,-198.106837,2.193319,2.320260
877.831933,-199.009767,2.288525,2.227102
875.362780,-199.665448,2.283918,2.229149
872.838707,-200.056263,2.195367,2.302857
870.286551,-200.178416,2.113469,2.369399
867.734845,-200.033836,2.147764,2.327426
865.212128,-199.624467,2.177963,2.295179
862.746938,-198.952252,2.196390,2.295691
860.367801,-198.019176,2.204580,2.302857
858.101266,-196.833011,2.168238,2.339199
855.969824,-195.413420,2.139062,2.345853
853.995467,-193.781524,2.144693,2.312071
852.200188,-191.958447,2.261908,2.202533
850.605980,-189.965309,2.222495,2.235804
849.233217,-187.823387,2.183082,2.275217
848.080979,-185.555990,2.183082,2.294156
847.133329,-183.187860,2.190248,2.301833
846.374015,-180.743770,2.199973,2.304905
845.786784,-178.248494,2.117052,2.433893
845.355219,-175.726491,2.121659,2.451808
845.057741,-173.192299,2.329474,2.205604
844.866645,-170.648689,2.383731,2.134455
844.753871,-168.097751,2.332545,2.184106
844.691358,-165.541578,2.338176,2.188201
844.651047,-162.982259,2.345342,2.190760
844.607491,-160.421738,2.351996,2.193831
844.552406,-157.860997,2.359162,2.196902
844.484429,-155.300628,2.365816,2.199462
844.402220,-152.741225,2.372982,2.202533
844.304439,-150.183378,2.380148,2.205604
844.189890,-147.627632,2.386802,2.208163
844.059290,-145.073916,2.393968,2.211234
843.914693,-142.521724,2.400622,2.213794
843.758175,-139.970546,2.391409,2.229149
843.591816,-137.419869,2.379124,2.246553
843.417693,-134.869181,2.366328,2.263956
843.237885,-132.317971,2.353531,2.281871
843.054471,-129.765725,2.340735,2.299274
842.869528,-127.211933,2.327938,2.316677
842.685137,-124.656082,2.303369,2.324355
842.503374,-122.097659,2.272146,2.326403
842.321528,-119.537392,2.240410,2.328450
842.105441,-116.984135,2.231197,2.309000
841.808272,-114.450024,2.290573,2.224031
841.383144,-111.947200,2.349948,2.139062
840.783181,-109.487809,2.389362,2.160560
839.961655,-107.084037,2.407788,2.183594
838.892071,-104.754040,2.387314,2.171309
837.588499,-102.527943,2.327426,2.255254
836.069848,-100.437298,2.260885,2.356602
834.355031,-98.513658,2.257814,2.320772
832.462957,-96.788576,2.286478,2.285454
830.412772,-95.291079,2.338687,2.253207
828.226646,-94.018002,2.435429,2.246553
825.928824,-92.943963,2.483544,2.202021
823.543597,-92.043136,2.459998,2.180523
821.095255,-91.289701,2.361721,2.242970
818.608087,-90.657833,2.300810,2.276240
816.102420,-90.122685,2.264980,2.289549
813.584660,-89.662834,2.280335,2.316677
811.058161,-89.257609,2.307464,2.347901
808.526275,-88.886337,2.334081,2.378612
805.992355,-88.528349,2.361209,2.409324
803.459399,-88.165163,2.387826,2.440036
800.928093,-87.792402,2.414954,2.471259
798.398216,-87.411279,2.441571,2.501971
795.869541,-87.023017,2.468700,2.532682
793.341840,-86.628843,2.495828,2.563394
790.814889,-86.229983,2.522445,2.594105
788.288463,-85.827660,2.549574,2.625329
785.762333,-85.423101,2.576190,2.656040
783.236274,-85.017530,2.603319,2.686752
780.710062,-84.612173,2.629936,2.717464
778.183468,-84.208256,2.657064,2.748175
775.656296,-83.806847,2.683681,2.779399
773.128730,-83.407052,2.710809,2.810110
770.601209,-83.006625,2.735379,2.837751
768.074179,-82.603294,2.754318,2.856689
765.548085,-82.194790,2.772744,2.875116
763.023375,-81.778839,2.791683,2.894055
760.500492,-81.353172,2.810110,2.912994
757.979885,-80.915517,2.829049,2.931933
755.461997,-80.463602,2.847476,2.950872
752.947275,-79.995157,2.866415,2.969811
750.436165,-79.507909,2.868974,2.982607
747.929070,-78.999886,2.845940,2.986702
745.426116,-78.471030,2.823419,2.990285
742.927324,-77.922037,2.800385,2.993868
740.432711,-77.353610,2.777863,2.997451
737.942298,-76.766449,2.754829,3.001546
735.456099,-76.161254,2.732308,3.005129
732.974135,-75.538728,2.709786,3.008712
730.496425,-74.899570,2.676515,2.983119
728.022987,-74.244482,2.619187,2.885354
725.553838,-73.574163,2.561858,2.787588
723.088998,-72.889317,2.504530,2.689823
720.628464,-72.190667,2.447202,2.592058
718.171971,-71.479270,2.389873,2.494293
715.719072,-70.756404,2.332545,2.396528
713.269319,-70.023353,2.275217,2.298250
710.822261,-69.281399,2.243993,2.246553
708.377450,-68.531826,2.246041,2.251671
705.934436,-67.775918,2.248088,2.256790
703.492770,-67.014957,2.249624,2.261397
701.052001,-66.250227,2.251671,2.266515
698.611683,-65.483011,2.253207,2.271122
696.171363,-64.714593,2.255254,2.276240
693.730645,-63.946125,2.256790,2.281359
691.289458,-63.177929,2.258837,2.285966
688.847861,-62.409995,2.260885,2.291084
686.405917,-61.642310,2.262420,2.295691
683.963685,-60.874866,2.264468,2.300810
681.521225,-60.107651,2.266003,2.305417
679.078597,-59.340655,2.268051,2.310535
676.635863,-58.573869,2.269586,2.315654
674.193081,-57.807278,2.271634,2.320260
671.750313,-57.040876,2.273169,2.325379
669.307620,-56.274650,2.275217,2.329986
666.865060,-55.508590,2.277264,2.335104
664.422695,-54.742685,2.278800,2.340223
661.980584,-53.976925,2.280847,2.344830
659.538790,-53.211299,2.282383,2.349948
657.097370,-52.445797,2.284430,2.354555
654.656386,-51.680407,2.285966,2.359674
652.215898,-50.915120,2.288013,2.364280
649.775968,-50.149925,2.286990,2.368375
647.336653,-49.384811,2.279312,2.368887
644.898016,-48.619767,2.271122,2.369911
642.460116,-47.854781,2.263444,2.370423
640.022967,-47.089563,2.255254,2.370935
637.586492,-46.323271,2.247576,2.371958
635.150603,-45.555001,2.239387,2.372470
632.715213,-44.783850,2.231709,2.373494
630.280235,-44.008913,2.224031,2.374006
627.845580,-43.229286,2.215841,2.375029
625.411160,-42.444064,2.208163,2.375541
622.976889,-41.652344,2.199973,2.376053
620.542679,-40.853221,2.192295,2.377077
618.108442,-40.045790,2.184106,2.377589
615.674090,-39.229148,2.176428,2.378612
613.239226,-38.404881,2.168238,2.379124
610.802367,-37.583287,2.160560,2.380148
608.361794,-36.776579,2.152370,2.380660
605.915785,-35.996964,2.149811,2.370423
603.462622,-35.256652,2.173357,2.303881
601.000584,-34.567851,2.196902,2.237339
598.527950,-33.942773,2.247064,2.187689
596.043001,-33.393626,2.317189,2.150323
593.544018,-32.932618,2.387826,2.113469
591.029279,-32.571960,2.390897,2.094530
588.497089,-32.323834,2.363257,2.084293
585.948829,-32.197086,2.344318,2.089412
583.391934,-32.194001,2.359162,2.153394
580.834544,-32.316096,2.372470,2.215329
578.284798,-32.564891,2.368887,2.238363
575.750837,-32.941903,2.364792,2.260885
573.240800,-33.448652,2.375541,2.263956
570.762827,-34.086656,2.408300,2.234268
568.325058,-34.857433,2.441571,2.205092
565.935633,-35.762503,2.298762,2.316166
563.602692,-36.803383,2.180523,2.405741
561.334374,-37.981591,2.305928,2.290061
559.134228,-39.290958,2.374006,2.208675
556.989907,-40.698694,2.350972,2.181546
554.885777,-42.166475,2.327426,2.154418
552.824149,-43.682524,2.294156,2.172333
550.842259,-45.286736,2.257814,2.205092
548.980691,-47.023905,2.269586,2.192295
547.259953,-48.907728,2.337664,2.126266
545.677671,-50.916446,2.311047,2.203045
544.227305,-53.025303,2.251671,2.315142
542.866458,-55.196463,2.254231,2.290061
541.528846,-57.383438,2.256278,2.265491
540.171245,-59.555904,2.258837,2.240410
538.795915,-61.715113,2.261397,2.215841
537.410313,-63.865926,2.263956,2.191272
536.021899,-66.013205,2.266003,2.166191
534.638128,-68.161812,2.268563,2.141621
533.266460,-70.316609,2.271122,2.116540
531.914353,-72.482458,2.273169,2.091971
530.589264,-74.664220,2.275729,2.066890
529.298652,-76.866758,2.278288,2.042321
528.049975,-79.094934,2.348413,2.195879
526.850691,-81.353608,2.324355,2.163631
525.707672,-83.646291,2.300298,2.131384
524.625783,-85.971855,2.276240,2.099649
523.609461,-88.328184,2.254742,2.092483
522.663141,-90.713158,2.239387,2.140086
521.791261,-93.124661,2.224031,2.187689
520.998255,-95.560574,2.225566,2.198438
520.288558,-98.018779,2.232221,2.199973
519.666610,-100.497159,2.238363,2.200997
519.136843,-102.993594,2.292620,2.145716
518.703696,-105.505968,2.346877,2.090435
518.371576,-108.032160,2.401134,2.035155
518.141772,-110.569838,2.455391,1.979874
518.009552,-113.116257,2.392945,2.050510
517.969496,-115.668625,2.325891,2.126266
518.016186,-118.224151,2.273681,2.194343
518.144203,-120.780045,2.245529,2.249624
518.348469,-123.333477,2.217377,2.305417
518.628065,-125.881168,2.286478,2.242970
518.984846,-128.419534,2.376565,2.154418
519.420720,-130.944987,2.318725,2.248600
519.937593,-133.453941,2.205604,2.410860
520.537315,-135.942831,2.213282,2.395504
521.220068,-138.408768,2.245529,2.342270
521.984164,-140.849622,2.282383,2.280847
522.827814,-143.263307,2.326915,2.202021
523.749230,-145.647735,2.371958,2.123194
524.746620,-148.000815,2.388850,2.122683
525.818198,-150.320462,2.399599,2.138038
526.962173,-152.604585,2.410860,2.152882
528.176757,-154.851098,2.396016,2.124730
529.460160,-157.057912,2.377589,2.091459
530.810595,-159.222938,2.358138,2.070985
532.226028,-161.344410,2.330498,2.120123
533.701487,-163.424433,2.302345,2.169774
535.230054,-165.467678,2.274705,2.218912
536.804774,-167.478862,2.265491,2.234268
538.418693,-169.462705,2.263444,2.236827
540.064857,-171.423925,2.261397,2.239387
541.736311,-173.367240,2.259349,2.241946
543.426100,-175.297369,2.257302,2.245017
545.127270,-177.219029,2.254742,2.247576
546.832867,-179.136938,2.252695,2.250136
548.535937,-181.055815,2.250648,2.252695
550.229662,-182.980286,2.248600,2.255254
551.911128,-184.912388,2.246553,2.257814
553.581793,-186.851252,2.243993,2.260885
555.243344,-188.795858,2.241946,2.263444
556.897469,-190.745188,2.239898,2.266003
558.545856,-192.698219,2.237851,2.268563
560.190192,-194.653932,2.235804,2.271122
561.832166,-196.611307,2.233756,2.273681
563.473465,-198.569323,2.231197,2.276752
565.115777,-200.526961,2.230173,2.278288
566.760789,-202.483199,2.231197,2.278800
568.410076,-204.437086,2.232732,2.279312
570.063838,-206.388482,2.233756,2.279824
571.721367,-208.337788,2.235292,2.280335
573.381937,-210.285413,2.236315,2.280847
575.044825,-212.231768,2.237339,2.281359
576.709304,-214.177262,2.238875,2.281871
578.374650,-216.122306,2.239898,2.282383
580.040137,-218.067310,2.240922,2.282895
581.705042,-220.012682,2.242458,2.282895
583.368639,-221.958835,2.243481,2.283407
585.030203,-223.906176,2.245017,2.283918
586.689030,-225.855105,2.246041,2.284430
588.344985,-227.805693,2.247064,2.284942
589.998571,-229.757643,2.248600,2.285454
591.650327,-231.710641,2.249624,2.285966
593.300791,-233.664369,2.250648,2.286478
594.950500,-235.618514,2.252183,2.286990
596.599992,-237.572761,2.253207,2.287501
598.249805,-239.526792,2.254231,2.287501
599.900477,-241.480295,2.255766,2.288013
601.552544,-243.432953,2.256790,2.288525
603.206546,-245.384449,2.258325,2.289037
604.862964,-247.334503,2.259349,2.289549
606.521611,-249.283236,2.260373,2.290061
608.181857,-251.231033,2.261908,2.290573
609.843061,-253.178285,2.262932,2.291084
611.504584,-255.125386,2.263956,2.291596
613.165789,-257.072725,2.265491,2.292108
614.826036,-259.020693,2.266515,2.292108
616.484687,-260.969683,2.268051,2.292620
618.141102,-262.920085,2.269074,2.293132
619.794643,-264.872292,2.270098,2.293644
621.444671,-266.826694,2.271634,2.294156
623.090619,-268.783635,2.272657,2.294667
624.734000,-270.742096,2.273681,2.295179
626.378650,-272.699538,2.275217,2.295691
628.028526,-274.653339,2.276240,2.296203
629.687588,-276.600877,2.277264,2.296715
631.359794,-278.539531,2.278800,2.296715
633.046521,-280.468526,2.285454,2.238875
634.733206,-282.398473,2.292620,2.174892
636.399212,-284.344328,2.291084,2.235804
638.023890,-286.321053,2.234780,2.285454
639.586592,-288.343611,2.171309,2.293644
641.067024,-290.426226,2.105791,2.245529
642.449180,-292.574251,2.040273,2.183594
643.719878,-294.787183,1.987040,2.187689
644.865989,-297.064414,1.937389,2.209699
645.874383,-299.405337,1.887739,2.231709
646.731930,-301.809343,1.915891,2.200485
647.427113,-304.272909,1.988063,2.139062
647.953787,-306.782781,2.060748,2.075591
648.306926,-309.323683,2.133943,2.009562
648.481507,-311.880338,2.122171,2.006490
648.472501,-314.437468,1.908725,2.151347
648.275891,-316.980373,1.815055,2.213282
647.893781,-319.497883,1.885691,2.162096
647.330588,-321.980155,1.953257,2.118588
646.590729,-324.417345,1.999836,2.126777
645.678622,-326.799616,2.045904,2.135479
644.598629,-329.117039,1.982433,2.180011
643.349062,-331.350881,1.897976,2.231197
641.916938,-333.465949,1.814031,2.282895
640.289584,-335.426921,1.913332,2.198950
638.496438,-337.244042,2.037202,2.098113
636.613045,-338.977435,2.136503,2.036178
634.699294,-340.674166,2.121659,2.163631
632.755831,-342.329982,2.106303,2.291084
630.771129,-343.930080,2.145716,2.336128
628.733663,-345.459664,2.207139,2.347389
626.631910,-346.903934,2.270098,2.329986
624.455195,-348.249194,2.334081,2.296715
622.216054,-349.511815,2.358650,2.277776
619.952402,-350.741045,2.362233,2.267027
617.703446,-351.987803,2.365816,2.255766
615.508392,-353.303012,2.360697,2.238875
613.406447,-354.737594,2.343294,2.212770
611.431879,-356.334562,2.325891,2.186665
609.589327,-358.089512,2.343806,2.146228
607.872431,-359.980430,2.364792,2.116028
606.274813,-361.985272,2.313094,2.154930
604.790097,-364.081999,2.267027,2.218400
603.412093,-366.248691,2.223519,2.292108
602.153980,-368.475778,2.274193,2.241946
601.064714,-370.776515,2.384243,2.112445
600.195454,-373.165782,2.437988,2.031060
599.552795,-375.635898,2.323843,2.089924
599.094951,-378.154695,2.209187,2.149299
598.787539,-380.694172,2.216353,2.163631
598.627834,-383.243704,2.251671,2.167726
598.619468,-385.796152,2.298762,2.144693
598.766071,-388.344383,2.353019,2.104767
599.071277,-390.881259,2.330498,2.152882
599.538824,-393.399345,2.252183,2.264980
600.175224,-395.883444,2.264980,2.279824
600.989953,-398.310067,2.370935,2.194855
601.988943,-400.658017,2.401134,2.167214
603.136590,-402.936490,2.351484,2.200485
604.371082,-405.173850,2.309511,2.229661
605.636919,-407.395687,2.305928,2.237339
606.917588,-409.609736,2.302345,2.245529
608.210595,-411.817310,2.298762,2.253207
609.513470,-414.019715,2.295179,2.261397
610.823737,-416.218257,2.292108,2.269074
612.138926,-418.414240,2.288525,2.277264
613.456563,-420.608971,2.284942,2.284942
614.774175,-422.803753,2.281359,2.293132
616.089288,-424.999893,2.277776,2.300810
617.399430,-427.198696,2.274705,2.309000
618.702129,-429.401466,2.271122,2.316677
619.995610,-431.609144,2.267539,2.324867
621.280315,-433.821508,2.263956,2.332545
622.557129,-436.038106,2.260373,2.340735
623.826932,-438.258486,2.257302,2.348413
625.090607,-440.482196,2.278288,2.360185
626.349037,-442.708786,2.303369,2.371958
627.603105,-444.937803,2.328962,2.384243
628.853693,-447.168794,2.354555,2.396016
630.101682,-449.401309,2.379636,2.408300
631.347957,-451.634896,2.405229,2.420073
632.593399,-453.869102,2.409836,2.417002
633.838891,-456.103477,2.385267,2.390897
635.085315,-458.337567,2.360697,2.365304
636.333554,-460.570922,2.336128,2.339711
637.584490,-462.803090,2.311559,2.314118
638.839006,-465.033618,2.286478,2.288013
640.097984,-467.262056,2.261908,2.262420
641.362307,-469.487951,2.237339,2.236827
642.632857,-471.710851,2.240922,2.221983
643.910517,-473.930306,2.255766,2.211746
645.196169,-476.145862,2.270098,2.201509
646.490694,-478.357069,2.284430,2.190760
647.790415,-480.565489,2.299274,2.180523
649.077184,-482.779075,2.313606,2.170286
650.329987,-485.007046,2.327938,2.159536
651.527809,-487.258622,2.216353,2.308488
652.649637,-489.543020,2.122683,2.442083
653.673354,-491.869643,2.067914,2.542919
654.548655,-494.252592,2.171821,2.435941
655.195340,-496.710945,2.288013,2.314118
655.537897,-499.258887,2.259861,2.369399
655.568429,-501.853905,2.221983,2.436453
655.320815,-504.418570,2.181035,2.477913
654.811976,-506.899420,2.136503,2.492245
654.027742,-509.286295,2.146740,2.451808
652.952564,-511.573639,2.286478,2.282383
651.615231,-513.760311,2.305417,2.271122
650.090634,-515.849757,2.240922,2.369911
648.448963,-517.841385,2.196902,2.393456
646.686191,-519.688465,2.158001,2.398063
644.752842,-521.316016,2.157489,2.368887
642.616296,-522.673042,2.161072,2.336128
640.341925,-523.845027,2.231197,2.274705
638.027182,-524.962246,2.305928,2.213794
635.721647,-526.090994,2.310023,2.210722
633.425796,-527.231924,2.313606,2.207651
631.137873,-528.382705,2.317701,2.205092
628.856119,-529.541006,2.321796,2.202021
626.578778,-530.704497,2.325379,2.198950
624.304091,-531.870847,2.329474,2.196390
622.030303,-533.037725,2.333569,2.193319
619.755654,-534.202799,2.337152,2.190248
617.478389,-535.363740,2.341247,2.187689
615.196751,-536.518218,2.345342,2.184618
612.909006,-537.663938,2.348925,2.181546
610.615529,-538.801822,2.353019,2.178987
608.320353,-539.938379,2.356602,2.175916
606.027880,-541.080677,2.360697,2.172845
603.742511,-542.235783,2.364792,2.170286
601.468647,-543.410765,2.368375,2.167214
599.209873,-544.611276,2.372470,2.164143
596.961078,-545.827861,2.376565,2.161584
594.711889,-547.041928,2.339199,2.224543
592.451858,-548.234754,2.280847,2.320772
590.170537,-549.387618,2.223007,2.417002
587.857701,-550.481853,2.213282,2.445666
585.508455,-551.500104,2.241434,2.421609
583.123358,-552.426360,2.269586,2.397551
580.703215,-553.244669,2.262420,2.405229
578.248833,-553.939080,2.234268,2.432358
575.761018,-554.493642,2.206116,2.459486
573.241550,-554.895540,2.284430,2.391921
570.697603,-555.149347,2.372982,2.315142
568.138214,-555.265631,2.314118,2.345853
565.572419,-555.254966,2.240410,2.387826
563.009253,-555.127923,2.209187,2.397039
560.457732,-554.895008,2.220448,2.374518
557.924928,-554.561005,2.231197,2.352508
555.414554,-554.120795,2.211234,2.357626
552.929990,-553.568271,2.166702,2.384755
550.474617,-552.897329,2.122683,2.411371
548.051812,-552.101864,2.138550,2.400111
545.665514,-551.176220,2.189736,2.365816
543.325540,-550.119503,2.240922,2.332033
541.045235,-548.933670,2.234268,2.296203
538.837988,-547.620717,2.224543,2.260885
536.717193,-546.182641,2.202021,2.240410
534.695581,-544.621854,2.159536,2.243481
532.770389,-542.950569,2.120635,2.252183
530.923177,-541.190913,2.104256,2.295179
529.134806,-539.365455,2.087876,2.338687
527.386140,-537.496760,2.094530,2.347389
525.658039,-535.607399,2.103232,2.353019
523.933873,-533.716903,2.112445,2.358650
522.210718,-531.828189,2.121147,2.364280
520.490324,-529.938519,2.129849,2.370423
518.774439,-528.045150,2.138550,2.376053
517.064815,-526.145338,2.147252,2.381684
515.363205,-524.236346,2.155953,2.387314
513.671564,-522.316005,2.164655,2.392945
511.992192,-520.383120,2.173357,2.398575
510.327423,-518.436589,2.182058,2.404205
508.679590,-516.475311,2.190760,2.410348
507.051027,-514.498185,2.194343,2.422121
505.444067,-512.504110,2.195367,2.436964
503.861045,-510.491985,2.196902,2.451297
502.304294,-508.460709,2.197926,2.466140
500.776147,-506.409180,2.225055,2.423656
499.278940,-504.336298,2.263444,2.356602
497.814945,-502.240999,2.301833,2.289037
496.385063,-500.123111,2.291084,2.283918
494.988804,-497.983362,2.272146,2.288525
493.625617,-495.822516,2.253719,2.293132
492.294951,-493.641340,2.243481,2.295691
490.996257,-491.440600,2.263956,2.292108
489.728983,-489.221061,2.284942,2.288013
488.492579,-486.983490,2.286990,2.279312
487.286494,-484.728653,2.269074,2.264980
486.110178,-482.457316,2.251159,2.250648
484.963080,-480.170245,2.233756,2.236315
483.844649,-477.868204,2.214817,2.226078
482.754335,-475.551963,2.186665,2.245529
481.691587,-473.222285,2.158001,2.264980
480.655855,-470.879937,2.129849,2.284430
479.646587,-468.525685,2.101696,2.304393
478.663234,-466.160295,2.085829,2.310023
477.705245,-463.784533,2.077639,2.307976
476.772068,-461.399164,2.069449,2.305928
475.863154,-459.004956,2.061259,2.303881
474.977952,-456.602673,2.053581,2.301833
474.115911,-454.193083,2.072008,2.311559
473.276213,-451.776947,2.090435,2.320772
472.456586,-449.355004,2.109374,2.330498
471.654263,-446.927987,2.127801,2.340223
470.866478,-444.496628,2.146228,2.349948
470.090461,-442.061659,2.164655,2.359162
469.323448,-439.623811,2.183594,2.368887
468.562671,-437.183818,2.202021,2.378612
467.805363,-434.742411,2.220448,2.387826
467.048756,-432.300322,2.239387,2.397551
466.290084,-429.858284,2.257814,2.407277
465.526580,-427.417028,2.276240,2.417002
464.755878,-424.977184,2.294667,2.426215
463.979791,-422.538313,2.305417,2.427751
463.202614,-420.099344,2.316166,2.429798
462.428674,-417.659194,2.326403,2.431334
461.662301,-415.216781,2.337152,2.433381
460.907820,-412.771026,2.347901,2.434917
460.169560,-410.320847,2.358650,2.436964
459.451850,-407.865163,2.360697,2.446690
458.759016,-405.402891,2.341247,2.476378
458.095387,-402.932951,2.322308,2.506066
457.465291,-400.454263,2.303369,2.536265
456.872544,-397.965963,2.283918,2.565953
456.318179,-395.468378,2.264980,2.595641
455.802289,-392.962239,2.269074,2.584892
455.324961,-390.448276,2.292108,2.540360
454.886286,-387.927220,2.315142,2.496340
454.486354,-385.399802,2.338176,2.451808
454.125254,-382.866753,2.361209,2.407788
453.803076,-380.328804,2.384755,2.363769
453.519910,-377.786685,2.372470,2.368887
453.275846,-375.241127,2.317189,2.434405
453.070972,-372.692861,2.261908,2.499923
452.904577,-370.142500,2.206628,2.564929
452.773556,-367.590310,2.226078,2.549574
452.674358,-365.036490,2.275729,2.501971
452.603434,-362.481242,2.324867,2.453856
452.557233,-359.924763,2.374006,2.406253
452.532203,-357.367255,2.409324,2.373494
452.524797,-354.808918,2.408300,2.380148
452.531462,-352.249950,2.407788,2.386290
452.548649,-349.690554,2.407277,2.392433
452.572807,-347.130928,2.406253,2.399087
452.600398,-344.571271,2.405741,2.405229
452.628828,-342.011716,2.404717,2.411371
452.657104,-339.452285,2.404205,2.418026
452.684391,-336.892989,2.403182,2.424168
452.709856,-334.333834,2.402670,2.430310
452.732662,-331.774833,2.402158,2.436964
452.751976,-329.215996,2.401134,2.443107
452.766961,-326.657330,2.400622,2.449249
452.776785,-324.098848,2.399599,2.455903
452.780611,-321.540559,2.406253,2.467676
452.777604,-318.982472,2.421097,2.486103
452.766930,-316.424597,2.435941,2.505042
452.748531,-313.866926,2.450785,2.523469
452.724658,-311.309393,2.465629,2.542408
452.697995,-308.751922,2.480473,2.560835
452.671222,-306.194436,2.495828,2.579773
452.647023,-303.636861,2.510672,2.598200
452.628079,-301.079120,2.525516,2.617139
452.617072,-298.521138,2.540360,2.635566
452.616685,-295.962837,2.555204,2.654505
452.629599,-293.404144,2.570048,2.672932
452.658498,-290.844980,2.585404,2.691871
452.706019,-288.285273,2.600248,2.710809
452.771484,-285.725070,2.586939,2.686240
452.848567,-283.164627,2.559299,2.638637
452.930395,-280.604219,2.531147,2.591546
453.010092,-278.044124,2.503506,2.543943
453.080785,-275.484616,2.475354,2.496852
453.135598,-272.925973,2.447202,2.449249
453.167658,-270.368470,2.419561,2.402158
453.170089,-267.812383,2.426215,2.355067
453.136019,-265.257989,2.477401,2.307976
453.058572,-262.705562,2.528587,2.260885
452.931048,-260.155389,2.579773,2.214305
452.750787,-257.607949,2.534730,2.288013
452.519176,-255.063922,2.471259,2.385778
452.237779,-252.523993,2.407788,2.483544
451.908163,-249.988850,2.398575,2.512720
451.531892,-247.459180,2.478937,2.430310
451.110530,-244.935667,2.559299,2.347901
450.645644,-242.419001,2.566977,2.333569
450.138797,-239.909867,2.526028,2.364280
449.591555,-237.408952,2.485079,2.394480
449.005483,-234.916943,2.458974,2.417002
448.382040,-232.434522,2.474330,2.416490
447.721611,-229.962329,2.489686,2.415978
447.023940,-227.500977,2.505042,2.415466
446.288765,-225.051079,2.520398,2.414443
445.515825,-222.613248,2.521421,2.404717
444.704858,-220.188098,2.517838,2.391921
443.855601,-217.776243,2.514255,2.379124
442.967794,-215.378294,2.510672,2.366328
442.041173,-212.994866,2.507089,2.353019
441.075478,-210.626572,2.495828,2.330498
440.070445,-208.274024,2.482520,2.305928
439.025757,-205.937889,2.469723,2.281359
437.939799,-203.620044,2.423656,2.316166
436.809658,-201.323574,2.366840,2.370423
435.632370,-199.051616,2.314118,2.421609
434.404964,-196.807309,2.339711,2.416490
433.124475,-194.593791,2.365816,2.410860
431.789211,-192.413336,2.431334,2.392433
430.404362,-190.263555,2.524492,2.364792
428.977431,-188.140492,2.618163,2.336640
427.515922,-186.040190,2.592058,2.337664
426.027342,-183.958691,2.549062,2.343294
424.518871,-181.892179,2.505554,2.348925
422.994358,-179.838268,2.462046,2.354555
421.455691,-177.795416,2.419049,2.359674
419.904734,-175.762092,2.375541,2.365304
418.343349,-173.736765,2.364792,2.368887
416.773400,-171.717903,2.365816,2.371958
415.196751,-169.703977,2.366840,2.375541
413.615263,-167.693454,2.367863,2.378612
412.030802,-165.684802,2.368887,2.381684
410.445230,-163.676492,2.370423,2.384755
408.860410,-161.666993,2.371446,2.387826
407.278154,-159.654818,2.372470,2.390897
405.699098,-157.639568,2.373494,2.393968
404.122703,-155.621915,2.374518,2.397551
402.548378,-153.602585,2.375541,2.400622
400.975537,-151.582297,2.376565,2.403694
399.403590,-149.561775,2.377589,2.406765
397.831948,-147.541741,2.378612,2.409836
396.260021,-145.522916,2.380148,2.412907
394.687221,-143.506023,2.381172,2.415978
393.112958,-141.491784,2.382195,2.419561
391.536644,-139.480921,2.382195,2.420585
389.957830,-137.473923,2.381172,2.419049
388.377517,-135.468887,2.380148,2.417002
386.797554,-133.462501,2.379124,2.415466
385.219803,-131.451435,2.377589,2.413419
383.646128,-129.432359,2.376565,2.411883
382.078386,-127.401949,2.375541,2.410348
380.515090,-125.361143,2.374518,2.408300
378.944841,-123.323507,2.372982,2.406765
377.354418,-121.304931,2.372982,2.399599
375.730598,-119.321307,2.377589,2.364792
374.060159,-117.388525,2.378101,2.334081
372.330204,-115.522034,2.366328,2.317189
370.535290,-113.727186,2.354555,2.299786
368.677392,-111.999285,2.393456,2.257814
366.758804,-110.333196,2.470747,2.196902
364.781823,-108.723785,2.482520,2.204068
362.748745,-107.165920,2.415466,2.292108
360.661854,-105.656930,2.360185,2.351996
358.523375,-104.207369,2.326915,2.358138
356.335511,-102.832224,2.306440,2.376053
354.100469,-101.546481,2.314118,2.416490
351.820452,-100.365130,2.324355,2.417514
349.497764,-99.301695,2.335616,2.395504
347.135722,-98.354728,2.363769,2.358650
344.738238,-97.514009,2.407277,2.309511
342.309232,-96.769207,2.450273,2.259861
339.852622,-96.109990,2.491733,2.251159
337.372327,-95.526027,2.533194,2.242458
334.872267,-95.006985,2.564929,2.237851
332.356362,-94.542534,2.528076,2.263956
329.828530,-94.122341,2.491222,2.290061
327.292689,-93.736076,2.454368,2.316677
324.752760,-93.373405,2.437476,2.329986
322.212179,-93.025104,2.433893,2.336128
319.671791,-92.687859,2.430310,2.341759
317.131582,-92.360328,2.426727,2.347389
314.591534,-92.041170,2.423144,2.353019
312.051633,-91.729045,2.419561,2.358650
309.511861,-91.422612,2.415978,2.364280
306.972202,-91.120530,2.412395,2.370423
304.432642,-90.821459,2.408812,2.376053
301.893162,-90.524056,2.405229,2.381684
299.353745,-90.226983,2.401646,2.387314
296.814378,-89.928898,2.398063,2.392945
294.275045,-89.628797,2.394480,2.398575
291.735733,-89.326665,2.390897,2.404717
289.196433,-89.022668,2.387314,2.410348
286.657134,-88.716971,2.383731,2.415978
284.117825,-88.409741,2.380148,2.421609
281.578496,-88.101142,2.376565,2.427239
279.039136,-87.791341,2.372982,2.432870
276.499734,-87.480504,2.369399,2.439012
273.960280,-87.168795,2.365816,2.444642
271.420764,-86.856382,2.362233,2.450273
268.881173,-86.543429,2.358650,2.455903
266.341499,-86.230102,2.355067,2.461534
263.801729,-85.916568,2.351484,2.467164
261.261855,-85.602991,2.347901,2.473307
258.721864,-85.289538,2.344318,2.478937
256.181746,-84.976374,2.340735,2.484567
253.641491,-84.663665,2.337152,2.490198
251.101088,-84.351577,2.333569,2.495828
248.560527,-84.040275,2.329986,2.501459
246.019797,-83.729926,2.326403,2.507089
243.478886,-83.420695,2.322820,2.513232
240.937784,-83.112747,2.319237,2.518862
238.396626,-82.805426,2.315654,2.524492
235.855963,-82.495669,2.312071,2.530123
233.316425,-82.179968,2.308488,2.535753
230.778643,-81.854818,2.304905,2.541384
228.243246,-81.516711,2.301322,2.547526
225.710865,-81.162143,2.297739,2.553157
223.182130,-80.787607,2.308488,2.561346
220.657672,-80.389597,2.346365,2.575678
218.138119,-79.964607,2.384243,2.589499
215.624102,-79.509131,2.422121,2.603831
213.116253,-79.019662,2.459998,2.617651
210.615137,-78.493319,2.499411,2.631983
208.120998,-77.930555,2.572095,2.651434
205.633964,-77.332936,2.644780,2.670884
203.154169,-76.702026,2.717464,2.689823
200.681741,-76.039391,2.790148,2.709274
198.216815,-75.346596,2.857201,2.729748
195.759519,-74.625206,2.834168,2.769673
193.309984,-73.876787,2.811646,2.809087
190.868342,-73.102903,2.788612,2.849012
188.434725,-72.305121,2.759436,2.873069
186.009263,-71.485004,2.729236,2.895591
183.591953,-70.644032,2.699037,2.918113
181.182402,-69.783423,2.692383,2.921696
178.780142,-68.904351,2.707738,2.906852
176.384708,-68.007989,2.723606,2.892008
173.995635,-67.095511,2.738962,2.877676
171.612456,-66.168089,2.753294,2.863344
169.234706,-65.226896,2.756877,2.852595
166.861917,-64.273105,2.760460,2.841846
164.493625,-63.307890,2.764043,2.831608
162.129364,-62.332425,2.768138,2.820859
159.768667,-61.347880,2.771721,2.810622
157.411067,-60.355432,2.775304,2.799873
155.056101,-59.356251,2.778887,2.789124
152.703301,-58.351512,2.782470,2.778887
150.352202,-57.342386,2.785541,2.769673
148.002337,-56.330048,2.785541,2.768650
145.653241,-55.315672,2.785029,2.767114
143.304447,-54.300428,2.785029,2.766090
140.955490,-53.285491,2.784517,2.764555
138.605904,-52.272035,2.784517,2.763531
136.255223,-51.261232,2.784005,2.761995
133.902980,-50.254254,2.784005,2.760972
131.548894,-49.251807,2.783494,2.759436
129.193221,-48.253223,2.783494,2.758412
126.836317,-47.257586,2.782982,2.757389
124.478536,-46.263976,2.782982,2.755853
122.120232,-45.271477,2.781958,2.755853
119.761762,-44.279169,2.777863,2.760460
117.403479,-43.286137,2.774280,2.765067
115.045738,-42.291461,2.770185,2.769161
112.688895,-41.294224,2.766602,2.773768
110.333305,-40.293508,2.762507,2.778375
107.979315,-39.288418,2.758924,2.782982
105.626741,-38.279755,2.754829,2.787077
103.274513,-37.271161,2.751246,2.791683
100.921474,-36.266548,2.747152,2.796290
98.566467,-35.269830,2.743568,2.800897
96.208334,-34.284919,2.735891,2.774280
93.851504,-33.304367,2.726677,2.733843
91.557190,-32.205213,2.703643,2.709786
89.419709,-30.797158,2.590522,2.792195
87.571476,-28.934977,2.688799,2.701596
86.344911,-26.717144,2.658600,2.870510
86.118447,-24.320926,2.719511,2.822907
86.847170,-21.886999,2.748687,2.910435
88.083106,-19.521158,2.899174,2.872557
89.401312,-17.316115,2.836215,2.886377
90.747376,-15.253599,2.767114,2.877164
92.271517,-13.254046,2.677027,2.787588
94.036021,-11.239804,2.587451,2.698013
95.651794,-9.146043,2.590011,2.601271
96.588972,-6.911994,2.822907,2.490710
96.529080,-4.520226,2.894055,2.569024
95.736204,-2.072699,2.695454,2.821371
94.568981,0.305936,2.722070,2.781446
93.088539,2.351935,2.871533,2.738962
90.966175,3.637585,2.902757,2.745616
88.479593,4.191936,2.975441,2.759948
85.943630,4.270000,2.876140,2.906852
83.386955,4.102256,3.002058,3.106989
80.826422,3.902191,3.120809,3.268737
78.267642,3.738663,3.130023,3.276415
75.710254,3.603728,3.139748,3.284092
73.153841,3.488730,3.149473,3.291770
70.597987,3.385017,3.158687,3.298936
68.042288,3.284162,3.168412,3.306614
65.486546,3.182148,3.177626,3.314292
62.930758,3.078946,3.187351,3.321970
60.374921,2.974663,3.196564,3.329136
57.819039,2.869412,3.206290,3.336814
55.263112,2.763304,3.216015,3.344492
52.707140,2.656449,3.225229,3.352170
50.151123,2.548959,3.234954,3.359336
47.595064,2.440944,3.244167,3.367014
45.038961,2.332515,3.253893,3.374692
42.482817,2.223784,3.263106,3.382370
39.926632,2.114860,3.272832,3.389536
37.370406,2.005856,3.282557,3.397213
34.814141,1.896881,3.291770,3.404891
32.257837,1.788048,3.301496,3.412569
29.701494,1.679466,3.310709,3.419735
27.145114,1.571246,3.320434,3.427413
24.588697,1.463501,3.330160,3.435091
22.032243,1.356339,3.339373,3.442769
19.475755,1.249874,3.349099,3.449935
16.919232,1.144215,3.358312,3.457613
14.362675,1.039473,3.368037,3.465291
11.806084,0.935755,3.377251,3.472969
9.249462,0.833093,3.386976,3.480135
6.692808,0.731449,3.396702,3.487813
4.136125,0.630783,3.405915,3.495491
1.579414,0.531055,3.415640,3.503168
